url,filename,source_page,title,context_text,link_text,file_size_bytes,content_type,last_modified,discovered_at,crawl_depth,page_title,department,doc_category,hash_id
https://siesgst.edu.in/images/Annual report_2024-25.pdf,Annual report_2024-25.pdf,https://siesgst.edu.in/,SIES | GST,Annual Report | Important Links,Annual Report,7859038,application/pdf,"Mon, 21 Jul 2025 06:45:09 GMT",2026-08-21T18:59:38.210749,0,SIES | GST,,report,d53a8f56073ca07f
https://siesgst.edu.in/images/MANDATORY DISCLOSURE April 2024.pdf,MANDATORY DISCLOSURE April 2024.pdf,https://siesgst.edu.in/,SIES | GST,Mandatory Disclosure | Important Links,Mandatory Disclosure,1174566,application/pdf,"Sat, 14 Jun 2025 13:53:08 GMT",2026-08-21T18:59:38.390352,0,SIES | GST,,general,cc77131b2e334bce
https://siesgst.edu.in/docs/IPR_Team.pdf,IPR_Team.pdf,https://siesgst.edu.in/,SIES | GST,KAPILA | Important Links,KAPILA,683477,application/pdf,"Mon, 12 Dec 2022 06:55:16 GMT",2026-08-21T18:59:38.636136,0,SIES | GST,,general,797942a8b02294c6
https://siesgst.edu.in/images/Criteria 3.2.2 Innovation Ecosystem.pdf,Criteria 3.2.2 Innovation Ecosystem.pdf,https://siesgst.edu.in/,SIES | GST,Innovation | Important Links,Innovation,457555,application/pdf,"Tue, 09 May 2023 06:22:41 GMT",2026-08-21T18:59:38.844477,0,SIES | GST,,exam,f14bc841dbf44a1e
https://siesgst.edu.in/images/moocs record.pdf,moocs record.pdf,https://siesgst.edu.in/,SIES | GST,Mooc Courses | Important Links,Mooc Courses,28277,application/pdf,"Fri, 19 Apr 2024 15:36:59 GMT",2026-08-21T18:59:39.267978,0,SIES | GST,,general,1e57c5699cc64368
https://siesgst.edu.in/images/NOTICE for IL.pdf,NOTICE for IL.pdf,https://siesgst.edu.in/,SIES | GST,Notice for the First-Year Engineering Institute Level/Management quota College Campus Tour. THE OFFICE TIMING IS 10.00 A.M. TO 5.00 P.M. Student Helpline Number : (91) 6108 2402 / 6108 2417 | Important Links,Notice for the First-Year Engineering Institute Level/Management quota,334558,application/pdf,"Thu, 20 Aug 2026 06:40:20 GMT",2026-08-21T18:59:39.455596,0,SIES | GST,Computer Engineering,notice,47c83ca482b9def1
https://siesgst.edu.in/docs/NBA Accreditation letter_2024-27.pdf,NBA Accreditation letter_2024-27.pdf,https://siesgst.edu.in/,SIES | GST,NBA Accreditation 3 STAR RATING IN MHRD-IIC NAAC Accredited The BEQET President Award D.L. Shah Quality Award | Important Links,NBA Accreditation,355421,application/pdf,"Thu, 30 Jan 2025 08:35:30 GMT",2026-08-21T18:59:39.660703,0,SIES | GST,,department,8722bb6a6aac0b0f
https://siesgst.edu.in/images/ByteCamp_2026.pdf,ByteCamp_2026.pdf,https://siesgst.edu.in/,SIES | GST,"16 Mar 26 Event Bytecamp 2026 13 Feb 26 Event Epsilon 2026 15 Mar 23 Event Model United Nations ""mun"" Website Link 15 Mar 23 Event Techxter Website Link 15 Mar 23 Event ByteCamp Website Link | Important Links",16Mar 26EventBytecamp 2026,54770243,application/pdf,"Mon, 16 Mar 2026 03:43:08 GMT",2026-08-21T18:59:39.863027,0,SIES | GST,,event,fd8c6df225531a50
https://siesgst.edu.in/docs/Epsilon Brochure-2026.pdf,Epsilon Brochure-2026.pdf,https://siesgst.edu.in/,SIES | GST,"16 Mar 26 Event Bytecamp 2026 13 Feb 26 Event Epsilon 2026 15 Mar 23 Event Model United Nations ""mun"" Website Link 15 Mar 23 Event Techxter Website Link 15 Mar 23 Event ByteCamp Website Link | Important Links",13Feb 26EventEpsilon 2026,4336607,application/pdf,"Fri, 13 Feb 2026 05:01:10 GMT",2026-08-21T18:59:40.051798,0,SIES | GST,,brochure,84cd32ce5b9ab8a7
https://siesgst.edu.in/docs/Rules.pdf,Rules.pdf,https://siesgst.edu.in/,SIES | GST,Rules | Important Links,Rules,4355452,application/pdf,"Thu, 27 Apr 2023 06:51:10 GMT",2026-08-21T18:59:40.240592,0,SIES | GST,,general,416d223a5c7cb999
https://siesgst.edu.in/docs/Internship.pdf,Internship.pdf,https://siesgst.edu.in/,SIES | GST,Internship Policy | Important Links,Internship Policy,117236,application/pdf,"Fri, 13 Aug 2021 10:20:26 GMT",2026-08-21T18:59:40.426861,0,SIES | GST,,general,441969373d62e766
https://siesgst.edu.in/docs/handbook_coc_2021.pdf,handbook_coc_2021.pdf,https://siesgst.edu.in/,SIES | GST,Code of conduct | Important Links,Code of conduct,2238864,application/pdf,"Thu, 20 Apr 2023 09:34:19 GMT",2026-08-21T18:59:40.613375,0,SIES | GST,,library,36d3ea2d73b7708f
https://siesgst.edu.in/docs/STRATEGIC_PLAN.pdf,STRATEGIC_PLAN.pdf,https://siesgst.edu.in/,SIES | GST,Strategic Plan | Important Links,Strategic Plan,4329223,application/pdf,"Thu, 20 Apr 2023 10:01:05 GMT",2026-08-21T18:59:40.799818,0,SIES | GST,,general,45a0b90cacea122d
https://siesgst.edu.in/docs/GST Floor Pan with Emergency Exits.pdf,GST Floor Pan with Emergency Exits.pdf,https://siesgst.edu.in/,SIES | GST,Emergency Exit Plan | Important Links,Emergency Exit Plan,733306,application/pdf,"Fri, 13 Aug 2021 10:59:07 GMT",2026-08-21T18:59:40.986072,0,SIES | GST,Information Technology,department,935ebfd02bda8a29
https://siesgst.edu.in/images/Strtegic Plan Deployment 2018-2025.pdf,Strtegic Plan Deployment 2018-2025.pdf,https://siesgst.edu.in/,SIES | GST,Strategic Plan Deployment 2018-2025 | Important Links,Strategic Plan Deployment 2018-2025,5531320,application/pdf,"Fri, 18 Jul 2025 04:08:42 GMT",2026-08-21T18:59:41.172753,0,SIES | GST,,department,8d34d7c8ac15ceab
https://siesgst.edu.in/docs/Terms & Condition for GST.pdf,Terms & Condition for GST.pdf,https://siesgst.edu.in/,SIES | GST,Terms & Conditions | Privacy Policy | Important Links,Terms & Conditions,116880,application/pdf,"Thu, 30 Jan 2025 09:42:31 GMT",2026-08-21T18:59:41.358968,0,SIES | GST,,department,f2765d5f4eda956f
https://siesgst.edu.in/docs/Privacy Policy - GST.pdf,Privacy Policy - GST.pdf,https://siesgst.edu.in/,SIES | GST,Terms & Conditions | Privacy Policy | Important Links,Privacy Policy,103075,application/pdf,"Fri, 20 Dec 2024 12:46:04 GMT",2026-08-21T18:59:41.544823,0,SIES | GST,,general,676082a1d8fb30c2
https://siesgst.edu.in/docs/TP_policy.pdf,TP_policy.pdf,https://siesgst.edu.in/placement,SIES | GST,T&P Policy | Objectives of T & P | Placement Highlights | Placement Statistics | 2021-22 | Pre Placement Activities | Placement Commitee | Higher Studies | Important Links,T&P Policy,130129,application/pdf,"Tue, 26 Sep 2023 01:38:12 GMT",2026-08-21T19:00:03.282523,0,SIES | GST,,general,46e58dc23798cee7
https://siesgst.edu.in/docs/TP-Details.pdf,TP-Details.pdf,https://siesgst.edu.in/placement,SIES | GST,T&P Details | Objectives of T & P | Placement Highlights | Placement Statistics | 2021-22 | Pre Placement Activities | Placement Commitee | Higher Studies | Important Links,T&P Details,108386,application/pdf,"Tue, 26 Sep 2023 01:33:34 GMT",2026-08-21T19:00:03.499052,0,SIES | GST,,general,c419dc9a1c373c1d
https://siesgst.edu.in/images/list_2024.pdf,list_2024.pdf,https://siesgst.edu.in/placement,SIES | GST,List of Placed Students in 2024 | Objectives of T & P | Placement Highlights | Placement Statistics | 2021-22 | Pre Placement Activities | Placement Commitee | Higher Studies | Important Links,List of Placed Students in 2024,545512,application/pdf,"Tue, 27 Aug 2024 10:59:24 GMT",2026-08-21T19:00:03.690812,0,SIES | GST,Computer Engineering,department,ec4d400a87ce3f1c
https://siesgst.edu.in/images/compliance/EOA Report 2026-2027.pdf,EOA Report 2026-2027.pdf,https://siesgst.edu.in/compliance-documents,SIES | GST,AICTE Approval Letter 2026-27 | AICTE Approval Letters | UoM Affiliation & Approval Letters | Fee Related Documents | Admission Approval Letters | Income & Expenditures | Important Links,AICTE Approval Letter 2026-27,223763,application/pdf,"Mon, 11 May 2026 02:16:49 GMT",2026-08-21T19:00:12.457825,1,SIES | GST,Computer Engineering,exam,53323feb4a69011a
https://siesgst.edu.in/images/compliance/EOA Report 2026-27_Hindi.pdf,EOA Report 2026-27_Hindi.pdf,https://siesgst.edu.in/compliance-documents,SIES | GST,AICTE Approval Letter 2026-27 (Hindi version) | AICTE Approval Letters | UoM Affiliation & Approval Letters | Fee Related Documents | Admission Approval Letters | Income & Expenditures | Important Links,AICTE Approval Letter 2026-27 (Hindi version),279192,application/pdf,"Mon, 11 May 2026 02:17:34 GMT",2026-08-21T19:00:12.643527,1,SIES | GST,Computer Engineering,exam,d5d868d1ca3883b3
https://siesgst.edu.in/images/compliance/EOA Report 25-26. Final PDF.pdf,EOA Report 25-26. Final PDF.pdf,https://siesgst.edu.in/compliance-documents,SIES | GST,AICTE Approval Letter 2025-26 | AICTE Approval Letters | UoM Affiliation & Approval Letters | Fee Related Documents | Admission Approval Letters | Income & Expenditures | Important Links,AICTE Approval Letter 2025-26,85163,application/pdf,"Sat, 14 Jun 2025 13:57:04 GMT",2026-08-21T19:00:12.827422,1,SIES | GST,Computer Engineering,exam,0fbcad7ba349e794
https://siesgst.edu.in/images/compliance/Corrigendum Report 2024-25.pdf,Corrigendum Report 2024-25.pdf,https://siesgst.edu.in/compliance-documents,SIES | GST,AICTE Approval Letter 2024-25 | AICTE Approval Letters | UoM Affiliation & Approval Letters | Fee Related Documents | Admission Approval Letters | Income & Expenditures | Important Links,AICTE Approval Letter 2024-25,222652,application/pdf,"Sat, 06 Jul 2024 10:17:04 GMT",2026-08-21T19:00:13.018114,1,SIES | GST,Computer Engineering,exam,fcdb1679fb7a4158
https://siesgst.edu.in/images/EOA-Report-2023-24.PDF,EOA-Report-2023-24.PDF,https://siesgst.edu.in/compliance-documents,SIES | GST,AICTE Approval Letter 2023-24 | AICTE Approval Letters | UoM Affiliation & Approval Letters | Fee Related Documents | Admission Approval Letters | Income & Expenditures | Important Links,AICTE Approval Letter 2023-24,220259,application/pdf,"Fri, 19 Apr 2024 12:10:46 GMT",2026-08-21T19:00:13.215864,1,SIES | GST,,report,3e1288ae8ba862be
https://siesgst.edu.in/images/compliance/Aicte_approval_2022-23.PDF,Aicte_approval_2022-23.PDF,https://siesgst.edu.in/compliance-documents,SIES | GST,AICTE Approval Letter 2022-23 | AICTE Approval Letters | UoM Affiliation & Approval Letters | Fee Related Documents | Admission Approval Letters | Income & Expenditures | Important Links,AICTE Approval Letter 2022-23,222239,application/pdf,"Wed, 27 Jul 2022 09:22:47 GMT",2026-08-21T19:00:13.538707,1,SIES | GST,Computer Engineering,exam,1c54c33f1a1ac17a
https://siesgst.edu.in/docs/Accreditional_Details.pdf,Accreditional_Details.pdf,https://siesgst.edu.in/compliance-documents,SIES | GST,Accreditional Details | AICTE Approval Letters | UoM Affiliation & Approval Letters | Fee Related Documents | Admission Approval Letters | Income & Expenditures | Important Links,Accreditional Details,337685,application/pdf,"Mon, 17 Feb 2025 06:03:33 GMT",2026-08-21T19:00:13.757378,1,SIES | GST,,department,47afe69a432b188b
https://siesgst.edu.in/images/compliance/3211_AICTE APPROVAL LETTER 2021-22.PDF,3211_AICTE APPROVAL LETTER 2021-22.PDF,https://siesgst.edu.in/compliance-documents,SIES | GST,AICTE Approval Letter 2021-22 | AICTE Approval Letters | UoM Affiliation & Approval Letters | Fee Related Documents | Admission Approval Letters | Income & Expenditures | Important Links,AICTE Approval Letter 2021-22,219563,application/pdf,"Tue, 16 Nov 2021 07:12:52 GMT",2026-08-21T19:00:13.956659,1,SIES | GST,Computer Engineering,exam,5ac525d2b05949e7
https://siesgst.edu.in/images/compliance/AICTE-Approval-letter-for-2020-21.PDF,AICTE-Approval-letter-for-2020-21.PDF,https://siesgst.edu.in/compliance-documents,SIES | GST,AICTE Approval Letter 2020-21 | AICTE Approval Letters | UoM Affiliation & Approval Letters | Fee Related Documents | Admission Approval Letters | Income & Expenditures | Important Links,AICTE Approval Letter 2020-21,216686,application/pdf,"Tue, 09 Nov 2021 00:47:14 GMT",2026-08-21T19:00:14.150100,1,SIES | GST,Computer Engineering,exam,c12cdca18abd23aa
https://siesgst.edu.in/images/compliance/AICTE-Approval-letter-for-2019-20.pdf,AICTE-Approval-letter-for-2019-20.pdf,https://siesgst.edu.in/compliance-documents,SIES | GST,AICTE Approval Letter 2019-20 | AICTE Approval Letters | UoM Affiliation & Approval Letters | Fee Related Documents | Admission Approval Letters | Income & Expenditures | Important Links,AICTE Approval Letter 2019-20,232295,application/pdf,"Tue, 09 Nov 2021 08:12:01 GMT",2026-08-21T19:00:14.334464,1,SIES | GST,Computer Engineering,exam,adaa62e435ec7a82
https://siesgst.edu.in/images/compliance/AICTE-Approval-letter-for-2018-19.pdf,AICTE-Approval-letter-for-2018-19.pdf,https://siesgst.edu.in/compliance-documents,SIES | GST,AICTE Approval Letter 2018-19 | AICTE Approval Letters | UoM Affiliation & Approval Letters | Fee Related Documents | Admission Approval Letters | Income & Expenditures | Important Links,AICTE Approval Letter 2018-19,230403,application/pdf,"Tue, 09 Nov 2021 08:12:44 GMT",2026-08-21T19:00:14.526399,1,SIES | GST,Computer Engineering,exam,edefc830261c4efd
https://siesgst.edu.in/images/compliance/AICTE-Approval-letter-for-2017-18.pdf,AICTE-Approval-letter-for-2017-18.pdf,https://siesgst.edu.in/compliance-documents,SIES | GST,AICTE Approval Letter 2017-18 | AICTE Approval Letters | UoM Affiliation & Approval Letters | Fee Related Documents | Admission Approval Letters | Income & Expenditures | Important Links,AICTE Approval Letter 2017-18,37730,application/pdf,"Tue, 09 Nov 2021 08:13:11 GMT",2026-08-21T19:00:14.713987,1,SIES | GST,Computer Engineering,exam,eebf7ff52852b9aa
https://siesgst.edu.in/images/compliance/Affiliation letter 2026-27.pdf,Affiliation letter 2026-27.pdf,https://siesgst.edu.in/compliance-documents,SIES | GST,UoM Approval letter 2026-27 | AICTE Approval Letters | UoM Affiliation & Approval Letters | Fee Related Documents | Admission Approval Letters | Income & Expenditures | Important Links,UoM Approval letter 2026-27,289917,application/pdf,"Thu, 30 Jul 2026 04:42:31 GMT",2026-08-21T19:00:14.903143,1,SIES | GST,Computer Engineering,exam,a9bdc2b7fed78d29
https://siesgst.edu.in/images/compliance/UoM affiliation 2024-25.pdf,UoM affiliation 2024-25.pdf,https://siesgst.edu.in/compliance-documents,SIES | GST,UoM Approval letter 2024-25 | AICTE Approval Letters | UoM Affiliation & Approval Letters | Fee Related Documents | Admission Approval Letters | Income & Expenditures | Important Links,UoM Approval letter 2024-25,4637783,application/pdf,"Thu, 30 Oct 2025 07:51:13 GMT",2026-08-21T19:00:15.100891,1,SIES | GST,Computer Engineering,exam,c68af6c2c792c8ff
https://siesgst.edu.in/images/compliance/UoM affiliation letter increase in intake IT_June 25.pdf,UoM affiliation letter increase in intake IT_June 25.pdf,https://siesgst.edu.in/compliance-documents,SIES | GST,UoM Approval letter for Increase in Intake Capacity 2025-26 | AICTE Approval Letters | UoM Affiliation & Approval Letters | Fee Related Documents | Admission Approval Letters | Income & Expenditures | Important Links,UoM Approval letter for Increase in Intake Capacity 2025-26,406680,application/pdf,"Sat, 19 Jul 2025 01:14:54 GMT",2026-08-21T19:00:15.330039,1,SIES | GST,Computer Engineering,exam,7e040bc71e8e4934
https://siesgst.edu.in/images/compliance/B.Tech. Letter_UoM.pdf,B.Tech. Letter_UoM.pdf,https://siesgst.edu.in/compliance-documents,SIES | GST,UoM Approval letter for B. Tech Courses 2025-26 | AICTE Approval Letters | UoM Affiliation & Approval Letters | Fee Related Documents | Admission Approval Letters | Income & Expenditures | Important Links,UoM Approval letter for B. Tech Courses 2025-26,229996,application/pdf,"Sat, 19 Jul 2025 01:15:29 GMT",2026-08-21T19:00:15.550220,1,SIES | GST,Computer Engineering,exam,e0b3bb5a780edd60
https://siesgst.edu.in/images/3211_UNIVERSITY APPROVAL LETTER.pdf,3211_UNIVERSITY APPROVAL LETTER.pdf,https://siesgst.edu.in/compliance-documents,SIES | GST,University Approval Letter 2023-24 | AICTE Approval Letters | UoM Affiliation & Approval Letters | Fee Related Documents | Admission Approval Letters | Income & Expenditures | Important Links,University Approval Letter 2023-24,228977,application/pdf,"Fri, 19 Apr 2024 12:13:38 GMT",2026-08-21T19:00:15.834737,1,SIES | GST,,department,ae2c00ac07df2bc4
https://siesgst.edu.in/images/compliance/EN_3211 _Affiliation letter 2022-23.pdf,EN_3211 _Affiliation letter 2022-23.pdf,https://siesgst.edu.in/compliance-documents,SIES | GST,Affiliation Approval Letter First Year 2022-23 | AICTE Approval Letters | UoM Affiliation & Approval Letters | Fee Related Documents | Admission Approval Letters | Income & Expenditures | Important Links,Affiliation Approval Letter First Year 2022-23,228471,application/pdf,"Thu, 15 Sep 2022 08:00:51 GMT",2026-08-21T19:00:16.168089,1,SIES | GST,Computer Engineering,exam,89494e3836c1f1b1
https://siesgst.edu.in/images/compliance/Fee structure_UG Courses_2026-27 (1).pdf,Fee structure_UG Courses_2026-27 (1).pdf,https://siesgst.edu.in/compliance-documents,SIES | GST,Fee Details 2026-27 | AICTE Approval Letters | UoM Affiliation & Approval Letters | Fee Related Documents | Admission Approval Letters | Income & Expenditures | Important Links,Fee Details 2026-27,149688,application/pdf,"Thu, 30 Jul 2026 04:46:42 GMT",2026-08-21T19:00:16.358084,1,SIES | GST,Computer Engineering,exam,deaa5dbf35706b55
https://siesgst.edu.in/images/Fee structure_UG & PG 2025-26.pdf,Fee structure_UG & PG 2025-26.pdf,https://siesgst.edu.in/compliance-documents,SIES | GST,Fee Details 2025-26 | AICTE Approval Letters | UoM Affiliation & Approval Letters | Fee Related Documents | Admission Approval Letters | Income & Expenditures | Important Links,Fee Details 2025-26,155151,application/pdf,"Fri, 26 Sep 2025 12:44:27 GMT",2026-08-21T19:00:16.544033,1,SIES | GST,,admission,af4a38e6b6ae8a3b
https://siesgst.edu.in/images/Computation sheet_UG.pdf,Computation sheet_UG.pdf,https://siesgst.edu.in/compliance-documents,SIES | GST,"""FEE PROPOSAL SUBMITTED TO FEE REGULATING AUTHORITY (UG)"" FOR THE YEAR 2025-26 | AICTE Approval Letters | UoM Affiliation & Approval Letters | Fee Related Documents | Admission Approval Letters | Income & Expenditures | Important Links","""FEE PROPOSAL SUBMITTED TO FEE REGULATING AUTHORITY (UG)"" FOR THE YEAR 2025-26",161921,application/pdf,"Mon, 30 Dec 2024 08:00:59 GMT",2026-08-21T19:00:16.734402,1,SIES | GST,Computer Engineering,exam,6e5eb1cbb6aef466
https://siesgst.edu.in/images/Computation sheet _PG.pdf,Computation sheet _PG.pdf,https://siesgst.edu.in/compliance-documents,SIES | GST,"""FEE PROPOSAL SUBMITTED TO FEE REGULATING AUTHORITY (PG)"" FOR THE YEAR 2025-26 | AICTE Approval Letters | UoM Affiliation & Approval Letters | Fee Related Documents | Admission Approval Letters | Income & Expenditures | Important Links","""FEE PROPOSAL SUBMITTED TO FEE REGULATING AUTHORITY (PG)"" FOR THE YEAR 2025-26",160580,application/pdf,"Mon, 30 Dec 2024 08:01:51 GMT",2026-08-21T19:00:16.922486,1,SIES | GST,Computer Engineering,exam,871381db04f45318
https://siesgst.edu.in/images/Fee proposal 2024-25 submitted to Fee Regulatory Authority.pdf,Fee proposal 2024-25 submitted to Fee Regulatory Authority.pdf,https://siesgst.edu.in/compliance-documents,SIES | GST,Fee proposal submitted to Fee Regulating Authority for the year 2024-25 | AICTE Approval Letters | UoM Affiliation & Approval Letters | Fee Related Documents | Admission Approval Letters | Income & Expenditures | Important Links,Fee proposal submitted to Fee Regulating Authority for the year 2024-25,140488,application/pdf,"Tue, 05 Dec 2023 04:26:23 GMT",2026-08-21T19:00:17.112052,1,SIES | GST,,exam,f899a0ac7b421ed0
https://siesgst.edu.in/images/compliance/FEE PROPOSAL SUBMITTED TO FRA_23-24.pdf,FEE PROPOSAL SUBMITTED TO FRA_23-24.pdf,https://siesgst.edu.in/compliance-documents,SIES | GST,Fee proposal submitted to Fee Regulating Authority for the year 2023-24 | AICTE Approval Letters | UoM Affiliation & Approval Letters | Fee Related Documents | Admission Approval Letters | Income & Expenditures | Important Links,Fee proposal submitted to Fee Regulating Authority for the year 2023-24,1430011,application/pdf,"Mon, 28 Nov 2022 14:54:07 GMT",2026-08-21T19:00:17.299093,1,SIES | GST,Computer Engineering,exam,64d31a2dbdf3119e
https://siesgst.edu.in/images/compliance/fees_2022-23.pdf,fees_2022-23.pdf,https://siesgst.edu.in/compliance-documents,SIES | GST,Fee for the year 2022-23 | AICTE Approval Letters | UoM Affiliation & Approval Letters | Fee Related Documents | Admission Approval Letters | Income & Expenditures | Important Links,Fee for the year 2022-23,204443,application/pdf,"Wed, 27 Jul 2022 09:25:55 GMT",2026-08-21T19:00:17.499231,1,SIES | GST,Computer Engineering,exam,1df23163c490c0c6
https://siesgst.edu.in/images/compliance/Fee Proposal 2020-21 (1).pdf,Fee Proposal 2020-21 (1).pdf,https://siesgst.edu.in/compliance-documents,SIES | GST,Fee Proposal 2020-21 | AICTE Approval Letters | UoM Affiliation & Approval Letters | Fee Related Documents | Admission Approval Letters | Income & Expenditures | Important Links,Fee Proposal 2020-21,132052,application/pdf,"Tue, 09 Nov 2021 08:38:56 GMT",2026-08-21T19:00:18.112859,1,SIES | GST,Computer Engineering,exam,bfe8c663ef6baf5a
"https://siesgst.edu.in/images/compliance/DSE-24-25 Admissions Regulating Authority, Maharashtra State, Mumbai (1).pdf","DSE-24-25 Admissions Regulating Authority, Maharashtra State, Mumbai (1).pdf",https://siesgst.edu.in/compliance-documents,SIES | GST,Admission Approval Letter Direct Second Year 2024-25 | AICTE Approval Letters | UoM Affiliation & Approval Letters | Fee Related Documents | Admission Approval Letters | Income & Expenditures | Important Links,Admission Approval Letter Direct Second Year 2024-25,522580,application/pdf,"Thu, 30 Jul 2026 05:15:38 GMT",2026-08-21T19:00:18.570045,1,SIES | GST,Computer Engineering,exam,5ef39ca8c67d3868
https://siesgst.edu.in/images/compliance/PG ARA APPROVED LIST 2024-25.pdf,PG ARA APPROVED LIST 2024-25.pdf,https://siesgst.edu.in/compliance-documents,SIES | GST,Admission Approval Letter Post Graduation (M.E.) 2024-25 | AICTE Approval Letters | UoM Affiliation & Approval Letters | Fee Related Documents | Admission Approval Letters | Income & Expenditures | Important Links,Admission Approval Letter Post Graduation (M.E.) 2024-25,4745,application/pdf,"Wed, 29 Oct 2025 02:59:37 GMT",2026-08-21T19:00:18.984446,1,SIES | GST,Computer Engineering,exam,c0ad01b2aeea7c1c
https://siesgst.edu.in/images/compliance/FE ARA APPROVED LIST 2024-25.pdf,FE ARA APPROVED LIST 2024-25.pdf,https://siesgst.edu.in/compliance-documents,SIES | GST,Admission Approval Letter First Year 2024-25 | AICTE Approval Letters | UoM Affiliation & Approval Letters | Fee Related Documents | Admission Approval Letters | Income & Expenditures | Important Links,Admission Approval Letter First Year 2024-25,155159,application/pdf,"Wed, 29 Oct 2025 03:01:12 GMT",2026-08-21T19:00:19.355355,1,SIES | GST,Computer Engineering,exam,d515a02adc828d7c
https://siesgst.edu.in/images/compliance/DSE3211_2021-22.pdf,DSE3211_2021-22.pdf,https://siesgst.edu.in/compliance-documents,SIES | GST,Admission Approval Letter Direct Second Year(2) 2021-22 | AICTE Approval Letters | UoM Affiliation & Approval Letters | Fee Related Documents | Admission Approval Letters | Income & Expenditures | Important Links,Admission Approval Letter Direct Second Year(2) 2021-22,61586,application/pdf,"Mon, 21 Jul 2025 10:51:02 GMT",2026-08-21T19:00:19.677311,1,SIES | GST,Computer Engineering,exam,fc99b4ea6f5fd926
https://siesgst.edu.in/images/compliance/ME3211 2023-24.pdf,ME3211 2023-24.pdf,https://siesgst.edu.in/compliance-documents,SIES | GST,Admission Approval Letter Post Graduation (M.E.) 2023-24 | AICTE Approval Letters | UoM Affiliation & Approval Letters | Fee Related Documents | Admission Approval Letters | Income & Expenditures | Important Links,Admission Approval Letter Post Graduation (M.E.) 2023-24,125474,application/pdf,"Mon, 16 Jun 2025 10:26:02 GMT",2026-08-21T19:00:19.869449,1,SIES | GST,Computer Engineering,exam,5eb0e2e63d698f90
https://siesgst.edu.in/images/3211_DSE_23-24.pdf,3211_DSE_23-24.pdf,https://siesgst.edu.in/compliance-documents,SIES | GST,Admission Approval Letter Direct Second Year 2023-24 | AICTE Approval Letters | UoM Affiliation & Approval Letters | Fee Related Documents | Admission Approval Letters | Income & Expenditures | Important Links,Admission Approval Letter Direct Second Year 2023-24,517823,application/pdf,"Mon, 16 Jun 2025 09:26:47 GMT",2026-08-21T19:00:20.068133,1,SIES | GST,,admission,5ce40daa7ddd8c9b
https://siesgst.edu.in/images/compliance/3211_23-24.pdf,3211_23-24.pdf,https://siesgst.edu.in/compliance-documents,SIES | GST,Admission Approval Letter First Year 2023-24 | AICTE Approval Letters | UoM Affiliation & Approval Letters | Fee Related Documents | Admission Approval Letters | Income & Expenditures | Important Links,Admission Approval Letter First Year 2023-24,2870482,application/pdf,"Mon, 16 Jun 2025 10:17:57 GMT",2026-08-21T19:00:20.262368,1,SIES | GST,Computer Engineering,exam,3fc0423f3f2462ba
https://siesgst.edu.in/images/PG_22-23.pdf,PG_22-23.pdf,https://siesgst.edu.in/compliance-documents,SIES | GST,Admission Approval Letter Post Graduation (M.E.) 2022-23 | AICTE Approval Letters | UoM Affiliation & Approval Letters | Fee Related Documents | Admission Approval Letters | Income & Expenditures | Important Links,Admission Approval Letter Post Graduation (M.E.) 2022-23,459144,application/pdf,"Mon, 16 Jun 2025 09:21:35 GMT",2026-08-21T19:00:20.453533,1,SIES | GST,,admission,9f94544a2b819a35
https://siesgst.edu.in/images/3211_DSE_22-23.pdf,3211_DSE_22-23.pdf,https://siesgst.edu.in/compliance-documents,SIES | GST,Admission Approval Letter Direct Second Year 2022-23 | AICTE Approval Letters | UoM Affiliation & Approval Letters | Fee Related Documents | Admission Approval Letters | Income & Expenditures | Important Links,Admission Approval Letter Direct Second Year 2022-23,2277571,application/pdf,"Mon, 16 Jun 2025 09:18:55 GMT",2026-08-21T19:00:20.646691,1,SIES | GST,,admission,f6a7ded951144743
https://siesgst.edu.in/images/3211_2022-23.pdf,3211_2022-23.pdf,https://siesgst.edu.in/compliance-documents,SIES | GST,Admission Approval Letter First Year 2022-23 | AICTE Approval Letters | UoM Affiliation & Approval Letters | Fee Related Documents | Admission Approval Letters | Income & Expenditures | Important Links,Admission Approval Letter First Year 2022-23,9849963,application/pdf,"Mon, 16 Jun 2025 09:12:11 GMT",2026-08-21T19:00:20.916486,1,SIES | GST,,admission,2a9724559f87f208
https://siesgst.edu.in/images/compliance/ME ARA 2021-22.pdf,ME ARA 2021-22.pdf,https://siesgst.edu.in/compliance-documents,SIES | GST,Admission Approval Letter Post Graduation (M.E.) 2021-22 | AICTE Approval Letters | UoM Affiliation & Approval Letters | Fee Related Documents | Admission Approval Letters | Income & Expenditures | Important Links,Admission Approval Letter Post Graduation (M.E.) 2021-22,131927,application/pdf,"Mon, 16 Jun 2025 10:21:20 GMT",2026-08-21T19:00:21.102523,1,SIES | GST,Computer Engineering,exam,0862049e84c01a82
https://siesgst.edu.in/images/compliance/DSE ARA 2021-22.pdf,DSE ARA 2021-22.pdf,https://siesgst.edu.in/compliance-documents,SIES | GST,Admission Approval Letter Direct Second Year 2021-22 | AICTE Approval Letters | UoM Affiliation & Approval Letters | Fee Related Documents | Admission Approval Letters | Income & Expenditures | Important Links,Admission Approval Letter Direct Second Year 2021-22,520703,application/pdf,"Mon, 16 Jun 2025 10:21:18 GMT",2026-08-21T19:00:21.288428,1,SIES | GST,Computer Engineering,exam,420b1b5c4a7cd783
https://siesgst.edu.in/images/compliance/FE ARA list 2021-22.pdf,FE ARA list 2021-22.pdf,https://siesgst.edu.in/compliance-documents,SIES | GST,Admission Approval Letter First Year 2021-22 | AICTE Approval Letters | UoM Affiliation & Approval Letters | Fee Related Documents | Admission Approval Letters | Income & Expenditures | Important Links,Admission Approval Letter First Year 2021-22,2652785,application/pdf,"Mon, 16 Jun 2025 10:21:24 GMT",2026-08-21T19:00:21.474715,1,SIES | GST,Computer Engineering,exam,550308099f1036f8
https://siesgst.edu.in/images/compliance/Admission Approval Letter 2020-21_First Year Engg..pdf,Admission Approval Letter 2020-21_First Year Engg..pdf,https://siesgst.edu.in/compliance-documents,SIES | GST,Admission Approval Letter First Year 2020-21 | AICTE Approval Letters | UoM Affiliation & Approval Letters | Fee Related Documents | Admission Approval Letters | Income & Expenditures | Important Links,Admission Approval Letter First Year 2020-21,1744892,application/pdf,"Tue, 09 Nov 2021 08:18:24 GMT",2026-08-21T19:00:21.660984,1,SIES | GST,Computer Engineering,exam,fd0fdaab22644470
https://siesgst.edu.in/images/compliance/Admission Approval Letter 2020-21_Direct Second Year Engg..pdf,Admission Approval Letter 2020-21_Direct Second Year Engg..pdf,https://siesgst.edu.in/compliance-documents,SIES | GST,Admission Approval Letter Direct Second year 2020-21 | AICTE Approval Letters | UoM Affiliation & Approval Letters | Fee Related Documents | Admission Approval Letters | Income & Expenditures | Important Links,Admission Approval Letter Direct Second year 2020-21,644710,application/pdf,"Tue, 09 Nov 2021 08:19:22 GMT",2026-08-21T19:00:21.849244,1,SIES | GST,Computer Engineering,exam,ceaab51818f150f7
https://siesgst.edu.in/images/compliance/01013211.pdf,01013211.pdf,https://siesgst.edu.in/compliance-documents,SIES | GST,Admission Approval Letter First Year 2019-20 | AICTE Approval Letters | UoM Affiliation & Approval Letters | Fee Related Documents | Admission Approval Letters | Income & Expenditures | Important Links,Admission Approval Letter First Year 2019-20,891188,application/pdf,"Thu, 27 Apr 2023 07:10:41 GMT",2026-08-21T19:00:22.037291,1,SIES | GST,Computer Engineering,exam,3cfa56edd8d7182a
https://siesgst.edu.in/images/compliance/DSE ARA 2019-20.pdf,DSE ARA 2019-20.pdf,https://siesgst.edu.in/compliance-documents,SIES | GST,Admission Approval Letter Direct Second Year 2019-20 | AICTE Approval Letters | UoM Affiliation & Approval Letters | Fee Related Documents | Admission Approval Letters | Income & Expenditures | Important Links,Admission Approval Letter Direct Second Year 2019-20,178664,application/pdf,"Thu, 27 Apr 2023 07:29:02 GMT",2026-08-21T19:00:22.224200,1,SIES | GST,Computer Engineering,exam,4724589c9e4293c4
https://siesgst.edu.in/images/compliance/Admission approval letter 2018-19 (1).pdf,Admission approval letter 2018-19 (1).pdf,https://siesgst.edu.in/compliance-documents,SIES | GST,Admission Approval Letter 2018-19 | AICTE Approval Letters | UoM Affiliation & Approval Letters | Fee Related Documents | Admission Approval Letters | Income & Expenditures | Important Links,Admission Approval Letter 2018-19,474947,application/pdf,"Tue, 09 Nov 2021 08:26:12 GMT",2026-08-21T19:00:22.411175,1,SIES | GST,Computer Engineering,exam,06437efb7cddfca3
https://siesgst.edu.in/images/compliance/Admission approval letter 2017-18 (1).pdf,Admission approval letter 2017-18 (1).pdf,https://siesgst.edu.in/compliance-documents,SIES | GST,Admission Approval Letter 2017-18 | AICTE Approval Letters | UoM Affiliation & Approval Letters | Fee Related Documents | Admission Approval Letters | Income & Expenditures | Important Links,Admission Approval Letter 2017-18,536029,application/pdf,"Tue, 09 Nov 2021 08:27:00 GMT",2026-08-21T19:00:22.597905,1,SIES | GST,Computer Engineering,exam,201a3e008837bbc7
https://siesgst.edu.in/images/compliance/Admission approval letter 2016-17 (1).pdf,Admission approval letter 2016-17 (1).pdf,https://siesgst.edu.in/compliance-documents,SIES | GST,Admission Approval Letter 2016-17 | AICTE Approval Letters | UoM Affiliation & Approval Letters | Fee Related Documents | Admission Approval Letters | Income & Expenditures | Important Links,Admission Approval Letter 2016-17,550648,application/pdf,"Tue, 09 Nov 2021 08:28:18 GMT",2026-08-21T19:00:22.783859,1,SIES | GST,Computer Engineering,exam,fb9f46c5bda1b404
https://siesgst.edu.in/images/compliance/AUDIT REPORT 2021-22.pdf,AUDIT REPORT 2021-22.pdf,https://siesgst.edu.in/compliance-documents,SIES | GST,Income & Expenditure 2021-22 | AICTE Approval Letters | UoM Affiliation & Approval Letters | Fee Related Documents | Admission Approval Letters | Income & Expenditures | Important Links,Income & Expenditure 2021-22,852344,application/pdf,"Thu, 27 Apr 2023 07:07:28 GMT",2026-08-21T19:00:22.971998,1,SIES | GST,Computer Engineering,exam,3cab3f11f9e3410a
https://siesgst.edu.in/images/compliance/AUDIT REPORT 2020-21.pdf,AUDIT REPORT 2020-21.pdf,https://siesgst.edu.in/compliance-documents,SIES | GST,Income & Expenditure 2020-21 | AICTE Approval Letters | UoM Affiliation & Approval Letters | Fee Related Documents | Admission Approval Letters | Income & Expenditures | Important Links,Income & Expenditure 2020-21,1331362,application/pdf,"Thu, 27 Apr 2023 07:06:49 GMT",2026-08-21T19:00:23.161680,1,SIES | GST,Computer Engineering,exam,8cdb79029d783630
https://siesgst.edu.in/images/compliance/GST Audit Report 2019-20.pdf,GST Audit Report 2019-20.pdf,https://siesgst.edu.in/compliance-documents,SIES | GST,Income & Expenditure 2019-20 | AICTE Approval Letters | UoM Affiliation & Approval Letters | Fee Related Documents | Admission Approval Letters | Income & Expenditures | Important Links,Income & Expenditure 2019-20,927494,application/pdf,"Tue, 09 Nov 2021 08:31:40 GMT",2026-08-21T19:00:23.350517,1,SIES | GST,Computer Engineering,exam,2e02bc50519b46c1
https://siesgst.edu.in/images/compliance/Income & Expenditure 2018-19 (1).pdf,Income & Expenditure 2018-19 (1).pdf,https://siesgst.edu.in/compliance-documents,SIES | GST,Income & Expenditure 2018-19 | AICTE Approval Letters | UoM Affiliation & Approval Letters | Fee Related Documents | Admission Approval Letters | Income & Expenditures | Important Links,Income & Expenditure 2018-19,694539,application/pdf,"Tue, 09 Nov 2021 08:32:49 GMT",2026-08-21T19:00:23.538593,1,SIES | GST,Computer Engineering,exam,8363a9fb6afc5b90
https://siesgst.edu.in/images/compliance/Income & Expenditure 2017-18 (1).pdf,Income & Expenditure 2017-18 (1).pdf,https://siesgst.edu.in/compliance-documents,SIES | GST,Income & Expenditure 2017-18 | AICTE Approval Letters | UoM Affiliation & Approval Letters | Fee Related Documents | Admission Approval Letters | Income & Expenditures | Important Links,Income & Expenditure 2017-18,686883,application/pdf,"Tue, 09 Nov 2021 08:33:30 GMT",2026-08-21T19:00:23.726659,1,SIES | GST,Computer Engineering,exam,c4a2988e53d4ee4c
https://siesgst.edu.in/images/compliance/Income & Expenditure 2016-17 (1).pdf,Income & Expenditure 2016-17 (1).pdf,https://siesgst.edu.in/compliance-documents,SIES | GST,Income & Expenditure 2016-17 | AICTE Approval Letters | UoM Affiliation & Approval Letters | Fee Related Documents | Admission Approval Letters | Income & Expenditures | Important Links,Income & Expenditure 2016-17,706703,application/pdf,"Tue, 09 Nov 2021 08:34:04 GMT",2026-08-21T19:00:23.915783,1,SIES | GST,Computer Engineering,exam,1d832ba651a6d3a1
https://siesgst.edu.in/images/Anti ragging measures.pdf,Anti ragging measures.pdf,https://siesgst.edu.in/committee_gstcontent,SIES | GST,"Anti Ragging Committee Sr. No. Name Designation Position in Committee 1 Dr. K Lakshmisudha Principal Chairperson 2 Dr. Vimala Elengo Faculty, H&AS Coordinator 3 Mr. Bhaumenand Naikawadi Civil/Police administration Member 4 Mr. Manoj Jalanwala Senior reporter, Maharashtra Times, Navi Mumbai. Member 5",Anti-Ragging Measures,109746,application/pdf,"Sat, 19 Jul 2025 08:03:16 GMT",2026-08-21T19:00:28.791210,1,SIES | GST,,department,60cf228776f38673
https://siesgst.edu.in/images/Grieviance_Redressal_policy_2022.pdf,Grieviance_Redressal_policy_2022.pdf,https://siesgst.edu.in/committee_gstcontent,SIES | GST,Grievance Redressal policy | Governing Body | Roles and Responsibilities: | Frequency of Meetings: | College Development Committee | Roles and Responsibilities: | Frequency of Meetings: | Academic Council | Roles and Responsibilities: | Frequency of Meetings: | Finance Committee | Roles and Responsi,Grievance Redressal policy,228825,application/pdf,"Sun, 11 Sep 2022 04:59:02 GMT",2026-08-21T19:00:29.416041,1,SIES | GST,Computer Engineering,exam,430e6fd2533cf73c
https://siesgst.edu.in/images/FDP Report on UHV.pdf,FDP Report on UHV.pdf,https://siesgst.edu.in/committee_gstcontent,SIES | GST,"UHV Cell About UHV Universal Human Values (UHV) is an educational initiative aimed at nurturing a holistic perspective in students, enabling them to lead meaningful, responsible, and fulfilling lives. It focuses on self-exploration, understanding human aspirations, building harmonious relationships,",Activities conducted,1092923,application/pdf,"Wed, 23 Jul 2025 17:16:34 GMT",2026-08-21T19:00:29.639218,1,SIES | GST,,report,91c430189984d76c
https://siesgst.edu.in/images/2025-26_FE Induction Report.pdf,2025-26_FE Induction Report.pdf,https://siesgst.edu.in/first-year-engineering,SIES | GST,First Year Induction Report 2025-26 | Objectives | Induction program for First Year Engineering students | Our Special Initiatives | First Year Engineering : Objectives | First Year Engineering : Induction Reports | First Year Engineering : Technical Staff | First Year Engineering : Laboratories | F,First Year Induction Report 2025-26,1705266,application/pdf,"Mon, 22 Dec 2025 04:05:01 GMT",2026-08-21T19:00:31.329228,1,SIES | GST,,report,42ead541b911e0e0
https://siesgst.edu.in/images/2024-25-FE Induction Report_Sanned.pdf,2024-25-FE Induction Report_Sanned.pdf,https://siesgst.edu.in/first-year-engineering,SIES | GST,First Year Induction Report 2024-25 | Objectives | Induction program for First Year Engineering students | Our Special Initiatives | First Year Engineering : Objectives | First Year Engineering : Induction Reports | First Year Engineering : Technical Staff | First Year Engineering : Laboratories | F,First Year Induction Report 2024-25,3777456,application/pdf,"Fri, 28 Mar 2025 10:06:43 GMT",2026-08-21T19:00:31.522845,1,SIES | GST,,report,376c1ea2a43f568c
https://siesgst.edu.in/images/2023-24_FE Induction Report-Scanned.pdf,2023-24_FE Induction Report-Scanned.pdf,https://siesgst.edu.in/first-year-engineering,SIES | GST,First Year Induction Report 2023-24 | Objectives | Induction program for First Year Engineering students | Our Special Initiatives | First Year Engineering : Objectives | First Year Engineering : Induction Reports | First Year Engineering : Technical Staff | First Year Engineering : Laboratories | F,First Year Induction Report 2023-24,4197508,application/pdf,"Fri, 19 Apr 2024 15:08:26 GMT",2026-08-21T19:00:31.716428,1,SIES | GST,,report,83102e74137fd038
https://siesgst.edu.in/images/FE Induction report AY2022-23.pdf,FE Induction report AY2022-23.pdf,https://siesgst.edu.in/first-year-engineering,SIES | GST,First Year Induction Report 2022-23 | Objectives | Induction program for First Year Engineering students | Our Special Initiatives | First Year Engineering : Objectives | First Year Engineering : Induction Reports | First Year Engineering : Technical Staff | First Year Engineering : Laboratories | F,First Year Induction Report 2022-23,1334863,application/pdf,"Mon, 10 Jul 2023 10:28:12 GMT",2026-08-21T19:00:31.910716,1,SIES | GST,,report,803a951803f60daf
https://siesgst.edu.in/docs/FE-IC-2021.pdf,FE-IC-2021.pdf,https://siesgst.edu.in/first-year-engineering,SIES | GST,First Year Induction Report 2021 | Objectives | Induction program for First Year Engineering students | Our Special Initiatives | First Year Engineering : Objectives | First Year Engineering : Induction Reports | First Year Engineering : Technical Staff | First Year Engineering : Laboratories | Firs,First Year Induction Report 2021,10610940,application/pdf,"Thu, 12 Aug 2021 11:45:10 GMT",2026-08-21T19:00:32.109272,1,SIES | GST,,report,8a6496c30fb1259d
https://siesgst.edu.in/images/2019-20 FE InductionReport.pdf,2019-20 FE InductionReport.pdf,https://siesgst.edu.in/first-year-engineering,SIES | GST,First Year Induction Report 2019- 20 | Objectives | Induction program for First Year Engineering students | Our Special Initiatives | First Year Engineering : Objectives | First Year Engineering : Induction Reports | First Year Engineering : Technical Staff | First Year Engineering : Laboratories | ,First Year Induction Report 2019-20,280161,application/pdf,"Fri, 19 Apr 2024 15:10:49 GMT",2026-08-21T19:00:32.304170,1,SIES | GST,,report,e82dc23aacd72774
https://siesgst.edu.in/docs/FE-IC-2019.pdf,FE-IC-2019.pdf,https://siesgst.edu.in/first-year-engineering,SIES | GST,First Year Induction Report 2019 | Objectives | Induction program for First Year Engineering students | Our Special Initiatives | First Year Engineering : Objectives | First Year Engineering : Induction Reports | First Year Engineering : Technical Staff | First Year Engineering : Laboratories | Firs,First Year Induction Report 2019,1526170,application/pdf,"Thu, 12 Aug 2021 11:45:07 GMT",2026-08-21T19:00:32.497699,1,SIES | GST,,report,60cbb5ed361e050a
https://siesgst.edu.in/docs/FE-IC-2018.pdf,FE-IC-2018.pdf,https://siesgst.edu.in/first-year-engineering,SIES | GST,First Year Induction Report 2018 | Objectives | Induction program for First Year Engineering students | Our Special Initiatives | First Year Engineering : Objectives | First Year Engineering : Induction Reports | First Year Engineering : Technical Staff | First Year Engineering : Laboratories | Firs,First Year Induction Report 2018,1626729,application/pdf,"Thu, 12 Aug 2021 11:45:05 GMT",2026-08-21T19:00:32.693732,1,SIES | GST,,report,c010f2f2c537f4d5
https://siesgst.edu.in/images/FE Scheme & Syllabus 2024-25.pdf,FE Scheme & Syllabus 2024-25.pdf,https://siesgst.edu.in/first-year-engineering,SIES | GST,FE Scheme and Syllabus 2024-25 (R-24) | Objectives | Induction program for First Year Engineering students | Our Special Initiatives | First Year Engineering : Objectives | First Year Engineering : Induction Reports | First Year Engineering : Technical Staff | First Year Engineering : Laboratories |,FE Scheme and Syllabus 2024-25 (R-24),909196,application/pdf,"Fri, 28 Mar 2025 10:01:54 GMT",2026-08-21T19:00:32.887640,1,SIES | GST,Mechanical,syllabus,697ab933436250ac
https://siesgst.edu.in/docs/humfe.pdf,humfe.pdf,https://siesgst.edu.in/first-year-engineering,SIES | GST,FE Syllabus R-2019 | Objectives | Induction program for First Year Engineering students | Our Special Initiatives | First Year Engineering : Objectives | First Year Engineering : Induction Reports | First Year Engineering : Technical Staff | First Year Engineering : Laboratories | First Year Enginee,FE Syllabus R-2019,1584349,application/pdf,"Thu, 12 Aug 2021 11:45:33 GMT",2026-08-21T19:00:33.081583,1,SIES | GST,,syllabus,ff4ea583af748b29
https://siesgst.edu.in/docs/fehum.pdf,fehum.pdf,https://siesgst.edu.in/first-year-engineering,SIES | GST,FE Syllabus R-2016 | Objectives | Induction program for First Year Engineering students | Our Special Initiatives | First Year Engineering : Objectives | First Year Engineering : Induction Reports | First Year Engineering : Technical Staff | First Year Engineering : Laboratories | First Year Enginee,FE Syllabus R-2016,567440,application/pdf,"Thu, 12 Aug 2021 11:45:13 GMT",2026-08-21T19:00:33.274257,1,SIES | GST,,syllabus,0ad739403b3a3115
https://siesgst.edu.in/images/FY_B Tech_Jan2026.pdf,FY_B Tech_Jan2026.pdf,https://siesgst.edu.in/first-year-engineering,SIES | GST,Time table FY B. Tech. FH2026 Revised FY BTech. Class Timetable w.e.f. 15th September 2025 Time Table B.Tech Sem I SH2025 Time table Sem II FH2025 Time table Sem I SH2024 | Objectives | Induction program for First Year Engineering students | Our Special Initiatives | First Year Engineering : Objecti,Time table FY B. Tech. FH2026,390383,application/pdf,"Sat, 31 Jan 2026 04:05:25 GMT",2026-08-21T19:00:33.467461,1,SIES | GST,Mechanical,timetable,f6d024eecbaa4685
https://siesgst.edu.in/images/FYBTech SH2025 TT.pdf,FYBTech SH2025 TT.pdf,https://siesgst.edu.in/first-year-engineering,SIES | GST,Revised FY BTech. Class Timetable w.e.f. 15th September 2025 | Objectives | Induction program for First Year Engineering students | Our Special Initiatives | First Year Engineering : Objectives | First Year Engineering : Induction Reports | First Year Engineering : Technical Staff | First Year Engin,,3414562,application/pdf,"Fri, 12 Sep 2025 08:53:33 GMT",2026-08-21T19:00:33.661032,1,SIES | GST,,general,c619a4f006e3619b
https://siesgst.edu.in/images/FYB.Tech_15 Sept.pdf,FYB.Tech_15 Sept.pdf,https://siesgst.edu.in/first-year-engineering,SIES | GST,Revised FY BTech. Class Timetable w.e.f. 15th September 2025 | Objectives | Induction program for First Year Engineering students | Our Special Initiatives | First Year Engineering : Objectives | First Year Engineering : Induction Reports | First Year Engineering : Technical Staff | First Year Engin,Revised FY BTech. Class Timetable w.e.f. 15th September 2025,1109258,application/pdf,"Mon, 15 Sep 2025 01:39:36 GMT",2026-08-21T19:00:33.854563,1,SIES | GST,,timetable,901380db133f98cc
https://siesgst.edu.in/images/Class TT Sem II FH2025.pdf,Class TT Sem II FH2025.pdf,https://siesgst.edu.in/first-year-engineering,SIES | GST,Time table Sem II FH2025 | Objectives | Induction program for First Year Engineering students | Our Special Initiatives | First Year Engineering : Objectives | First Year Engineering : Induction Reports | First Year Engineering : Technical Staff | First Year Engineering : Laboratories | First Year E,Time table Sem II FH2025,1380481,application/pdf,"Sun, 29 Jun 2025 13:57:55 GMT",2026-08-21T19:00:34.049060,1,SIES | GST,Mechanical,timetable,8721fb7990105a42
https://siesgst.edu.in/images/Class TT Sem I SH2024.pdf,Class TT Sem I SH2024.pdf,https://siesgst.edu.in/first-year-engineering,SIES | GST,Time table FY B. Tech. FH2026 Revised FY BTech. Class Timetable w.e.f. 15th September 2025 Time Table B.Tech Sem I SH2025 Time table Sem II FH2025 Time table Sem I SH2024 | Objectives | Induction program for First Year Engineering students | Our Special Initiatives | First Year Engineering : Objecti,Time table Sem I SH2024,1414494,application/pdf,"Sun, 29 Jun 2025 13:59:45 GMT",2026-08-21T19:00:34.243201,1,SIES | GST,Mechanical,timetable,4a474067e78efecd
https://siesgst.edu.in/images/FE SEM II_FH2025_Academic Calendar.pdf,FE SEM II_FH2025_Academic Calendar.pdf,https://siesgst.edu.in/first-year-engineering,SIES | GST,Academic Calendar Sem II FH2025 Academic Calendar Sem I SH2024 | Objectives | Induction program for First Year Engineering students | Our Special Initiatives | First Year Engineering : Objectives | First Year Engineering : Induction Reports | First Year Engineering : Technical Staff | First Year Eng,Academic Calendar Sem II FH2025,439685,application/pdf,"Sun, 29 Jun 2025 14:02:59 GMT",2026-08-21T19:00:34.436738,1,SIES | GST,,academic_calendar,352bee04c1b2c1fc
https://siesgst.edu.in/images/FE SEM I Academic calendar SH2024.pdf,FE SEM I Academic calendar SH2024.pdf,https://siesgst.edu.in/first-year-engineering,SIES | GST,Academic Calendar Sem II FH2025 Academic Calendar Sem I SH2024 | Objectives | Induction program for First Year Engineering students | Our Special Initiatives | First Year Engineering : Objectives | First Year Engineering : Induction Reports | First Year Engineering : Technical Staff | First Year Eng,Academic Calendar Sem I SH2024,530936,application/pdf,"Sun, 29 Jun 2025 14:03:42 GMT",2026-08-21T19:00:34.631648,1,SIES | GST,,academic_calendar,3efb9fc8e2c3bbb8
https://siesgst.edu.in/images/H&AS_Annual Report_ 2024-25.pdf,H&AS_Annual Report_ 2024-25.pdf,https://siesgst.edu.in/first-year-engineering,SIES | GST,Annual Report 2024-25 | Objectives | Induction program for First Year Engineering students | Our Special Initiatives | First Year Engineering : Objectives | First Year Engineering : Induction Reports | First Year Engineering : Technical Staff | First Year Engineering : Laboratories | First Year Engi,Annual Report 2024-25,400904,application/pdf,"Fri, 28 Mar 2025 10:04:30 GMT",2026-08-21T19:00:34.825859,1,SIES | GST,,report,5eca795793142c44
https://siesgst.edu.in/images/H&AS_Annual Report_ 2023-24.pdf,H&AS_Annual Report_ 2023-24.pdf,https://siesgst.edu.in/first-year-engineering,SIES | GST,Annual Report 2023-24 | Objectives | Induction program for First Year Engineering students | Our Special Initiatives | First Year Engineering : Objectives | First Year Engineering : Induction Reports | First Year Engineering : Technical Staff | First Year Engineering : Laboratories | First Year Engi,Annual Report 2023-24,841789,application/pdf,"Thu, 11 Jul 2024 10:24:50 GMT",2026-08-21T19:00:35.020267,1,SIES | GST,,report,9053d6a2fdfc0984
https://siesgst.edu.in/images/H&AS_Annual Report_ 2022-23.pdf,H&AS_Annual Report_ 2022-23.pdf,https://siesgst.edu.in/first-year-engineering,SIES | GST,Annual Report 2022-23 | Objectives | Induction program for First Year Engineering students | Our Special Initiatives | First Year Engineering : Objectives | First Year Engineering : Induction Reports | First Year Engineering : Technical Staff | First Year Engineering : Laboratories | First Year Engi,Annual Report 2022-23,664253,application/pdf,"Wed, 20 Sep 2023 07:17:33 GMT",2026-08-21T19:00:35.217270,1,SIES | GST,,report,a60f3525819e3b40
https://siesgst.edu.in/images/Final Annual Report_H&AS_2021-22.pdf,Final Annual Report_H&AS_2021-22.pdf,https://siesgst.edu.in/first-year-engineering,SIES | GST,Annual Report 2021-22 | Objectives | Induction program for First Year Engineering students | Our Special Initiatives | First Year Engineering : Objectives | First Year Engineering : Induction Reports | First Year Engineering : Technical Staff | First Year Engineering : Laboratories | First Year Engi,Annual Report 2021-22,809800,application/pdf,"Mon, 19 Sep 2022 05:43:48 GMT",2026-08-21T19:00:35.412235,1,SIES | GST,,report,8fc3224ca0b0541a
https://siesgst.edu.in/images/Annual-Report_FE_2020-21.pdf,Annual-Report_FE_2020-21.pdf,https://siesgst.edu.in/first-year-engineering,SIES | GST,Annual Report 2020-21 | Objectives | Induction program for First Year Engineering students | Our Special Initiatives | First Year Engineering : Objectives | First Year Engineering : Induction Reports | First Year Engineering : Technical Staff | First Year Engineering : Laboratories | First Year Engi,Annual Report 2020-21,760762,application/pdf,"Fri, 02 Sep 2022 14:29:19 GMT",2026-08-21T19:00:35.605837,1,SIES | GST,,report,29fa8f1e0f8b1418
https://siesgst.edu.in/docs/Annual-Report-FE-19-20.pdf,Annual-Report-FE-19-20.pdf,https://siesgst.edu.in/first-year-engineering,SIES | GST,Annual Report 2019-20 | Objectives | Induction program for First Year Engineering students | Our Special Initiatives | First Year Engineering : Objectives | First Year Engineering : Induction Reports | First Year Engineering : Technical Staff | First Year Engineering : Laboratories | First Year Engi,Annual Report 2019-20,1582720,application/pdf,"Thu, 12 Aug 2021 11:43:30 GMT",2026-08-21T19:00:35.800754,1,SIES | GST,,report,f26277eba0c5b17f
https://siesgst.edu.in/docs/Annual-Report-FE-18-19.pdf,Annual-Report-FE-18-19.pdf,https://siesgst.edu.in/first-year-engineering,SIES | GST,Annual Report 2018-19 | Objectives | Induction program for First Year Engineering students | Our Special Initiatives | First Year Engineering : Objectives | First Year Engineering : Induction Reports | First Year Engineering : Technical Staff | First Year Engineering : Laboratories | First Year Engi,Annual Report 2018-19,1502159,application/pdf,"Thu, 12 Aug 2021 11:43:28 GMT",2026-08-21T19:00:35.995331,1,SIES | GST,,report,63c497be905939cf
https://siesgst.edu.in/docs/Annual-Report-FE-17-18.pdf,Annual-Report-FE-17-18.pdf,https://siesgst.edu.in/first-year-engineering,SIES | GST,Annual Report 2017-18 | Objectives | Induction program for First Year Engineering students | Our Special Initiatives | First Year Engineering : Objectives | First Year Engineering : Induction Reports | First Year Engineering : Technical Staff | First Year Engineering : Laboratories | First Year Engi,Annual Report 2017-18,795373,application/pdf,"Thu, 12 Aug 2021 11:43:25 GMT",2026-08-21T19:00:36.194432,1,SIES | GST,,report,0e429848ff2f16f7
https://siesgst.edu.in/images/SDP Report Blueprint of success.pdf,SDP Report Blueprint of success.pdf,https://siesgst.edu.in/first-year-engineering,SIES | GST,"The Blueprint of success for engineers by Mr. Raghvan Kohli Feb 18, 2025. | Objectives | Induction program for First Year Engineering students | Our Special Initiatives | First Year Engineering : Objectives | First Year Engineering : Induction Reports | First Year Engineering : Technical Staff | Fir","The Blueprint of success for engineers by Mr. Raghvan Kohli Feb 18, 2025.",4049678,application/pdf,"Mon, 30 Jun 2025 04:53:28 GMT",2026-08-21T19:00:36.427064,1,SIES | GST,Computer Engineering,event,805a9f3f54cde1f5
https://siesgst.edu.in/images/Report SDP DL and CS.pdf,Report SDP DL and CS.pdf,https://siesgst.edu.in/first-year-engineering,SIES | GST,"Digital Litracy and Cyber Security by Mr. Prathmesh Rane Feb 25, 2025. | Objectives | Induction program for First Year Engineering students | Our Special Initiatives | First Year Engineering : Objectives | First Year Engineering : Induction Reports | First Year Engineering : Technical Staff | First ","Digital Litracy and Cyber Securityby Mr. Prathmesh Rane Feb 25, 2025.",3703213,application/pdf,"Mon, 30 Jun 2025 04:55:54 GMT",2026-08-21T19:00:36.727180,1,SIES | GST,CSE (IoT & Cyber Security),event,a38a0b1018996aca
https://siesgst.edu.in/images/SDP_Code_your_Dreams.pdf,SDP_Code_your_Dreams.pdf,https://siesgst.edu.in/first-year-engineering,SIES | GST,"Code your dreams Workshop by Dr. Amar Panchal on Mar 14 & 26, 2024. | Objectives | Induction program for First Year Engineering students | Our Special Initiatives | First Year Engineering : Objectives | First Year Engineering : Induction Reports | First Year Engineering : Technical Staff | First Yea","Code your dreams Workshop by Dr. Amar Panchal on Mar 14 & 26, 2024.",743880,application/pdf,"Fri, 26 Jul 2024 11:23:54 GMT",2026-08-21T19:00:36.922028,1,SIES | GST,,event,b8a6cc512436d177
https://siesgst.edu.in/images/SDP_LinkedIn_workshop.pdf,SDP_LinkedIn_workshop.pdf,https://siesgst.edu.in/first-year-engineering,SIES | GST,"LinkedIn Workshop by Ms Shradda Shetty and Ms Hiral Rai on Feb 7 & 29, 2024. /images/SDP_Code_your_Dreams.pdf | Objectives | Induction program for First Year Engineering students | Our Special Initiatives | First Year Engineering : Objectives | First Year Engineering : Induction Reports | First Year","LinkedIn Workshop by Ms Shradda Shetty and Ms Hiral Rai on Feb 7 & 29, 2024.",685046,application/pdf,"Fri, 26 Jul 2024 11:20:20 GMT",2026-08-21T19:00:37.132283,1,SIES | GST,,event,c6b5ee2d1a8c265c
https://siesgst.edu.in/images/SDP one page report -Signed.pdf,SDP one page report -Signed.pdf,https://siesgst.edu.in/first-year-engineering,SIES | GST,"Mapping your path to Successin April 24-25, 2023 | Objectives | Induction program for First Year Engineering students | Our Special Initiatives | First Year Engineering : Objectives | First Year Engineering : Induction Reports | First Year Engineering : Technical Staff | First Year Engineering : Lab","Mapping your path to Successin April 24-25, 2023",299867,application/pdf,"Mon, 08 May 2023 08:36:52 GMT",2026-08-21T19:00:37.326787,1,SIES | GST,Computer Engineering,event,f6371d49cb601524
https://siesgst.edu.in/images/Report-UHV Goal Setting.pdf,Report-UHV Goal Setting.pdf,https://siesgst.edu.in/first-year-engineering,SIES | GST,Seminar under UHV (Universal Human Values) in Jan 2021 | Objectives | Induction program for First Year Engineering students | Our Special Initiatives | First Year Engineering : Objectives | First Year Engineering : Induction Reports | First Year Engineering : Technical Staff | First Year Engineering,Seminar under UHV (Universal Human Values) in Jan 2021,669381,application/pdf,"Wed, 25 Jan 2023 03:46:19 GMT",2026-08-21T19:00:37.524772,1,SIES | GST,,event,5e90bf08893e84d3
https://siesgst.edu.in/docs/SDP Brochure Universal Human Values.pdf,SDP Brochure Universal Human Values.pdf,https://siesgst.edu.in/first-year-engineering,SIES | GST,"Universal Human Values From June 29-July 11, 2020 | Objectives | Induction program for First Year Engineering students | Our Special Initiatives | First Year Engineering : Objectives | First Year Engineering : Induction Reports | First Year Engineering : Technical Staff | First Year Engineering : La","Universal Human Values From June 29-July 11, 2020",310675,application/pdf,"Thu, 12 Aug 2021 11:49:39 GMT",2026-08-21T19:00:37.724502,1,SIES | GST,,brochure,85000b3daa26942c
https://siesgst.edu.in/docs/SDP-Brochure_Engineering Mathematics for GATE examination.pdf,SDP-Brochure_Engineering Mathematics for GATE examination.pdf,https://siesgst.edu.in/first-year-engineering,SIES | GST,"Engineering Mathematics For GATE Examination From June 29-July 3, 2020 | Objectives | Induction program for First Year Engineering students | Our Special Initiatives | First Year Engineering : Objectives | First Year Engineering : Induction Reports | First Year Engineering : Technical Staff | First ","Engineering Mathematics For GATE Examination From June 29-July 3, 2020",306716,application/pdf,"Thu, 12 Aug 2021 11:49:45 GMT",2026-08-21T19:00:37.922873,1,SIES | GST,,brochure,29c68d8def057677
https://siesgst.edu.in/images/ISTE Cell-2023-24.pdf,ISTE Cell-2023-24.pdf,https://siesgst.edu.in/first-year-engineering,SIES | GST,Faculty Chapter Report 2023-24 | Objectives | Induction program for First Year Engineering students | Our Special Initiatives | First Year Engineering : Objectives | First Year Engineering : Induction Reports | First Year Engineering : Technical Staff | First Year Engineering : Laboratories | First ,Faculty Chapter Report 2023-24,203002,application/pdf,"Fri, 19 Apr 2024 04:20:11 GMT",2026-08-21T19:00:38.117976,1,SIES | GST,Computer Engineering,report,8e271a5a385fd145
https://siesgst.edu.in/images/ISTE Cell-2022-23.pdf,ISTE Cell-2022-23.pdf,https://siesgst.edu.in/first-year-engineering,SIES | GST,Faculty Chapter Report 2022-23 | Objectives | Induction program for First Year Engineering students | Our Special Initiatives | First Year Engineering : Objectives | First Year Engineering : Induction Reports | First Year Engineering : Technical Staff | First Year Engineering : Laboratories | First ,Faculty Chapter Report 2022-23,31577,application/pdf,"Fri, 19 Apr 2024 04:19:15 GMT",2026-08-21T19:00:38.314393,1,SIES | GST,Computer Engineering,report,f988b59d88fc5aba
https://siesgst.edu.in/docs/ISTE-Faculty-Chapter-21-22.pdf,ISTE-Faculty-Chapter-21-22.pdf,https://siesgst.edu.in/first-year-engineering,SIES | GST,Faculty Chapter Report 2021-22 | Objectives | Induction program for First Year Engineering students | Our Special Initiatives | First Year Engineering : Objectives | First Year Engineering : Induction Reports | First Year Engineering : Technical Staff | First Year Engineering : Laboratories | First ,Faculty Chapter Report 2021-22,139890,application/pdf,"Wed, 07 Sep 2022 11:01:07 GMT",2026-08-21T19:00:38.509673,1,SIES | GST,,report,73a37303bf6d5dce
https://siesgst.edu.in/docs/ISTE-Faculty-Chapter-19-20.pdf,ISTE-Faculty-Chapter-19-20.pdf,https://siesgst.edu.in/first-year-engineering,SIES | GST,Faculty Chapter Report 2019-20 | Objectives | Induction program for First Year Engineering students | Our Special Initiatives | First Year Engineering : Objectives | First Year Engineering : Induction Reports | First Year Engineering : Technical Staff | First Year Engineering : Laboratories | First ,Faculty Chapter Report 2019-20,654814,application/pdf,"Fri, 13 Aug 2021 10:20:37 GMT",2026-08-21T19:00:38.706559,1,SIES | GST,,report,86159e1f2b849360
https://siesgst.edu.in/docs/ISTE-Faculty-Chapter-18-19.pdf,ISTE-Faculty-Chapter-18-19.pdf,https://siesgst.edu.in/first-year-engineering,SIES | GST,Faculty Chapter Report 2018-19 | Objectives | Induction program for First Year Engineering students | Our Special Initiatives | First Year Engineering : Objectives | First Year Engineering : Induction Reports | First Year Engineering : Technical Staff | First Year Engineering : Laboratories | First ,Faculty Chapter Report 2018-19,683305,application/pdf,"Fri, 13 Aug 2021 10:20:35 GMT",2026-08-21T19:00:38.902866,1,SIES | GST,,report,1d21389418b0cc90
https://siesgst.edu.in/docs/ISTE-Faculty-Chapter-17-18.pdf,ISTE-Faculty-Chapter-17-18.pdf,https://siesgst.edu.in/first-year-engineering,SIES | GST,Faculty Chapter Report 2017-18 | Objectives | Induction program for First Year Engineering students | Our Special Initiatives | First Year Engineering : Objectives | First Year Engineering : Induction Reports | First Year Engineering : Technical Staff | First Year Engineering : Laboratories | First ,Faculty Chapter Report 2017-18,692211,application/pdf,"Fri, 13 Aug 2021 10:20:34 GMT",2026-08-21T19:00:39.098085,1,SIES | GST,,report,ea0a23deb91491ae
https://siesgst.edu.in/docs/ISTE-Student-Chapter-18-19.pdf,ISTE-Student-Chapter-18-19.pdf,https://siesgst.edu.in/first-year-engineering,SIES | GST,Student Chapter Report 2018-19 | Objectives | Induction program for First Year Engineering students | Our Special Initiatives | First Year Engineering : Objectives | First Year Engineering : Induction Reports | First Year Engineering : Technical Staff | First Year Engineering : Laboratories | First ,Student Chapter Report 2018-19,653003,application/pdf,"Fri, 13 Aug 2021 10:20:39 GMT",2026-08-21T19:00:39.293888,1,SIES | GST,,report,594d9a3b3525df6a
https://siesgst.edu.in/images/2025-26_FE First Day Brochure.pdf,2025-26_FE First Day Brochure.pdf,https://siesgst.edu.in/first-year-engineering,SIES | GST,2025-2026 | Objectives | Induction program for First Year Engineering students | Our Special Initiatives | First Year Engineering : Objectives | First Year Engineering : Induction Reports | First Year Engineering : Technical Staff | First Year Engineering : Laboratories | First Year Engineering : Sy,2025-2026,6370473,application/pdf,"Wed, 19 Nov 2025 11:25:45 GMT",2026-08-21T19:00:39.489044,1,SIES | GST,,brochure,a7ccf24236f8f426
https://siesgst.edu.in/images/Information Brochure-2024-25 (1).pdf,Information Brochure-2024-25 (1).pdf,https://siesgst.edu.in/first-year-engineering,SIES | GST,Information Brochure 2024-25 | Objectives | Induction program for First Year Engineering students | Our Special Initiatives | First Year Engineering : Objectives | First Year Engineering : Induction Reports | First Year Engineering : Technical Staff | First Year Engineering : Laboratories | First Ye,Information Brochure 2024-25,3260158,application/pdf,"Fri, 28 Mar 2025 10:09:24 GMT",2026-08-21T19:00:39.689580,1,SIES | GST,,brochure,37b33152d2c804a5
https://siesgst.edu.in/images/FE Induction Brochure 2023-24.pdf,FE Induction Brochure 2023-24.pdf,https://siesgst.edu.in/first-year-engineering,SIES | GST,2023-2024 | Objectives | Induction program for First Year Engineering students | Our Special Initiatives | First Year Engineering : Objectives | First Year Engineering : Induction Reports | First Year Engineering : Technical Staff | First Year Engineering : Laboratories | First Year Engineering : Sy,2023-2024,7103166,application/pdf,"Sat, 05 Aug 2023 09:39:49 GMT",2026-08-21T19:00:39.890371,1,SIES | GST,,brochure,1c67326dc1afb310
https://siesgst.edu.in/docs/FE_brochure_ 2022_23.pdf,FE_brochure_ 2022_23.pdf,https://siesgst.edu.in/first-year-engineering,SIES | GST,2022-2023 | Objectives | Induction program for First Year Engineering students | Our Special Initiatives | First Year Engineering : Objectives | First Year Engineering : Induction Reports | First Year Engineering : Technical Staff | First Year Engineering : Laboratories | First Year Engineering : Sy,2022-2023,39116096,application/pdf,"Sat, 11 Mar 2023 09:03:14 GMT",2026-08-21T19:00:40.091697,1,SIES | GST,,brochure,39ac0603f76fd074
https://siesgst.edu.in/docs/FE_Brochure_2019-20.pdf,FE_Brochure_2019-20.pdf,https://siesgst.edu.in/first-year-engineering,SIES | GST,2019-2020 | Objectives | Induction program for First Year Engineering students | Our Special Initiatives | First Year Engineering : Objectives | First Year Engineering : Induction Reports | First Year Engineering : Technical Staff | First Year Engineering : Laboratories | First Year Engineering : Sy,2019-2020,7471509,application/pdf,"Thu, 12 Aug 2021 11:45:25 GMT",2026-08-21T19:00:40.291982,1,SIES | GST,,brochure,f3c80883af67e698
https://siesgst.edu.in/docs/FE_Brochure_2018-19.pdf,FE_Brochure_2018-19.pdf,https://siesgst.edu.in/first-year-engineering,SIES | GST,2018-2019 | Objectives | Induction program for First Year Engineering students | Our Special Initiatives | First Year Engineering : Objectives | First Year Engineering : Induction Reports | First Year Engineering : Technical Staff | First Year Engineering : Laboratories | First Year Engineering : Sy,2018-2019,7473153,application/pdf,"Thu, 12 Aug 2021 11:45:22 GMT",2026-08-21T19:00:40.491737,1,SIES | GST,,brochure,a68339c7c47e9d67
https://siesgst.edu.in/docs/FE_Brochure_2017-18.pdf,FE_Brochure_2017-18.pdf,https://siesgst.edu.in/first-year-engineering,SIES | GST,2017-2018 | Objectives | Induction program for First Year Engineering students | Our Special Initiatives | First Year Engineering : Objectives | First Year Engineering : Induction Reports | First Year Engineering : Technical Staff | First Year Engineering : Laboratories | First Year Engineering : Sy,2017-2018,2576386,application/pdf,"Thu, 12 Aug 2021 11:45:19 GMT",2026-08-21T19:00:40.692304,1,SIES | GST,,brochure,f7dc3af395c87d34
https://siesgst.edu.in/docs/FE_Brochure_2016-17.pdf,FE_Brochure_2016-17.pdf,https://siesgst.edu.in/first-year-engineering,SIES | GST,2016-2017 | Objectives | Induction program for First Year Engineering students | Our Special Initiatives | First Year Engineering : Objectives | First Year Engineering : Induction Reports | First Year Engineering : Technical Staff | First Year Engineering : Laboratories | First Year Engineering : Sy,2016-2017,1947858,application/pdf,"Thu, 12 Aug 2021 11:45:17 GMT",2026-08-21T19:00:40.893383,1,SIES | GST,,brochure,7ab590ceb2f92f73
https://siesgst.edu.in/docs/FE_Brochure_2015-16.pdf,FE_Brochure_2015-16.pdf,https://siesgst.edu.in/first-year-engineering,SIES | GST,2015-2016 | Objectives | Induction program for First Year Engineering students | Our Special Initiatives | First Year Engineering : Objectives | First Year Engineering : Induction Reports | First Year Engineering : Technical Staff | First Year Engineering : Laboratories | First Year Engineering : Sy,2015-2016,1986862,application/pdf,"Thu, 12 Aug 2021 11:45:15 GMT",2026-08-21T19:00:41.094459,1,SIES | GST,,brochure,2b52271f99970c27
https://siesgst.edu.in/images/R19_CO_EXTC.pdf,R19_CO_EXTC.pdf,https://siesgst.edu.in/electronics-telecommunications,SIES | GST,"Course Outcomes R19 EXTC | B.E. Electronics & Telecommunication Engineering program is accredited by NBA for Academic Years 2021-2022 to 2023-2024 extended up to 30-06-2027. | Vision | Mission | Program Educational Objectives (PEO) | Electronics & Telecommunications Engineering : PSO, POâ€™s & COâ€™",Course Outcomes R19 EXTC,10193987,application/pdf,"Sat, 01 Apr 2023 05:17:50 GMT",2026-08-21T19:00:42.903134,1,SIES | GST,Electronics & Telecommunication,exam,a0480b369b655ce1
https://siesgst.edu.in/images/CO_EXTC_21-22.pdf,CO_EXTC_21-22.pdf,https://siesgst.edu.in/electronics-telecommunications,SIES | GST,"Course Outcome EXTC 2021-22 | B.E. Electronics & Telecommunication Engineering program is accredited by NBA for Academic Years 2021-2022 to 2023-2024 extended up to 30-06-2027. | Vision | Mission | Program Educational Objectives (PEO) | Electronics & Telecommunications Engineering : PSO, POâ€™s & CO",Course Outcome EXTC 2021-22,10840601,application/pdf,"Sat, 01 Apr 2023 05:21:56 GMT",2026-08-21T19:00:43.103738,1,SIES | GST,Electronics & Telecommunication,exam,6f5415bdffa60191
https://siesgst.edu.in/images/Autonomy/EXTC-BOS.-2024-25.pdf,EXTC-BOS.-2024-25.pdf,https://siesgst.edu.in/electronics-telecommunications,SIES | GST,"Academic Year 2024-25 | B.E. Electronics & Telecommunication Engineering program is accredited by NBA for Academic Years 2021-2022 to 2023-2024 extended up to 30-06-2027. | Vision | Mission | Program Educational Objectives (PEO) | Electronics & Telecommunications Engineering : PSO, POâ€™s & COâ€™s |",,,text/html; charset=iso-8859-1,,2026-08-21T19:00:43.302092,1,SIES | GST,Electronics & Telecommunication,exam,ec36a1ab7aeeba3e
https://siesgst.edu.in/images/Autonomy/BoS_EXTC_2024-25.pdf,BoS_EXTC_2024-25.pdf,https://siesgst.edu.in/electronics-telecommunications,SIES | GST,"Academic Year 2024-25 | B.E. Electronics & Telecommunication Engineering program is accredited by NBA for Academic Years 2021-2022 to 2023-2024 extended up to 30-06-2027. | Vision | Mission | Program Educational Objectives (PEO) | Electronics & Telecommunications Engineering : PSO, POâ€™s & COâ€™s |",Academic Year 2024-25,413740,application/pdf,"Tue, 24 Jun 2025 10:52:38 GMT",2026-08-21T19:00:43.499482,1,SIES | GST,Electronics & Telecommunication,exam,97c3375d97290ce0
https://siesgst.edu.in/images/EXTC-Second Year Syllabus scheme-R2024(Autonomous).pdf,EXTC-Second Year Syllabus scheme-R2024(Autonomous).pdf,https://siesgst.edu.in/electronics-telecommunications,SIES | GST,Second Year Syllabus R-2024 (Autonomous) | B.E. Electronics & Telecommunication Engineering program is accredited by NBA for Academic Years 2021-2022 to 2023-2024 extended up to 30-06-2027. | Vision | Mission | Program Educational Objectives (PEO) | Electronics & Telecommunications Engineering : PSO,Second Year Syllabus R-2024 (Autonomous),2871000,application/pdf,"Thu, 10 Jul 2025 10:10:26 GMT",2026-08-21T19:00:43.698882,1,SIES | GST,Electronics & Telecommunication,syllabus,76eb07b53e9a1d59
https://siesgst.edu.in/images/Final-Year-EXTC-Syllabus-R2019.pdf,Final-Year-EXTC-Syllabus-R2019.pdf,https://siesgst.edu.in/electronics-telecommunications,SIES | GST,"BE EXTC Syllabus R-2019 | B.E. Electronics & Telecommunication Engineering program is accredited by NBA for Academic Years 2021-2022 to 2023-2024 extended up to 30-06-2027. | Vision | Mission | Program Educational Objectives (PEO) | Electronics & Telecommunications Engineering : PSO, POâ€™s & COâ€™s",BE EXTC Syllabus R-2019,2813309,application/pdf,"Tue, 06 Feb 2024 09:04:02 GMT",2026-08-21T19:00:43.897436,1,SIES | GST,Electronics & Telecommunication,syllabus,e76e33b7c4ea5e0c
https://siesgst.edu.in/images/Third Year -EXTC-Syllabus-R2019.pdf,Third Year -EXTC-Syllabus-R2019.pdf,https://siesgst.edu.in/electronics-telecommunications,SIES | GST,"TE EXTC Syllabus R-2019 | B.E. Electronics & Telecommunication Engineering program is accredited by NBA for Academic Years 2021-2022 to 2023-2024 extended up to 30-06-2027. | Vision | Mission | Program Educational Objectives (PEO) | Electronics & Telecommunications Engineering : PSO, POâ€™s & COâ€™s",TE EXTC Syllabus R-2019,1764832,application/pdf,"Tue, 06 Feb 2024 09:02:09 GMT",2026-08-21T19:00:44.097612,1,SIES | GST,Electronics & Telecommunication,syllabus,4d31c2a287f191db
https://siesgst.edu.in/images/Second Year-EXTC-Syllabus-R2019.pdf,Second Year-EXTC-Syllabus-R2019.pdf,https://siesgst.edu.in/electronics-telecommunications,SIES | GST,"SE EXTC Syllabus R-2019 | B.E. Electronics & Telecommunication Engineering program is accredited by NBA for Academic Years 2021-2022 to 2023-2024 extended up to 30-06-2027. | Vision | Mission | Program Educational Objectives (PEO) | Electronics & Telecommunications Engineering : PSO, POâ€™s & COâ€™s",SE EXTC Syllabus R-2019,797477,application/pdf,"Tue, 06 Feb 2024 09:01:11 GMT",2026-08-21T19:00:44.302224,1,SIES | GST,Electronics & Telecommunication,syllabus,fdf50a4d9b44640a
https://siesgst.edu.in/docs/EXTC_Curri_R16.pdf,EXTC_Curri_R16.pdf,https://siesgst.edu.in/electronics-telecommunications,SIES | GST,"Curriculum Revised 2019 | B.E. Electronics & Telecommunication Engineering program is accredited by NBA for Academic Years 2021-2022 to 2023-2024 extended up to 30-06-2027. | Vision | Mission | Program Educational Objectives (PEO) | Electronics & Telecommunications Engineering : PSO, POâ€™s & COâ€™s",Curriculum Revised 2019,67337,application/pdf,"Thu, 12 Aug 2021 11:44:55 GMT",2026-08-21T19:00:44.503598,1,SIES | GST,Electronics & Telecommunication,syllabus,78b2c23e35b68e6b
https://siesgst.edu.in/docs/EXTC_SYLL_R19.pdf,EXTC_SYLL_R19.pdf,https://siesgst.edu.in/electronics-telecommunications,SIES | GST,"EXTC Syllabus CBCGS R- 2019 | B.E. Electronics & Telecommunication Engineering program is accredited by NBA for Academic Years 2021-2022 to 2023-2024 extended up to 30-06-2027. | Vision | Mission | Program Educational Objectives (PEO) | Electronics & Telecommunications Engineering : PSO, POâ€™s & CO",EXTC Syllabus CBCGS R- 2019,823016,application/pdf,"Thu, 12 Aug 2021 11:45:02 GMT",2026-08-21T19:00:44.713447,1,SIES | GST,Electronics & Telecommunication,syllabus,e8e3b4f6db842d0c
https://siesgst.edu.in/docs/EXTC_SYLL_CBCS.pdf,EXTC_SYLL_CBCS.pdf,https://siesgst.edu.in/electronics-telecommunications,SIES | GST,"EXTC Syllabus CBCGS R- 2016 | B.E. Electronics & Telecommunication Engineering program is accredited by NBA for Academic Years 2021-2022 to 2023-2024 extended up to 30-06-2027. | Vision | Mission | Program Educational Objectives (PEO) | Electronics & Telecommunications Engineering : PSO, POâ€™s & CO",EXTC Syllabus CBCGS R- 2016,7062469,application/pdf,"Thu, 12 Aug 2021 11:44:58 GMT",2026-08-21T19:00:44.923537,1,SIES | GST,Electronics & Telecommunication,syllabus,812c8adee107db64
https://siesgst.edu.in/docs/EXTC_SYLL_CBGS.pdf,EXTC_SYLL_CBGS.pdf,https://siesgst.edu.in/electronics-telecommunications,SIES | GST,"EXTC Syllabus CBGS R- 2012 | B.E. Electronics & Telecommunication Engineering program is accredited by NBA for Academic Years 2021-2022 to 2023-2024 extended up to 30-06-2027. | Vision | Mission | Program Educational Objectives (PEO) | Electronics & Telecommunications Engineering : PSO, POâ€™s & COâ",EXTC Syllabus CBGS R- 2012,1337899,application/pdf,"Thu, 12 Aug 2021 11:45:00 GMT",2026-08-21T19:00:45.144302,1,SIES | GST,Electronics & Telecommunication,syllabus,f812bba73e655231
https://siesgst.edu.in/images/EXTC-Time Table-FH2026.pdf,EXTC-Time Table-FH2026.pdf,https://siesgst.edu.in/electronics-telecommunications,SIES | GST,Time table FH2026 Time table FH2025 Time table SH2024 | B.E. Electronics & Telecommunication Engineering program is accredited by NBA for Academic Years 2021-2022 to 2023-2024 extended up to 30-06-2027. | Vision | Mission | Program Educational Objectives (PEO) | Electronics & Telecommunications Engi,Time table FH2026,1060159,application/pdf,"Sat, 31 Jan 2026 04:20:25 GMT",2026-08-21T19:00:45.361944,1,SIES | GST,Electronics & Telecommunication,timetable,53e2f1c7f61445dd
https://siesgst.edu.in/images/EXTC Class TT FH2025.pdf,EXTC Class TT FH2025.pdf,https://siesgst.edu.in/electronics-telecommunications,SIES | GST,Time table FH2026 Time table FH2025 Time table SH2024 | B.E. Electronics & Telecommunication Engineering program is accredited by NBA for Academic Years 2021-2022 to 2023-2024 extended up to 30-06-2027. | Vision | Mission | Program Educational Objectives (PEO) | Electronics & Telecommunications Engi,Time table FH2025,1907656,application/pdf,"Sat, 28 Jun 2025 01:49:39 GMT",2026-08-21T19:00:45.587764,1,SIES | GST,Electronics & Telecommunication,timetable,9a27f31461ab2cab
https://siesgst.edu.in/images/EXTC Class TT_SH2024.pdf,EXTC Class TT_SH2024.pdf,https://siesgst.edu.in/electronics-telecommunications,SIES | GST,Time table FH2026 Time table FH2025 Time table SH2024 | B.E. Electronics & Telecommunication Engineering program is accredited by NBA for Academic Years 2021-2022 to 2023-2024 extended up to 30-06-2027. | Vision | Mission | Program Educational Objectives (PEO) | Electronics & Telecommunications Engi,Time table SH2024,225196,application/pdf,"Sat, 28 Jun 2025 01:50:17 GMT",2026-08-21T19:00:45.798466,1,SIES | GST,Electronics & Telecommunication,timetable,a921b266ffb764c2
https://siesgst.edu.in/images/Academic Calendar FH2026.pdf,Academic Calendar FH2026.pdf,https://siesgst.edu.in/electronics-telecommunications,SIES | GST,"Academic Calender First Half of 2026 | B.E. Electronics & Telecommunication Engineering program is accredited by NBA for Academic Years 2021-2022 to 2023-2024 extended up to 30-06-2027. | Vision | Mission | Program Educational Objectives (PEO) | Electronics & Telecommunications Engineering : PSO, PO",Academic Calender First Half of 2026,580126,application/pdf,"Sat, 31 Jan 2026 03:59:45 GMT",2026-08-21T19:00:45.999384,1,SIES | GST,,academic_calendar,d47e3af59e06155c
https://siesgst.edu.in/images/AcademicCalendar-SH2025.pdf,AcademicCalendar-SH2025.pdf,https://siesgst.edu.in/electronics-telecommunications,SIES | GST,"Academic Calender Second Half of 2025 | B.E. Electronics & Telecommunication Engineering program is accredited by NBA for Academic Years 2021-2022 to 2023-2024 extended up to 30-06-2027. | Vision | Mission | Program Educational Objectives (PEO) | Electronics & Telecommunications Engineering : PSO, P",Academic Calender Second Half of 2025,529950,application/pdf,"Thu, 03 Jul 2025 10:14:25 GMT",2026-08-21T19:00:46.218797,1,SIES | GST,,academic_calendar,cea4c589d843516c
https://siesgst.edu.in/images/AC_FH2025.pdf,AC_FH2025.pdf,https://siesgst.edu.in/electronics-telecommunications,SIES | GST,"Academic Calendar First Half of 2025 | B.E. Electronics & Telecommunication Engineering program is accredited by NBA for Academic Years 2021-2022 to 2023-2024 extended up to 30-06-2027. | Vision | Mission | Program Educational Objectives (PEO) | Electronics & Telecommunications Engineering : PSO, PO",Academic Calendar First Half of 2025,718698,application/pdf,"Thu, 29 May 2025 11:32:39 GMT",2026-08-21T19:00:46.428298,1,SIES | GST,,academic_calendar,3293be7e2084d258
https://siesgst.edu.in/images/Academic%20calendar_%20student.pdf,Academic%20calendar_%20student.pdf,https://siesgst.edu.in/electronics-telecommunications,SIES | GST,"Academic Calendar Second Half of 2024 | B.E. Electronics & Telecommunication Engineering program is accredited by NBA for Academic Years 2021-2022 to 2023-2024 extended up to 30-06-2027. | Vision | Mission | Program Educational Objectives (PEO) | Electronics & Telecommunications Engineering : PSO, P",Academic Calendar Second Half of 2024,487950,application/pdf,"Thu, 12 Dec 2024 11:22:18 GMT",2026-08-21T19:00:46.638203,1,SIES | GST,,academic_calendar,b60c150ab9ee2e67
https://siesgst.edu.in/images/EXTC-Annual report-2024-25-June25.pdf,EXTC-Annual report-2024-25-June25.pdf,https://siesgst.edu.in/electronics-telecommunications,SIES | GST,"Annual Report 2024-25 | B.E. Electronics & Telecommunication Engineering program is accredited by NBA for Academic Years 2021-2022 to 2023-2024 extended up to 30-06-2027. | Vision | Mission | Program Educational Objectives (PEO) | Electronics & Telecommunications Engineering : PSO, POâ€™s & COâ€™s |",Annual Report 2024-25,1288738,application/pdf,"Tue, 17 Jun 2025 05:31:14 GMT",2026-08-21T19:00:46.844928,1,SIES | GST,Electronics & Telecommunication,report,c395b4494d8188b1
https://siesgst.edu.in/images/EXTC-Annual report -2023-24.pdf,EXTC-Annual report -2023-24.pdf,https://siesgst.edu.in/electronics-telecommunications,SIES | GST,"Annual Report 2023-24 | B.E. Electronics & Telecommunication Engineering program is accredited by NBA for Academic Years 2021-2022 to 2023-2024 extended up to 30-06-2027. | Vision | Mission | Program Educational Objectives (PEO) | Electronics & Telecommunications Engineering : PSO, POâ€™s & COâ€™s |",Annual Report 2023-24,865554,application/pdf,"Sat, 17 Aug 2024 04:40:28 GMT",2026-08-21T19:00:47.053173,1,SIES | GST,Electronics & Telecommunication,report,99af2862d00b048a
https://siesgst.edu.in/images/EXTC-Annual-Report-2022-23 (1).pdf,EXTC-Annual-Report-2022-23 (1).pdf,https://siesgst.edu.in/electronics-telecommunications,SIES | GST,"Annual Report 2022-23 | B.E. Electronics & Telecommunication Engineering program is accredited by NBA for Academic Years 2021-2022 to 2023-2024 extended up to 30-06-2027. | Vision | Mission | Program Educational Objectives (PEO) | Electronics & Telecommunications Engineering : PSO, POâ€™s & COâ€™s |",Annual Report 2022-23,1035474,application/pdf,"Thu, 11 Apr 2024 07:11:46 GMT",2026-08-21T19:00:47.258486,1,SIES | GST,Electronics & Telecommunication,report,bd516f8a8ff4b2da
https://siesgst.edu.in/images/EXTC-Annual-Report-2021-22.pdf,EXTC-Annual-Report-2021-22.pdf,https://siesgst.edu.in/electronics-telecommunications,SIES | GST,"Annual Report 2021-22 | B.E. Electronics & Telecommunication Engineering program is accredited by NBA for Academic Years 2021-2022 to 2023-2024 extended up to 30-06-2027. | Vision | Mission | Program Educational Objectives (PEO) | Electronics & Telecommunications Engineering : PSO, POâ€™s & COâ€™s |",Annual Report 2021-22,847983,application/pdf,"Sat, 16 Sep 2023 16:01:35 GMT",2026-08-21T19:00:47.459576,1,SIES | GST,Electronics & Telecommunication,report,982fa671d841eb56
https://siesgst.edu.in/docs/Annual-Report-EXTC-20-21.pdf,Annual-Report-EXTC-20-21.pdf,https://siesgst.edu.in/electronics-telecommunications,SIES | GST,"Annual Report 2020-21 | B.E. Electronics & Telecommunication Engineering program is accredited by NBA for Academic Years 2021-2022 to 2023-2024 extended up to 30-06-2027. | Vision | Mission | Program Educational Objectives (PEO) | Electronics & Telecommunications Engineering : PSO, POâ€™s & COâ€™s |",Annual Report 2020-21,989360,application/pdf,"Thu, 12 Aug 2021 11:43:24 GMT",2026-08-21T19:00:47.667916,1,SIES | GST,Electronics & Telecommunication,report,417c1f85aaa64d63
https://siesgst.edu.in/docs/EXTC--Annual-Report-2019-20.pdf,EXTC--Annual-Report-2019-20.pdf,https://siesgst.edu.in/electronics-telecommunications,SIES | GST,"Annual Report 2019-20 | B.E. Electronics & Telecommunication Engineering program is accredited by NBA for Academic Years 2021-2022 to 2023-2024 extended up to 30-06-2027. | Vision | Mission | Program Educational Objectives (PEO) | Electronics & Telecommunications Engineering : PSO, POâ€™s & COâ€™s |",Annual Report 2019-20,12474736,application/pdf,"Thu, 12 Aug 2021 11:44:54 GMT",2026-08-21T19:00:47.880916,1,SIES | GST,Electronics & Telecommunication,report,3b07f5eec3128574
https://siesgst.edu.in/docs/Annual-Report-EXTC-18-19.pdf,Annual-Report-EXTC-18-19.pdf,https://siesgst.edu.in/electronics-telecommunications,SIES | GST,"Annual Report 2018-19 | B.E. Electronics & Telecommunication Engineering program is accredited by NBA for Academic Years 2021-2022 to 2023-2024 extended up to 30-06-2027. | Vision | Mission | Program Educational Objectives (PEO) | Electronics & Telecommunications Engineering : PSO, POâ€™s & COâ€™s |",Annual Report 2018-19,1216852,application/pdf,"Thu, 12 Aug 2021 11:43:22 GMT",2026-08-21T19:00:48.081022,1,SIES | GST,Electronics & Telecommunication,report,0a379f2cb8b125bd
https://siesgst.edu.in/docs/Annual-Report-EXTC-17-18.pdf,Annual-Report-EXTC-17-18.pdf,https://siesgst.edu.in/electronics-telecommunications,SIES | GST,"Annual Report 2017-18 | B.E. Electronics & Telecommunication Engineering program is accredited by NBA for Academic Years 2021-2022 to 2023-2024 extended up to 30-06-2027. | Vision | Mission | Program Educational Objectives (PEO) | Electronics & Telecommunications Engineering : PSO, POâ€™s & COâ€™s |",Annual Report 2017-18,687569,application/pdf,"Thu, 12 Aug 2021 11:43:20 GMT",2026-08-21T19:00:48.279567,1,SIES | GST,Electronics & Telecommunication,report,3fe41d004ce5afd2
https://siesgst.edu.in/images/SIESGST IEEE Student Chapter 2024-25 for GST website.pdf,SIESGST IEEE Student Chapter 2024-25 for GST website.pdf,https://siesgst.edu.in/electronics-telecommunications,SIES | GST,"SIESGST IEEE Student Chapter 2024-25 | B.E. Electronics & Telecommunication Engineering program is accredited by NBA for Academic Years 2021-2022 to 2023-2024 extended up to 30-06-2027. | Vision | Mission | Program Educational Objectives (PEO) | Electronics & Telecommunications Engineering : PSO, PO",SIESGST IEEE Student Chapter 2024-25,399640,application/pdf,"Tue, 17 Jun 2025 06:13:32 GMT",2026-08-21T19:00:48.479726,1,SIES | GST,,department,f682ce29221871a6
https://siesgst.edu.in/images/0.SIESGST IEEE Student Chapter 2023-24 for GST website.pdf,0.SIESGST IEEE Student Chapter 2023-24 for GST website.pdf,https://siesgst.edu.in/electronics-telecommunications,SIES | GST,"SIESGST IEEE Student Chapter 2023-24 | B.E. Electronics & Telecommunication Engineering program is accredited by NBA for Academic Years 2021-2022 to 2023-2024 extended up to 30-06-2027. | Vision | Mission | Program Educational Objectives (PEO) | Electronics & Telecommunications Engineering : PSO, PO",SIESGST IEEE Student Chapter 2023-24,273246,application/pdf,"Mon, 08 Apr 2024 11:04:09 GMT",2026-08-21T19:00:48.679721,1,SIES | GST,,department,4e84f71d7084c8eb
https://siesgst.edu.in/images/0.SIESGST IEEE Student Chapter 2022-23 for GST website.pdf,0.SIESGST IEEE Student Chapter 2022-23 for GST website.pdf,https://siesgst.edu.in/electronics-telecommunications,SIES | GST,"SIESGST IEEE Student Chapter 2022-23 | B.E. Electronics & Telecommunication Engineering program is accredited by NBA for Academic Years 2021-2022 to 2023-2024 extended up to 30-06-2027. | Vision | Mission | Program Educational Objectives (PEO) | Electronics & Telecommunications Engineering : PSO, PO",SIESGST IEEE Student Chapter 2022-23,415888,application/pdf,"Mon, 08 Apr 2024 11:03:47 GMT",2026-08-21T19:00:48.888925,1,SIES | GST,,department,5d11fcb70cabf854
https://siesgst.edu.in/images/SIESGST IEEE Student Chapter 2021-22.pdf,SIESGST IEEE Student Chapter 2021-22.pdf,https://siesgst.edu.in/electronics-telecommunications,SIES | GST,"SIESGST IEEE Student Chapter 2021-22 | B.E. Electronics & Telecommunication Engineering program is accredited by NBA for Academic Years 2021-2022 to 2023-2024 extended up to 30-06-2027. | Vision | Mission | Program Educational Objectives (PEO) | Electronics & Telecommunications Engineering : PSO, PO",SIESGST IEEE Student Chapter 2021-22,349880,application/pdf,"Tue, 15 Nov 2022 16:12:09 GMT",2026-08-21T19:00:49.093164,1,SIES | GST,,general,f8aa2fc4ecf3c2bd
https://siesgst.edu.in/images/SIESGST IEEE Student Chapter 2020-21.pdf,SIESGST IEEE Student Chapter 2020-21.pdf,https://siesgst.edu.in/electronics-telecommunications,SIES | GST,"SIESGST IEEE Student Chapter 2020-21 | B.E. Electronics & Telecommunication Engineering program is accredited by NBA for Academic Years 2021-2022 to 2023-2024 extended up to 30-06-2027. | Vision | Mission | Program Educational Objectives (PEO) | Electronics & Telecommunications Engineering : PSO, PO",SIESGST IEEE Student Chapter 2020-21,370572,application/pdf,"Tue, 15 Nov 2022 16:11:26 GMT",2026-08-21T19:00:49.307782,1,SIES | GST,,general,97f387c186316c4e
https://siesgst.edu.in/docs/IEEE 19-20.pdf,IEEE 19-20.pdf,https://siesgst.edu.in/electronics-telecommunications,SIES | GST,"SIESGST IEEE Student Chapter 2019-20 | B.E. Electronics & Telecommunication Engineering program is accredited by NBA for Academic Years 2021-2022 to 2023-2024 extended up to 30-06-2027. | Vision | Mission | Program Educational Objectives (PEO) | Electronics & Telecommunications Engineering : PSO, PO",SIESGST IEEE Student Chapter 2019-20,505440,application/pdf,"Thu, 12 Aug 2021 11:45:38 GMT",2026-08-21T19:00:49.524385,1,SIES | GST,,general,c3b9c99eca3e249c
https://siesgst.edu.in/docs/IEEE 18-19.pdf,IEEE 18-19.pdf,https://siesgst.edu.in/electronics-telecommunications,SIES | GST,"SIESGST IEEE Student Chapter 2018-19 | B.E. Electronics & Telecommunication Engineering program is accredited by NBA for Academic Years 2021-2022 to 2023-2024 extended up to 30-06-2027. | Vision | Mission | Program Educational Objectives (PEO) | Electronics & Telecommunications Engineering : PSO, PO",SIESGST IEEE Student Chapter 2018-19,489648,application/pdf,"Thu, 12 Aug 2021 11:45:37 GMT",2026-08-21T19:00:49.742445,1,SIES | GST,,general,4ffe02934034340f
https://siesgst.edu.in/docs/IEEE 17-18.pdf,IEEE 17-18.pdf,https://siesgst.edu.in/electronics-telecommunications,SIES | GST,"SIESGST IEEE Student Chapter 2017-18 | B.E. Electronics & Telecommunication Engineering program is accredited by NBA for Academic Years 2021-2022 to 2023-2024 extended up to 30-06-2027. | Vision | Mission | Program Educational Objectives (PEO) | Electronics & Telecommunications Engineering : PSO, PO",SIESGST IEEE Student Chapter 2017-18,489384,application/pdf,"Thu, 12 Aug 2021 11:45:34 GMT",2026-08-21T19:00:49.950655,1,SIES | GST,,general,d05b2bf2c818bcb7
https://siesgst.edu.in/images/2-SDP _RPi_report_FH2025 .pdf,2-SDP _RPi_report_FH2025 .pdf,https://siesgst.edu.in/electronics-telecommunications,SIES | GST,"Introduction to Arduino, R-Pi and IoT From 10 Jan to 10 feb, 2025. | B.E. Electronics & Telecommunication Engineering program is accredited by NBA for Academic Years 2021-2022 to 2023-2024 extended up to 30-06-2027. | Vision | Mission | Program Educational Objectives (PEO) | Electronics & Telecommun","Introduction to Arduino, R-Pi and IoT From 10 Jan to 10 feb, 2025.",588936,application/pdf,"Tue, 17 Jun 2025 06:35:31 GMT",2026-08-21T19:00:50.158868,1,SIES | GST,CSE (IoT & Cyber Security),event,db639620c7ba5fae
https://siesgst.edu.in/images/1-SDP-FPGA-Report-FH2025.pdf,1-SDP-FPGA-Report-FH2025.pdf,https://siesgst.edu.in/electronics-telecommunications,SIES | GST,"Workshop on Digital System Design on FPGA Using Verilog from 15 Jan to 15 feb, 2025. | B.E. Electronics & Telecommunication Engineering program is accredited by NBA for Academic Years 2021-2022 to 2023-2024 extended up to 30-06-2027. | Vision | Mission | Program Educational Objectives (PEO) | Electr","Workshop on Digital System Design on FPGA Using Verilog from 15 Jan to 15 feb, 2025.",1213496,application/pdf,"Tue, 17 Jun 2025 06:33:44 GMT",2026-08-21T19:00:50.390826,1,SIES | GST,,event,66b8ebd44821f152
https://siesgst.edu.in/images/ADVANCED ANTENNA DESIGN SDP2024_report (1).pdf,ADVANCED ANTENNA DESIGN SDP2024_report (1).pdf,https://siesgst.edu.in/electronics-telecommunications,SIES | GST,"Advanced Antenna Design from 24 June to 29 June, 2024. | B.E. Electronics & Telecommunication Engineering program is accredited by NBA for Academic Years 2021-2022 to 2023-2024 extended up to 30-06-2027. | Vision | Mission | Program Educational Objectives (PEO) | Electronics & Telecommunications Eng","Advanced Antenna Design from 24 June to 29 June, 2024.",1369653,application/pdf,"Sat, 17 Aug 2024 05:22:39 GMT",2026-08-21T19:00:50.716151,1,SIES | GST,Computer Engineering,event,51d86447a3e3fced
https://siesgst.edu.in/images/Report_VAC_SDP June 2024 (2).pdf,Report_VAC_SDP June 2024 (2).pdf,https://siesgst.edu.in/electronics-telecommunications,SIES | GST,"Application of Machine Learning, Image processing and Natural Language processing from 24 June to 29 June, 2024. | B.E. Electronics & Telecommunication Engineering program is accredited by NBA for Academic Years 2021-2022 to 2023-2024 extended up to 30-06-2027. | Vision | Mission | Program Education","Application of Machine Learning, Image processing and Natural Language processing from 24 June to 29 June, 2024.",1135163,application/pdf,"Sat, 17 Aug 2024 05:25:32 GMT",2026-08-21T19:00:50.942001,1,SIES | GST,Computer Engineering,event,a751cea17154c839
https://siesgst.edu.in/images/SDP _RPi_report_FH2024.pdf,SDP _RPi_report_FH2024.pdf,https://siesgst.edu.in/electronics-telecommunications,SIES | GST,"Introduction to Arduino, R-Pi and IoT From 1 Jan to 6 Jan, 2024. | B.E. Electronics & Telecommunication Engineering program is accredited by NBA for Academic Years 2021-2022 to 2023-2024 extended up to 30-06-2027. | Vision | Mission | Program Educational Objectives (PEO) | Electronics & Telecommunic","Introduction to Arduino, R-Pi and IoT From 1 Jan to 6 Jan, 2024.",874826,application/pdf,"Thu, 18 Apr 2024 16:35:25 GMT",2026-08-21T19:00:51.155701,1,SIES | GST,CSE (IoT & Cyber Security),event,94f6491755f9f3a6
https://siesgst.edu.in/images/SDP-FPGA-Report-FH2024 (1).pdf,SDP-FPGA-Report-FH2024 (1).pdf,https://siesgst.edu.in/electronics-telecommunications,SIES | GST,"Workshop on Digital System Design on FPGA Using Verilog from 1 Jan to 6 Jan, 2024. | B.E. Electronics & Telecommunication Engineering program is accredited by NBA for Academic Years 2021-2022 to 2023-2024 extended up to 30-06-2027. | Vision | Mission | Program Educational Objectives (PEO) | Electron","Workshop on Digital System Design on FPGA Using Verilog from 1 Jan to 6 Jan, 2024.",1131212,application/pdf,"Fri, 19 Apr 2024 13:33:55 GMT",2026-08-21T19:00:51.356483,1,SIES | GST,,event,f6e5d8e970a0be57
https://siesgst.edu.in/images/Advanced Antenna Design 2023 value added course report.pdf,Advanced Antenna Design 2023 value added course report.pdf,https://siesgst.edu.in/electronics-telecommunications,SIES | GST,"Advanced Antenna Design from 26 June to 3 July, 2023. | B.E. Electronics & Telecommunication Engineering program is accredited by NBA for Academic Years 2021-2022 to 2023-2024 extended up to 30-06-2027. | Vision | Mission | Program Educational Objectives (PEO) | Electronics & Telecommunications Engi","Advanced Antenna Design from 26 June to 3 July, 2023.",1332600,application/pdf,"Fri, 12 Apr 2024 03:43:03 GMT",2026-08-21T19:00:51.567225,1,SIES | GST,Computer Engineering,report,a7ad0e174e9f8cac
https://siesgst.edu.in/images/ES design.pdf,ES design.pdf,https://siesgst.edu.in/electronics-telecommunications,SIES | GST,"Workshop on Embedded System 
Design Using Arduino Uno from 2 Jan to 7 Jan, 2023. | B.E. Electronics & Telecommunication Engineering program is accredited by NBA for Academic Years 2021-2022 to 2023-2024 extended up to 30-06-2027. | Vision | Mission | Program Educational Objectives (PEO) | Electroni","Workshop on Embedded System 
Design Using Arduino Uno from 2 Jan to 7 Jan, 2023.",1855329,application/pdf,"Fri, 12 Apr 2024 03:43:58 GMT",2026-08-21T19:00:51.772023,1,SIES | GST,,event,633c8bd966d146d7
https://siesgst.edu.in/images/SDP-Machine learning using Python.pdf,SDP-Machine learning using Python.pdf,https://siesgst.edu.in/electronics-telecommunications,SIES | GST,"Image Processing and Machine Learning using Python from 24 June to 30 June, 202 3. | B.E. Electronics & Telecommunication Engineering program is accredited by NBA for Academic Years 2021-2022 to 2023-2024 extended up to 30-06-2027. | Vision | Mission | Program Educational Objectives (PEO) | Electron","Image Processing and Machine Learning using Python from 24 June to 30 June, 202",30678,application/pdf,"Tue, 21 Mar 2023 16:17:49 GMT",2026-08-21T19:00:51.971878,1,SIES | GST,Computer Engineering,event,0c2a5292015fa38e
https://siesgst.edu.in/images/SDP-FPGA-Report-FH2023 (1).pdf,SDP-FPGA-Report-FH2023 (1).pdf,https://siesgst.edu.in/electronics-telecommunications,SIES | GST,"Workshop on Digital System Design on FPGA Using Verilog from 1 Jan to 6 Jan, 2023. | B.E. Electronics & Telecommunication Engineering program is accredited by NBA for Academic Years 2021-2022 to 2023-2024 extended up to 30-06-2027. | Vision | Mission | Program Educational Objectives (PEO) | Electron","Workshop on Digital System Design on FPGA Using Verilog from 1 Jan to 6 Jan, 2023.",925608,application/pdf,"Fri, 19 Apr 2024 13:26:23 GMT",2026-08-21T19:00:52.171997,1,SIES | GST,,event,580b70429bf28dd3
https://siesgst.edu.in/images/SDP Advanced Antenna Design.pdf,SDP Advanced Antenna Design.pdf,https://siesgst.edu.in/electronics-telecommunications,SIES | GST,"Advanced Antenna Design from 27 June to 4 July, 2022. | B.E. Electronics & Telecommunication Engineering program is accredited by NBA for Academic Years 2021-2022 to 2023-2024 extended up to 30-06-2027. | Vision | Mission | Program Educational Objectives (PEO) | Electronics & Telecommunications Engi","Advanced Antenna Design from 27 June to 4 July, 2022.",864055,application/pdf,"Fri, 24 Mar 2023 10:45:58 GMT",2026-08-21T19:00:52.391549,1,SIES | GST,Computer Engineering,event,524aed84f32fe5da
https://siesgst.edu.in/images/SDP Workshop on Raspberry pi.pdf,SDP Workshop on Raspberry pi.pdf,https://siesgst.edu.in/electronics-telecommunications,SIES | GST,"Workshop on Raspberry pi from 27 June to 15 July, 2022. | B.E. Electronics & Telecommunication Engineering program is accredited by NBA for Academic Years 2021-2022 to 2023-2024 extended up to 30-06-2027. | Vision | Mission | Program Educational Objectives (PEO) | Electronics & Telecommunications En","Workshop on Raspberry pi from 27 June to 15 July, 2022.",627241,application/pdf,"Fri, 24 Mar 2023 10:47:37 GMT",2026-08-21T19:00:52.684997,1,SIES | GST,,event,72b74ebb0ec7df7e
https://siesgst.edu.in/images/SDP Natural Language processing using Python.pdf,SDP Natural Language processing using Python.pdf,https://siesgst.edu.in/electronics-telecommunications,SIES | GST,"Natural Language Processing using Python from 20 Dec to 24 Dec, 2021. | B.E. Electronics & Telecommunication Engineering program is accredited by NBA for Academic Years 2021-2022 to 2023-2024 extended up to 30-06-2027. | Vision | Mission | Program Educational Objectives (PEO) | Electronics & Telecom","Natural Language Processing using Python from 20 Dec to 24 Dec, 2021.",1276761,application/pdf,"Fri, 24 Mar 2023 10:50:34 GMT",2026-08-21T19:00:53.346344,1,SIES | GST,Computer Engineering,event,8bb9ce18cd3d7009
https://siesgst.edu.in/images/SDP report_ML & IP using Python (2).pdf,SDP report_ML & IP using Python (2).pdf,https://siesgst.edu.in/electronics-telecommunications,SIES | GST,"Machine Learning and Image Processing Using Python from June 21 to July 9, 2021 | B.E. Electronics & Telecommunication Engineering program is accredited by NBA for Academic Years 2021-2022 to 2023-2024 extended up to 30-06-2027. | Vision | Mission | Program Educational Objectives (PEO) | Electronics","Machine Learning and Image Processing Using Python from June 21 to July 9, 2021",2931762,application/pdf,"Fri, 24 Mar 2023 07:35:16 GMT",2026-08-21T19:00:53.559388,1,SIES | GST,Computer Engineering,event,16b4e535346017b6
https://siesgst.edu.in/images/Advanced antenna design SDP report (1).pdf,Advanced antenna design SDP report (1).pdf,https://siesgst.edu.in/electronics-telecommunications,SIES | GST,"Advance antenna design from June 28 to July 4, 2021. | B.E. Electronics & Telecommunication Engineering program is accredited by NBA for Academic Years 2021-2022 to 2023-2024 extended up to 30-06-2027. | Vision | Mission | Program Educational Objectives (PEO) | Electronics & Telecommunications Engin","Advance antenna design from June 28 to July 4, 2021.",1527323,application/pdf,"Fri, 24 Mar 2023 07:37:01 GMT",2026-08-21T19:00:53.776548,1,SIES | GST,Computer Engineering,event,fc802a75d3eaadf3
https://siesgst.edu.in/images/SDP_Report-Embedded system and IoT-FH2021 (1) (1).pdf,SDP_Report-Embedded system and IoT-FH2021 (1) (1).pdf,https://siesgst.edu.in/electronics-telecommunications,SIES | GST,"Introduction to embedded system and IoT from 28 June to 3 July, 2021. | B.E. Electronics & Telecommunication Engineering program is accredited by NBA for Academic Years 2021-2022 to 2023-2024 extended up to 30-06-2027. | Vision | Mission | Program Educational Objectives (PEO) | Electronics & Telecom","Introduction to embedded system and IoT from 28 June to 3 July, 2021.",831798,application/pdf,"Fri, 24 Mar 2023 07:38:56 GMT",2026-08-21T19:00:53.988819,1,SIES | GST,CSE (IoT & Cyber Security),event,8863e325807352d7
https://siesgst.edu.in/images/SDP-Arduino-FH2020.pdf,SDP-Arduino-FH2020.pdf,https://siesgst.edu.in/electronics-telecommunications,SIES | GST,"Introduction to Arduino, IoT and Interfacing using Simulator software From 15-26 June, 2020 | B.E. Electronics & Telecommunication Engineering program is accredited by NBA for Academic Years 2021-2022 to 2023-2024 extended up to 30-06-2027. | Vision | Mission | Program Educational Objectives (PEO) |","Introduction to Arduino, IoT and Interfacing using Simulator software From 15-26 June, 2020",102393,application/pdf,"Tue, 21 Mar 2023 16:15:58 GMT",2026-08-21T19:00:54.199905,1,SIES | GST,CSE (IoT & Cyber Security),event,3bf243a328a4f57c
https://siesgst.edu.in/images/SDP-C C++Java.pdf,SDP-C C++Java.pdf,https://siesgst.edu.in/electronics-telecommunications,SIES | GST,"C, C++ and Java coding skills From 15-26 June, 2020 | B.E. Electronics & Telecommunication Engineering program is accredited by NBA for Academic Years 2021-2022 to 2023-2024 extended up to 30-06-2027. | Vision | Mission | Program Educational Objectives (PEO) | Electronics & Telecommunications Engine","C, C++ and Java coding skills From 15-26 June, 2020",133760,application/pdf,"Tue, 21 Mar 2023 16:16:57 GMT",2026-08-21T19:00:54.412266,1,SIES | GST,,event,ca6d2121bcb3407f
https://siesgst.edu.in/images/arduino_16_19_dec.pdf,arduino_16_19_dec.pdf,https://siesgst.edu.in/electronics-telecommunications,SIES | GST,"Internship on ""Embedded System Design using Arduinoâ€ From 16-19 Dec, 2019 | B.E. Electronics & Telecommunication Engineering program is accredited by NBA for Academic Years 2021-2022 to 2023-2024 extended up to 30-06-2027. | Vision | Mission | Program Educational Objectives (PEO) | Electronics & T","Internship on ""Embedded System Design using Arduinoâ€ From 16-19 Dec, 2019",132305,application/pdf,"Tue, 21 Mar 2023 16:18:46 GMT",2026-08-21T19:00:54.625225,1,SIES | GST,,general,d3757f71361016bf
https://siesgst.edu.in/images/armembed_6_15_dec.pdf,armembed_6_15_dec.pdf,https://siesgst.edu.in/electronics-telecommunications,SIES | GST,"Internship on Embedded Systems - ARM Mbed Platform and Node MCU From 6-15 Dec, 2019 | B.E. Electronics & Telecommunication Engineering program is accredited by NBA for Academic Years 2021-2022 to 2023-2024 extended up to 30-06-2027. | Vision | Mission | Program Educational Objectives (PEO) | Electro","Internship on Embedded Systems - ARM Mbed Platform and Node MCU From 6-15 Dec, 2019",34278,application/pdf,"Tue, 21 Mar 2023 16:19:44 GMT",2026-08-21T19:00:54.836885,1,SIES | GST,,form,c561f95b1a3743f6
https://siesgst.edu.in/images/Web_4_9_dec.pdf,Web_4_9_dec.pdf,https://siesgst.edu.in/electronics-telecommunications,SIES | GST,"5 days Hands on Training on Web Development Technologies From 5 - 9 Dec,2019 | B.E. Electronics & Telecommunication Engineering program is accredited by NBA for Academic Years 2021-2022 to 2023-2024 extended up to 30-06-2027. | Vision | Mission | Program Educational Objectives (PEO) | Electronics & ","5 days Hands on Training on Web Development Technologies From 5 - 9 Dec,2019",178939,application/pdf,"Tue, 21 Mar 2023 16:21:12 GMT",2026-08-21T19:00:55.058043,1,SIES | GST,,department,70f0d4bb546ef874
https://siesgst.edu.in/images/armembed_24_28_june.pdf,armembed_24_28_june.pdf,https://siesgst.edu.in/electronics-telecommunications,SIES | GST,"5 days Hands on Training on Embedded Systems - ARM Mbed Platform and Node MCU From 24-28 June, 2019 | B.E. Electronics & Telecommunication Engineering program is accredited by NBA for Academic Years 2021-2022 to 2023-2024 extended up to 30-06-2027. | Vision | Mission | Program Educational Objectives","5 days Hands on Training on Embedded Systems - ARM Mbed Platform and Node MCU From 24-28 June, 2019",34583,application/pdf,"Tue, 21 Mar 2023 16:25:43 GMT",2026-08-21T19:00:55.286257,1,SIES | GST,,form,e985757832bbf1a8
https://siesgst.edu.in/images/Arduino_19_jan.pdf,Arduino_19_jan.pdf,https://siesgst.edu.in/electronics-telecommunications,SIES | GST,"One day Hands on Training on Workshop on Arduino with sensor and display interfacing on 19 Jan, 2019 | B.E. Electronics & Telecommunication Engineering program is accredited by NBA for Academic Years 2021-2022 to 2023-2024 extended up to 30-06-2027. | Vision | Mission | Program Educational Objective","One day Hands on Training on Workshop on Arduino with sensor and display interfacing on 19 Jan, 2019",314461,application/pdf,"Tue, 21 Mar 2023 16:26:35 GMT",2026-08-21T19:00:55.504949,1,SIES | GST,,event,a4e6b43fed3c9875
https://siesgst.edu.in/images/armembed_19_21_dec.pdf,armembed_19_21_dec.pdf,https://siesgst.edu.in/electronics-telecommunications,SIES | GST,"5 days Hands on Training on Embedded Systems - ARM Mbed Platform and Node MCU From 19-21 Dec, 2018 and 2 days in Jan, 2019 | B.E. Electronics & Telecommunication Engineering program is accredited by NBA for Academic Years 2021-2022 to 2023-2024 extended up to 30-06-2027. | Vision | Mission | Program","5 days Hands on Training on Embedded Systems - ARM Mbed Platform and Node MCU From 19-21 Dec, 2018 and 2 days in Jan, 2019",38252,application/pdf,"Tue, 21 Mar 2023 16:27:48 GMT",2026-08-21T19:00:55.740015,1,SIES | GST,,form,75275aba72ca91fe
https://siesgst.edu.in/images/fpga_4_5_aug_29_sep.pdf,fpga_4_5_aug_29_sep.pdf,https://siesgst.edu.in/electronics-telecommunications,SIES | GST,"3 days Hands on Training on FPGA Design using VHDL From 4-5 Aug & 29 Sep, 2018 | B.E. Electronics & Telecommunication Engineering program is accredited by NBA for Academic Years 2021-2022 to 2023-2024 extended up to 30-06-2027. | Vision | Mission | Program Educational Objectives (PEO) | Electronics ","3 days Hands on Training on FPGA Design using VHDL From 4-5 Aug & 29 Sep, 2018",22709,application/pdf,"Tue, 21 Mar 2023 16:28:41 GMT",2026-08-21T19:00:55.954409,1,SIES | GST,,general,c7c6ebcf71c45d86
https://siesgst.edu.in/images/Advance_antenna_4_11_18_july.pdf,Advance_antenna_4_11_18_july.pdf,https://siesgst.edu.in/electronics-telecommunications,SIES | GST,"3 days Hands on Training on Advanced Antenna Design using IE3D on 4, 11, 18 July, 2018 | B.E. Electronics & Telecommunication Engineering program is accredited by NBA for Academic Years 2021-2022 to 2023-2024 extended up to 30-06-2027. | Vision | Mission | Program Educational Objectives (PEO) | Elec","3 days Hands on Training on Advanced Antenna Design using IE3D on 4, 11, 18 July, 2018",326651,application/pdf,"Tue, 21 Mar 2023 16:29:38 GMT",2026-08-21T19:00:56.174971,1,SIES | GST,Computer Engineering,department,3367225fcb14f89f
https://siesgst.edu.in/images/EXTC_SDP/SDP Arduino_Workshop_SH_2017.pdf,SDP Arduino_Workshop_SH_2017.pdf,https://siesgst.edu.in/electronics-telecommunications,SIES | GST,5 days Hands on Training on Embedded System Design using Arduino from 26th to 30th December 2017. | B.E. Electronics & Telecommunication Engineering program is accredited by NBA for Academic Years 2021-2022 to 2023-2024 extended up to 30-06-2027. | Vision | Mission | Program Educational Objectives (,5 days Hands on Training on Embedded System Design using Arduino from 26th to 30th December 2017.,316689,application/pdf,"Sun, 30 Oct 2022 06:09:38 GMT",2026-08-21T19:00:56.411565,1,SIES | GST,Computer Engineering,event,aa951e16b3d42960
https://siesgst.edu.in/images/EXTC_SDP/SDP Embedded systems_SH 17.pdf,SDP Embedded systems_SH 17.pdf,https://siesgst.edu.in/electronics-telecommunications,SIES | GST,3 days Hands on Training on Embedded Systems - ARM Mbed Platform from 20th to 22nd December 2017. | B.E. Electronics & Telecommunication Engineering program is accredited by NBA for Academic Years 2021-2022 to 2023-2024 extended up to 30-06-2027. | Vision | Mission | Program Educational Objectives (,3 days Hands on Training on Embedded Systems - ARM Mbed Platform from 20th to 22nd December 2017.,22936,application/pdf,"Sun, 30 Oct 2022 06:09:44 GMT",2026-08-21T19:00:56.630379,1,SIES | GST,Computer Engineering,event,dfff8c6d6a2bb17f
https://siesgst.edu.in/images/SDP_FPGA_SH17.pdf,SDP_FPGA_SH17.pdf,https://siesgst.edu.in/electronics-telecommunications,SIES | GST,3 days Hands on Training on FPGA Design using VHDL from 20-22 Dec 2017. | B.E. Electronics & Telecommunication Engineering program is accredited by NBA for Academic Years 2021-2022 to 2023-2024 extended up to 30-06-2027. | Vision | Mission | Program Educational Objectives (PEO) | Electronics & Telec,3 days Hands on Training on FPGA Design using VHDL from 20-22 Dec 2017.,63841,application/pdf,"Fri, 24 Mar 2023 07:15:38 GMT",2026-08-21T19:00:56.851501,1,SIES | GST,,event,44de2c8ac10c85a7
https://siesgst.edu.in/images/IE3D_workshop.pdf,IE3D_workshop.pdf,https://siesgst.edu.in/electronics-telecommunications,SIES | GST,"3 days Hands on Training on 
						Antenna Design using IE3D | B.E. Electronics & Telecommunication Engineering program is accredited by NBA for Academic Years 2021-2022 to 2023-2024 extended up to 30-06-2027. | Vision | Mission | Program Educational Objectives (PEO) | Electronics & Telecommunicati","3 days Hands on Training on 
						Antenna Design using IE3D",308732,application/pdf,"Fri, 24 Mar 2023 07:18:21 GMT",2026-08-21T19:00:57.064301,1,SIES | GST,,event,1832266580c36e6c
https://siesgst.edu.in/images/SDP Arduino_Workshop_FH_2018.pdf,SDP Arduino_Workshop_FH_2018.pdf,https://siesgst.edu.in/electronics-telecommunications,SIES | GST,"5 days Hands on Training on ""Embedded System Design using Arduinoâ€ 20th to 24rd June 2018 . | B.E. Electronics & Telecommunication Engineering program is accredited by NBA for Academic Years 2021-2022 to 2023-2024 extended up to 30-06-2027. | Vision | Mission | Program Educational Objectives (PEO)","5 days Hands on Training on ""Embedded System Design using Arduinoâ€ 20th to 24rd June 2018",317254,application/pdf,"Fri, 24 Mar 2023 07:21:21 GMT",2026-08-21T19:00:57.296603,1,SIES | GST,,event,2972e51f29ead80a
https://siesgst.edu.in/images/SDP Embedded sytems_FH 18.pdf,SDP Embedded sytems_FH 18.pdf,https://siesgst.edu.in/electronics-telecommunications,SIES | GST,"3 days Hands on Training on Embedded system Arm Mbed Platform From 19-21 June, 2018. | B.E. Electronics & Telecommunication Engineering program is accredited by NBA for Academic Years 2021-2022 to 2023-2024 extended up to 30-06-2027. | Vision | Mission | Program Educational Objectives (PEO) | Electr","3 days Hands on Training on Embedded system Arm Mbed Platform From 19-21 June, 2018.",23533,application/pdf,"Fri, 24 Mar 2023 07:25:59 GMT",2026-08-21T19:00:57.511721,1,SIES | GST,,event,56f378c6e9ddb4e1
https://siesgst.edu.in/images/SDP IoT_Workshop_FH_2018.pdf,SDP IoT_Workshop_FH_2018.pdf,https://siesgst.edu.in/electronics-telecommunications,SIES | GST,"5 days Hands on Training on Internet of Thing from 18-22 June, 2018. | B.E. Electronics & Telecommunication Engineering program is accredited by NBA for Academic Years 2021-2022 to 2023-2024 extended up to 30-06-2027. | Vision | Mission | Program Educational Objectives (PEO) | Electronics & Telecomm","5 days Hands on Training on Internet of Thing from 18-22 June, 2018.",315966,application/pdf,"Fri, 24 Mar 2023 07:27:45 GMT",2026-08-21T19:00:57.730054,1,SIES | GST,CSE (IoT & Cyber Security),event,b5a435557f571a55
https://siesgst.edu.in/images/EXTC-News-Letter-FH2025.pdf,EXTC-News-Letter-FH2025.pdf,https://siesgst.edu.in/electronics-telecommunications,SIES | GST,"Department Newsletter FH2025 | B.E. Electronics & Telecommunication Engineering program is accredited by NBA for Academic Years 2021-2022 to 2023-2024 extended up to 30-06-2027. | Vision | Mission | Program Educational Objectives (PEO) | Electronics & Telecommunications Engineering : PSO, POâ€™s & C",Department Newsletter FH2025,556168,application/pdf,"Fri, 20 Jun 2025 13:31:43 GMT",2026-08-21T19:00:57.946637,1,SIES | GST,Electronics & Telecommunication,department,381095849491d705
https://siesgst.edu.in/images/EXTC-News-Letter-SH2024.pdf,EXTC-News-Letter-SH2024.pdf,https://siesgst.edu.in/electronics-telecommunications,SIES | GST,"Department Newsletter SH2024 | B.E. Electronics & Telecommunication Engineering program is accredited by NBA for Academic Years 2021-2022 to 2023-2024 extended up to 30-06-2027. | Vision | Mission | Program Educational Objectives (PEO) | Electronics & Telecommunications Engineering : PSO, POâ€™s & C",Department Newsletter SH2024,526318,application/pdf,"Tue, 17 Jun 2025 08:46:39 GMT",2026-08-21T19:00:58.160592,1,SIES | GST,Electronics & Telecommunication,department,087c1b731e7bca35
https://siesgst.edu.in/images/EXTC-News-Letter-FH2024.pdf,EXTC-News-Letter-FH2024.pdf,https://siesgst.edu.in/electronics-telecommunications,SIES | GST,"Department Newsletter FH2024 | B.E. Electronics & Telecommunication Engineering program is accredited by NBA for Academic Years 2021-2022 to 2023-2024 extended up to 30-06-2027. | Vision | Mission | Program Educational Objectives (PEO) | Electronics & Telecommunications Engineering : PSO, POâ€™s & C",Department Newsletter FH2024,458868,application/pdf,"Tue, 17 Jun 2025 06:11:04 GMT",2026-08-21T19:00:58.373617,1,SIES | GST,Electronics & Telecommunication,department,aef24e28360a278c
https://siesgst.edu.in/images/EXTC-News-Letter-SH2023.pdf,EXTC-News-Letter-SH2023.pdf,https://siesgst.edu.in/electronics-telecommunications,SIES | GST,"Department Newsletter SH2023 | B.E. Electronics & Telecommunication Engineering program is accredited by NBA for Academic Years 2021-2022 to 2023-2024 extended up to 30-06-2027. | Vision | Mission | Program Educational Objectives (PEO) | Electronics & Telecommunications Engineering : PSO, POâ€™s & C",Department Newsletter SH2023,488460,application/pdf,"Sat, 30 Mar 2024 04:11:27 GMT",2026-08-21T19:00:58.587416,1,SIES | GST,Electronics & Telecommunication,department,204720da89c93ba8
https://siesgst.edu.in/images/EXTC-News-Letter-FH2023 (1).pdf,EXTC-News-Letter-FH2023 (1).pdf,https://siesgst.edu.in/electronics-telecommunications,SIES | GST,"Department Newsletter FH2023 | B.E. Electronics & Telecommunication Engineering program is accredited by NBA for Academic Years 2021-2022 to 2023-2024 extended up to 30-06-2027. | Vision | Mission | Program Educational Objectives (PEO) | Electronics & Telecommunications Engineering : PSO, POâ€™s & C",Department Newsletter FH2023,424465,application/pdf,"Mon, 31 Jul 2023 09:58:47 GMT",2026-08-21T19:00:58.801444,1,SIES | GST,Electronics & Telecommunication,department,8cb8d807776faae4
https://siesgst.edu.in/images/News-Letter-SH2022.pdf,News-Letter-SH2022.pdf,https://siesgst.edu.in/electronics-telecommunications,SIES | GST,"Department Newsletter SH2022 | B.E. Electronics & Telecommunication Engineering program is accredited by NBA for Academic Years 2021-2022 to 2023-2024 extended up to 30-06-2027. | Vision | Mission | Program Educational Objectives (PEO) | Electronics & Telecommunications Engineering : PSO, POâ€™s & C",Department Newsletter SH2022,407724,application/pdf,"Tue, 09 May 2023 05:25:47 GMT",2026-08-21T19:00:59.014880,1,SIES | GST,,department,204cf16fbf79f7ed
https://siesgst.edu.in/images/NEWSLETTER/IT_SH2020.pdf,IT_SH2020.pdf,https://siesgst.edu.in/electronics-telecommunications,SIES | GST,"Department Newsletter SH2022 | B.E. Electronics & Telecommunication Engineering program is accredited by NBA for Academic Years 2021-2022 to 2023-2024 extended up to 30-06-2027. | Vision | Mission | Program Educational Objectives (PEO) | Electronics & Telecommunications Engineering : PSO, POâ€™s & C",,519303,application/pdf,"Sun, 28 Nov 2021 07:36:31 GMT",2026-08-21T19:00:59.227520,1,SIES | GST,,department,e89b9225f8a94928
https://siesgst.edu.in/images/News-Letter-FH2022.pdf,News-Letter-FH2022.pdf,https://siesgst.edu.in/electronics-telecommunications,SIES | GST,"Department Newsletter FH2022 | B.E. Electronics & Telecommunication Engineering program is accredited by NBA for Academic Years 2021-2022 to 2023-2024 extended up to 30-06-2027. | Vision | Mission | Program Educational Objectives (PEO) | Electronics & Telecommunications Engineering : PSO, POâ€™s & C",Department Newsletter FH2022,470968,application/pdf,"Fri, 24 Mar 2023 09:01:54 GMT",2026-08-21T19:00:59.440387,1,SIES | GST,,department,0bfc85fbed7d60a2
https://siesgst.edu.in/images/News-Letter--SH2021.pdf,News-Letter--SH2021.pdf,https://siesgst.edu.in/electronics-telecommunications,SIES | GST,"Department Newsletter SH2021 | B.E. Electronics & Telecommunication Engineering program is accredited by NBA for Academic Years 2021-2022 to 2023-2024 extended up to 30-06-2027. | Vision | Mission | Program Educational Objectives (PEO) | Electronics & Telecommunications Engineering : PSO, POâ€™s & C",Department Newsletter SH2021,351926,application/pdf,"Sat, 16 Sep 2023 16:00:12 GMT",2026-08-21T19:00:59.656103,1,SIES | GST,,department,4abe2c4a58895883
https://siesgst.edu.in/images/NEWSLETTER/EXTC-News-Letter-FH2021.pdf,EXTC-News-Letter-FH2021.pdf,https://siesgst.edu.in/electronics-telecommunications,SIES | GST,"Department Newsletter FH2021 | B.E. Electronics & Telecommunication Engineering program is accredited by NBA for Academic Years 2021-2022 to 2023-2024 extended up to 30-06-2027. | Vision | Mission | Program Educational Objectives (PEO) | Electronics & Telecommunications Engineering : PSO, POâ€™s & C",Department Newsletter FH2021,443264,application/pdf,"Sun, 28 Nov 2021 14:22:46 GMT",2026-08-21T19:00:59.869434,1,SIES | GST,Electronics & Telecommunication,department,846b36fd48521101
https://siesgst.edu.in/images/NEWSLETTER/EXTC-Newsletter-SH2020.pdf,EXTC-Newsletter-SH2020.pdf,https://siesgst.edu.in/electronics-telecommunications,SIES | GST,"Department Newsletter SH2020 | B.E. Electronics & Telecommunication Engineering program is accredited by NBA for Academic Years 2021-2022 to 2023-2024 extended up to 30-06-2027. | Vision | Mission | Program Educational Objectives (PEO) | Electronics & Telecommunications Engineering : PSO, POâ€™s & C",Department Newsletter SH2020,405765,application/pdf,"Sun, 28 Nov 2021 14:23:21 GMT",2026-08-21T19:01:00.083767,1,SIES | GST,Electronics & Telecommunication,department,d3ff4ac65dfdae9a
https://siesgst.edu.in/images/Technozine Magazine Vol-9.pdf,Technozine Magazine Vol-9.pdf,https://siesgst.edu.in/electronics-telecommunications,SIES | GST,"Technozine Magazine Vol 9 | B.E. Electronics & Telecommunication Engineering program is accredited by NBA for Academic Years 2021-2022 to 2023-2024 extended up to 30-06-2027. | Vision | Mission | Program Educational Objectives (PEO) | Electronics & Telecommunications Engineering : PSO, POâ€™s & COâ€",Technozine Magazine Vol 9,38260576,application/pdf,"Wed, 18 Jun 2025 09:30:59 GMT",2026-08-21T19:01:00.321628,1,SIES | GST,,general,dda2dbc596008f47
https://siesgst.edu.in/images/Technozine Magazine Vol-8.pdf,Technozine Magazine Vol-8.pdf,https://siesgst.edu.in/electronics-telecommunications,SIES | GST,"Technozine Magazine Vol 8 | B.E. Electronics & Telecommunication Engineering program is accredited by NBA for Academic Years 2021-2022 to 2023-2024 extended up to 30-06-2027. | Vision | Mission | Program Educational Objectives (PEO) | Electronics & Telecommunications Engineering : PSO, POâ€™s & COâ€",Technozine Magazine Vol 8,71906714,application/pdf,"Wed, 18 Jun 2025 09:31:28 GMT",2026-08-21T19:01:00.538734,1,SIES | GST,,general,cabe7b711badb5d5
https://siesgst.edu.in/images/Technozine Magazine vol-7.pdf,Technozine Magazine vol-7.pdf,https://siesgst.edu.in/electronics-telecommunications,SIES | GST,"Technozine Magazine Vol 7 | B.E. Electronics & Telecommunication Engineering program is accredited by NBA for Academic Years 2021-2022 to 2023-2024 extended up to 30-06-2027. | Vision | Mission | Program Educational Objectives (PEO) | Electronics & Telecommunications Engineering : PSO, POâ€™s & COâ€",Technozine Magazine Vol 7,12888965,application/pdf,"Wed, 18 Jun 2025 09:30:36 GMT",2026-08-21T19:01:00.751834,1,SIES | GST,,general,b68b9f53c564773d
https://siesgst.edu.in/images/Technozine Magazine Vol-6.pdf,Technozine Magazine Vol-6.pdf,https://siesgst.edu.in/electronics-telecommunications,SIES | GST,"Technozine Magazine Vol 6 | B.E. Electronics & Telecommunication Engineering program is accredited by NBA for Academic Years 2021-2022 to 2023-2024 extended up to 30-06-2027. | Vision | Mission | Program Educational Objectives (PEO) | Electronics & Telecommunications Engineering : PSO, POâ€™s & COâ€",Technozine Magazine Vol 6,10070804,application/pdf,"Wed, 18 Jun 2025 09:30:34 GMT",2026-08-21T19:01:00.971088,1,SIES | GST,,general,b25bcae88c517a6c
https://siesgst.edu.in/images/NEWSLETTER/TechnoZine_Vol_5.pdf,TechnoZine_Vol_5.pdf,https://siesgst.edu.in/electronics-telecommunications,SIES | GST,"Technozine Magazine Vol 5 | B.E. Electronics & Telecommunication Engineering program is accredited by NBA for Academic Years 2021-2022 to 2023-2024 extended up to 30-06-2027. | Vision | Mission | Program Educational Objectives (PEO) | Electronics & Telecommunications Engineering : PSO, POâ€™s & COâ€",Technozine Magazine Vol 5,1615921,application/pdf,"Mon, 29 Nov 2021 10:41:13 GMT",2026-08-21T19:01:01.189918,1,SIES | GST,,general,07a45095eb7824fb
https://siesgst.edu.in/images/CE_Rev2019.pdf,CE_Rev2019.pdf,https://siesgst.edu.in/computer-engineering,SIES | GST,"Course Outcomes CE R19 | B.E. Computer Engineering program is accredited by NBA for Academic Years 2021-2022 to 2023-2024 extended up to 30-06-2027. | Vision | Mission | Program Educational Objectives (PEO) | Computer Engineering : PSO, POâ€™s & COâ€™s | Program Specific Outcomes (PSO) | Program Out",Course Outcomes CE R19,9503291,application/pdf,"Tue, 28 Mar 2023 08:39:24 GMT",2026-08-21T19:01:02.874711,1,SIES | GST,Computer Engineering,exam,2058f40299707b06
https://siesgst.edu.in/images/CO_CE_21-22.pdf,CO_CE_21-22.pdf,https://siesgst.edu.in/computer-engineering,SIES | GST,"Course Outcomes CE 2021-22 | B.E. Computer Engineering program is accredited by NBA for Academic Years 2021-2022 to 2023-2024 extended up to 30-06-2027. | Vision | Mission | Program Educational Objectives (PEO) | Computer Engineering : PSO, POâ€™s & COâ€™s | Program Specific Outcomes (PSO) | Program",Course Outcomes CE 2021-22,10159471,application/pdf,"Sat, 01 Apr 2023 05:17:58 GMT",2026-08-21T19:01:03.078828,1,SIES | GST,Computer Engineering,exam,e1c12b6c19496762
https://siesgst.edu.in/images/Autonomy/CE_BOS_24_25.pdf,CE_BOS_24_25.pdf,https://siesgst.edu.in/computer-engineering,SIES | GST,"Academic Year 2024-25 | B.E. Computer Engineering program is accredited by NBA for Academic Years 2021-2022 to 2023-2024 extended up to 30-06-2027. | Vision | Mission | Program Educational Objectives (PEO) | Computer Engineering : PSO, POâ€™s & COâ€™s | Program Specific Outcomes (PSO) | Program Outc",Academic Year 2024-25,552868,application/pdf,"Tue, 24 Jun 2025 10:51:55 GMT",2026-08-21T19:01:03.283904,1,SIES | GST,Computer Engineering,exam,15620f0bb1d3564f
https://siesgst.edu.in/images/Website Syllabus SE CE R24_jan26.pdf,Website Syllabus SE CE R24_jan26.pdf,https://siesgst.edu.in/computer-engineering,SIES | GST,"Second Year Syllabus R-2024 (Autonomous) | B.E. Computer Engineering program is accredited by NBA for Academic Years 2021-2022 to 2023-2024 extended up to 30-06-2027. | Vision | Mission | Program Educational Objectives (PEO) | Computer Engineering : PSO, POâ€™s & COâ€™s | Program Specific Outcomes (",Second Year Syllabus R-2024 (Autonomous),2337146,application/pdf,"Fri, 09 Jan 2026 10:28:24 GMT",2026-08-21T19:01:03.490141,1,SIES | GST,Computer Engineering,syllabus,4df440fe6779fa59
https://siesgst.edu.in/images/TE CE R24 (1).pdf,TE CE R24 (1).pdf,https://siesgst.edu.in/computer-engineering,SIES | GST,"Third Year Syllabus R-2024 draft (Autonomous) | B.E. Computer Engineering program is accredited by NBA for Academic Years 2021-2022 to 2023-2024 extended up to 30-06-2027. | Vision | Mission | Program Educational Objectives (PEO) | Computer Engineering : PSO, POâ€™s & COâ€™s | Program Specific Outco",Third Year Syllabus R-2024 draft (Autonomous),3495976,application/pdf,"Tue, 09 Jun 2026 09:39:29 GMT",2026-08-21T19:01:03.719479,1,SIES | GST,Computer Engineering,syllabus,b21914344d9996fd
https://siesgst.edu.in/images/SE_Comp_R2019.pdf,SE_Comp_R2019.pdf,https://siesgst.edu.in/computer-engineering,SIES | GST,"Second Year CE Syllabus R-2019 | B.E. Computer Engineering program is accredited by NBA for Academic Years 2021-2022 to 2023-2024 extended up to 30-06-2027. | Vision | Mission | Program Educational Objectives (PEO) | Computer Engineering : PSO, POâ€™s & COâ€™s | Program Specific Outcomes (PSO) | Pro",Second Year CE Syllabus R-2019,967594,application/pdf,"Thu, 26 May 2022 06:10:46 GMT",2026-08-21T19:01:03.957405,1,SIES | GST,Computer Engineering,syllabus,269269be7d374b69
https://siesgst.edu.in/images/TE_Syllabus_R2019 Oct31.pdf,TE_Syllabus_R2019 Oct31.pdf,https://siesgst.edu.in/computer-engineering,SIES | GST,"Third year CE Syllabus R-2019 | B.E. Computer Engineering program is accredited by NBA for Academic Years 2021-2022 to 2023-2024 extended up to 30-06-2027. | Vision | Mission | Program Educational Objectives (PEO) | Computer Engineering : PSO, POâ€™s & COâ€™s | Program Specific Outcomes (PSO) | Prog",Third year CE Syllabus R-2019,1498285,application/pdf,"Mon, 09 Jan 2023 05:14:05 GMT",2026-08-21T19:01:04.179352,1,SIES | GST,Computer Engineering,syllabus,1dbe490efa8fb44d
https://siesgst.edu.in/images/6.41_BE_Comp_Engg_R2019.pdf,6.41_BE_Comp_Engg_R2019.pdf,https://siesgst.edu.in/computer-engineering,SIES | GST,"Final year CE Syllabus R-2019 | B.E. Computer Engineering program is accredited by NBA for Academic Years 2021-2022 to 2023-2024 extended up to 30-06-2027. | Vision | Mission | Program Educational Objectives (PEO) | Computer Engineering : PSO, POâ€™s & COâ€™s | Program Specific Outcomes (PSO) | Prog",Final year CE Syllabus R-2019,1759801,application/pdf,"Mon, 09 Jan 2023 05:15:25 GMT",2026-08-21T19:01:04.394642,1,SIES | GST,Computer Engineering,syllabus,bbb5cf627a9fc018
https://siesgst.edu.in/docs/sycesyll.pdf,sycesyll.pdf,https://siesgst.edu.in/computer-engineering,SIES | GST,"Second Year CE Syllabus R-2016 | B.E. Computer Engineering program is accredited by NBA for Academic Years 2021-2022 to 2023-2024 extended up to 30-06-2027. | Vision | Mission | Program Educational Objectives (PEO) | Computer Engineering : PSO, POâ€™s & COâ€™s | Program Specific Outcomes (PSO) | Pro",Second Year CE Syllabus R-2016,779313,application/pdf,"Thu, 12 Aug 2021 11:50:12 GMT",2026-08-21T19:01:04.695154,1,SIES | GST,Computer Engineering,syllabus,df8210e092c01c7a
https://siesgst.edu.in/docs/tyce.pdf,tyce.pdf,https://siesgst.edu.in/computer-engineering,SIES | GST,"Third Year & Final Year CE Syllabus R-2016 | B.E. Computer Engineering program is accredited by NBA for Academic Years 2021-2022 to 2023-2024 extended up to 30-06-2027. | Vision | Mission | Program Educational Objectives (PEO) | Computer Engineering : PSO, POâ€™s & COâ€™s | Program Specific Outcomes",Third Year & Final Year CE Syllabus R-2016,1791498,application/pdf,"Thu, 12 Aug 2021 11:50:31 GMT",2026-08-21T19:01:04.943877,1,SIES | GST,Computer Engineering,syllabus,89ed98b2fc53e50a
https://siesgst.edu.in/docs/Curriculum_CE_R16.pdf,Curriculum_CE_R16.pdf,https://siesgst.edu.in/computer-engineering,SIES | GST,"Curriculum Revised 2016 | B.E. Computer Engineering program is accredited by NBA for Academic Years 2021-2022 to 2023-2024 extended up to 30-06-2027. | Vision | Mission | Program Educational Objectives (PEO) | Computer Engineering : PSO, POâ€™s & COâ€™s | Program Specific Outcomes (PSO) | Program Ou",Curriculum Revised 2016,94160,application/pdf,"Thu, 12 Aug 2021 11:44:40 GMT",2026-08-21T19:01:05.147821,1,SIES | GST,Computer Engineering,syllabus,7133a1420c256a45
https://siesgst.edu.in/docs/Curriculum_CE_R19.pdf,Curriculum_CE_R19.pdf,https://siesgst.edu.in/computer-engineering,SIES | GST,"Curriculum Revised 2019 | B.E. Computer Engineering program is accredited by NBA for Academic Years 2021-2022 to 2023-2024 extended up to 30-06-2027. | Vision | Mission | Program Educational Objectives (PEO) | Computer Engineering : PSO, POâ€™s & COâ€™s | Program Specific Outcomes (PSO) | Program Ou",Curriculum Revised 2019,70224,application/pdf,"Thu, 12 Aug 2021 11:44:41 GMT",2026-08-21T19:01:05.355745,1,SIES | GST,Computer Engineering,syllabus,2213eab52fbb056d
https://siesgst.edu.in/images/CE_TT_FH2026.pdf,CE_TT_FH2026.pdf,https://siesgst.edu.in/computer-engineering,SIES | GST,"Time Table FH2026 | B.E. Computer Engineering program is accredited by NBA for Academic Years 2021-2022 to 2023-2024 extended up to 30-06-2027. | Vision | Mission | Program Educational Objectives (PEO) | Computer Engineering : PSO, POâ€™s & COâ€™s | Program Specific Outcomes (PSO) | Program Outcomes",Time Table FH2026,62171,application/pdf,"Wed, 11 Mar 2026 05:10:11 GMT",2026-08-21T19:01:05.560947,1,SIES | GST,Computer Engineering,timetable,fc13038e6d37cbeb
https://siesgst.edu.in/images/Academic Calender.pdf,Academic Calender.pdf,https://siesgst.edu.in/computer-engineering,SIES | GST,"Department Academic Calender | B.E. Computer Engineering program is accredited by NBA for Academic Years 2021-2022 to 2023-2024 extended up to 30-06-2027. | Vision | Mission | Program Educational Objectives (PEO) | Computer Engineering : PSO, POâ€™s & COâ€™s | Program Specific Outcomes (PSO) | Progr",Department Academic Calender,1959870,application/pdf,"Sat, 20 Apr 2024 03:08:35 GMT",2026-08-21T19:01:05.771125,1,SIES | GST,,department,9a9eded554d84b5b
https://siesgst.edu.in/images/Annual Report_CE_2024-25.pdf,Annual Report_CE_2024-25.pdf,https://siesgst.edu.in/computer-engineering,SIES | GST,"Annual Report 2024-25 | B.E. Computer Engineering program is accredited by NBA for Academic Years 2021-2022 to 2023-2024 extended up to 30-06-2027. | Vision | Mission | Program Educational Objectives (PEO) | Computer Engineering : PSO, POâ€™s & COâ€™s | Program Specific Outcomes (PSO) | Program Outc",Annual Report 2024-25,3366711,application/pdf,"Sat, 28 Jun 2025 01:22:44 GMT",2026-08-21T19:01:05.976649,1,SIES | GST,Computer Engineering,report,30a65dda81d445b3
https://siesgst.edu.in/images/Annual Report_CE_2023-24.pdf,Annual Report_CE_2023-24.pdf,https://siesgst.edu.in/computer-engineering,SIES | GST,"Annual Report 2023-24 | B.E. Computer Engineering program is accredited by NBA for Academic Years 2021-2022 to 2023-2024 extended up to 30-06-2027. | Vision | Mission | Program Educational Objectives (PEO) | Computer Engineering : PSO, POâ€™s & COâ€™s | Program Specific Outcomes (PSO) | Program Outc",Annual Report 2023-24,861082,application/pdf,"Sat, 28 Jun 2025 01:20:55 GMT",2026-08-21T19:01:06.181603,1,SIES | GST,Computer Engineering,report,8c60156bac162d84
https://siesgst.edu.in/images/SIES-CE-Annual Report-v3 (1).pdf,SIES-CE-Annual Report-v3 (1).pdf,https://siesgst.edu.in/computer-engineering,SIES | GST,"Annual Report 2022-23 | B.E. Computer Engineering program is accredited by NBA for Academic Years 2021-2022 to 2023-2024 extended up to 30-06-2027. | Vision | Mission | Program Educational Objectives (PEO) | Computer Engineering : PSO, POâ€™s & COâ€™s | Program Specific Outcomes (PSO) | Program Outc",Annual Report 2022-23,1241237,application/pdf,"Thu, 11 Apr 2024 07:10:25 GMT",2026-08-21T19:01:06.387681,1,SIES | GST,Computer Engineering,report,78e66d169c855ec4
https://siesgst.edu.in/docs/Annual-Report-CE-21-22.pdf,Annual-Report-CE-21-22.pdf,https://siesgst.edu.in/computer-engineering,SIES | GST,"Annual Report 2021-22 | B.E. Computer Engineering program is accredited by NBA for Academic Years 2021-2022 to 2023-2024 extended up to 30-06-2027. | Vision | Mission | Program Educational Objectives (PEO) | Computer Engineering : PSO, POâ€™s & COâ€™s | Program Specific Outcomes (PSO) | Program Outc",Annual Report 2021-22,297253,application/pdf,"Fri, 16 Sep 2022 07:11:18 GMT",2026-08-21T19:01:06.595294,1,SIES | GST,Computer Engineering,report,987864be4fb4a8e2
https://siesgst.edu.in/docs/Annual-Report-CE-20-21.pdf,Annual-Report-CE-20-21.pdf,https://siesgst.edu.in/computer-engineering,SIES | GST,"Annual Report 2020-21 | B.E. Computer Engineering program is accredited by NBA for Academic Years 2021-2022 to 2023-2024 extended up to 30-06-2027. | Vision | Mission | Program Educational Objectives (PEO) | Computer Engineering : PSO, POâ€™s & COâ€™s | Program Specific Outcomes (PSO) | Program Outc",Annual Report 2020-21,1963229,application/pdf,"Thu, 12 Aug 2021 11:43:18 GMT",2026-08-21T19:01:06.809764,1,SIES | GST,Computer Engineering,report,60ab020c314c1800
https://siesgst.edu.in/images/CE Planning of CSI Activities SH2024-25.pdf,CE Planning of CSI Activities SH2024-25.pdf,https://siesgst.edu.in/computer-engineering,SIES | GST,"SIESGST CSI Student Chapter 2024-25 | B.E. Computer Engineering program is accredited by NBA for Academic Years 2021-2022 to 2023-2024 extended up to 30-06-2027. | Vision | Mission | Program Educational Objectives (PEO) | Computer Engineering : PSO, POâ€™s & COâ€™s | Program Specific Outcomes (PSO) ",SIESGST CSI Student Chapter 2024-25,315872,application/pdf,"Mon, 23 Jun 2025 08:45:17 GMT",2026-08-21T19:01:07.021072,1,SIES | GST,Computer Engineering,department,4831fec131f3a4ba
https://siesgst.edu.in/images/Events planned under CSI -AY 2023-24.pdf,Events planned under CSI -AY 2023-24.pdf,https://siesgst.edu.in/computer-engineering,SIES | GST,"SIESGST CSI Student Chapter 2023-24 | B.E. Computer Engineering program is accredited by NBA for Academic Years 2021-2022 to 2023-2024 extended up to 30-06-2027. | Vision | Mission | Program Educational Objectives (PEO) | Computer Engineering : PSO, POâ€™s & COâ€™s | Program Specific Outcomes (PSO) ",SIESGST CSI Student Chapter 2023-24,161755,application/pdf,"Sat, 13 Apr 2024 03:35:01 GMT",2026-08-21T19:01:07.234251,1,SIES | GST,,event,314f0972d3fe1bf1
https://siesgst.edu.in/images/Events planned under CSI for AY 2022-23.pdf,Events planned under CSI for AY 2022-23.pdf,https://siesgst.edu.in/computer-engineering,SIES | GST,"SIESGST CSI Student Chapter 2022-23 | B.E. Computer Engineering program is accredited by NBA for Academic Years 2021-2022 to 2023-2024 extended up to 30-06-2027. | Vision | Mission | Program Educational Objectives (PEO) | Computer Engineering : PSO, POâ€™s & COâ€™s | Program Specific Outcomes (PSO) ",SIESGST CSI Student Chapter 2022-23,152047,application/pdf,"Sat, 13 Apr 2024 03:34:07 GMT",2026-08-21T19:01:07.448619,1,SIES | GST,,event,30d491da7ac3c288
https://siesgst.edu.in/images/CSI Activities 2021-22.pdf,CSI Activities 2021-22.pdf,https://siesgst.edu.in/computer-engineering,SIES | GST,"SIESGST CSI Student Chapter 2021-22 | B.E. Computer Engineering program is accredited by NBA for Academic Years 2021-2022 to 2023-2024 extended up to 30-06-2027. | Vision | Mission | Program Educational Objectives (PEO) | Computer Engineering : PSO, POâ€™s & COâ€™s | Program Specific Outcomes (PSO) ",SIESGST CSI Student Chapter 2021-22,548210,application/pdf,"Mon, 19 Sep 2022 05:18:23 GMT",2026-08-21T19:01:07.661380,1,SIES | GST,,department,a734da72b26a9263
https://siesgst.edu.in/images/CSI Activities 2020-21.pdf,CSI Activities 2020-21.pdf,https://siesgst.edu.in/computer-engineering,SIES | GST,"SIESGST CSI Student Chapter 2020-21 | B.E. Computer Engineering program is accredited by NBA for Academic Years 2021-2022 to 2023-2024 extended up to 30-06-2027. | Vision | Mission | Program Educational Objectives (PEO) | Computer Engineering : PSO, POâ€™s & COâ€™s | Program Specific Outcomes (PSO) ",SIESGST CSI Student Chapter 2020-21,575408,application/pdf,"Mon, 19 Sep 2022 05:19:14 GMT",2026-08-21T19:01:07.871711,1,SIES | GST,,department,35fdc8211a9c6c78
https://siesgst.edu.in/docs/CSI Activities 19-20.pdf,CSI Activities 19-20.pdf,https://siesgst.edu.in/computer-engineering,SIES | GST,"SIESGST CSI Student Chapter 2019-20 | B.E. Computer Engineering program is accredited by NBA for Academic Years 2021-2022 to 2023-2024 extended up to 30-06-2027. | Vision | Mission | Program Educational Objectives (PEO) | Computer Engineering : PSO, POâ€™s & COâ€™s | Program Specific Outcomes (PSO) ",SIESGST CSI Student Chapter 2019-20,571856,application/pdf,"Thu, 12 Aug 2021 11:44:34 GMT",2026-08-21T19:01:08.084659,1,SIES | GST,,department,d5d195fb49419a9f
https://siesgst.edu.in/docs/CSI Activities 2018-19.pdf,CSI Activities 2018-19.pdf,https://siesgst.edu.in/computer-engineering,SIES | GST,"SIESGST CSI Student Chapter 2018-19 | B.E. Computer Engineering program is accredited by NBA for Academic Years 2021-2022 to 2023-2024 extended up to 30-06-2027. | Vision | Mission | Program Educational Objectives (PEO) | Computer Engineering : PSO, POâ€™s & COâ€™s | Program Specific Outcomes (PSO) ",SIESGST CSI Student Chapter 2018-19,699374,application/pdf,"Thu, 12 Aug 2021 11:44:37 GMT",2026-08-21T19:01:08.296487,1,SIES | GST,,department,00adea373816b60e
https://siesgst.edu.in/docs/CSI Activities 2017-18.pdf,CSI Activities 2017-18.pdf,https://siesgst.edu.in/computer-engineering,SIES | GST,"SIESGST CSI Student Chapter 2017-18 | B.E. Computer Engineering program is accredited by NBA for Academic Years 2021-2022 to 2023-2024 extended up to 30-06-2027. | Vision | Mission | Program Educational Objectives (PEO) | Computer Engineering : PSO, POâ€™s & COâ€™s | Program Specific Outcomes (PSO) ",SIESGST CSI Student Chapter 2017-18,594975,application/pdf,"Thu, 12 Aug 2021 11:44:35 GMT",2026-08-21T19:01:08.507538,1,SIES | GST,,department,e51dbc735fc916cd
"https://siesgst.edu.in/images/SDP Report on Modern Development Stack React JS, MongoDB,Express JS & Android SDP FH 2025.pdf","SDP Report on Modern Development Stack React JS, MongoDB,Express JS & Android SDP FH 2025.pdf",https://siesgst.edu.in/computer-engineering,SIES | GST,"Value Added Course on Modern Development Stack from Jane 6, 2025 - Jan 11, 2025 | B.E. Computer Engineering program is accredited by NBA for Academic Years 2021-2022 to 2023-2024 extended up to 30-06-2027. | Vision | Mission | Program Educational Objectives (PEO) | Computer Engineering : PSO, POâ€™s","Value Added Course on Modern Development Stack from Jane 6, 2025 - Jan 11, 2025",,text/html; charset=iso-8859-1,,2026-08-21T19:01:08.719479,1,SIES | GST,,event,1c8bde30b7b4e1f1
https://siesgst.edu.in/images/GEN AI SDP FH2025 Updated.pdf,GEN AI SDP FH2025 Updated.pdf,https://siesgst.edu.in/computer-engineering,SIES | GST,"Value added course on ""Generative AIâ€ from 6 jan to 11 jan 2025. | B.E. Computer Engineering program is accredited by NBA for Academic Years 2021-2022 to 2023-2024 extended up to 30-06-2027. | Vision | Mission | Program Educational Objectives (PEO) | Computer Engineering : PSO, POâ€™s & COâ€™s | P","Value added course on ""Generative AIâ€ from 6 jan to 11 jan 2025.",5900681,application/pdf,"Thu, 26 Jun 2025 03:15:22 GMT",2026-08-21T19:01:08.930424,1,SIES | GST,,event,706171b42d30f2a4
https://siesgst.edu.in/images/Data visualization value added course_report_SH_2024.pdf,Data visualization value added course_report_SH_2024.pdf,https://siesgst.edu.in/computer-engineering,SIES | GST,"Value Added Course on ""Data Visualization for Data Science "" from jun 24, 2024 - jun 29, 2024 | B.E. Computer Engineering program is accredited by NBA for Academic Years 2021-2022 to 2023-2024 extended up to 30-06-2027. | Vision | Mission | Program Educational Objectives (PEO) | Computer Engineering","Value Added Course on ""Data Visualization for Data Science "" from jun 24, 2024 - jun 29, 2024",2076432,application/pdf,"Thu, 26 Jun 2025 03:13:18 GMT",2026-08-21T19:01:09.141001,1,SIES | GST,Computer Engineering,report,747955209c15d46c
https://siesgst.edu.in/images/SDP_report_DevOps_2024arathi.pdf,SDP_report_DevOps_2024arathi.pdf,https://siesgst.edu.in/computer-engineering,SIES | GST,"Value Added Course on Devops from Jane 2, 2024 - Jan 6, 2024 | B.E. Computer Engineering program is accredited by NBA for Academic Years 2021-2022 to 2023-2024 extended up to 30-06-2027. | Vision | Mission | Program Educational Objectives (PEO) | Computer Engineering : PSO, POâ€™s & COâ€™s | Program","Value Added Course on Devops from Jane 2, 2024 - Jan 6, 2024",236529,application/pdf,"Fri, 12 Apr 2024 03:27:55 GMT",2026-08-21T19:01:09.353120,1,SIES | GST,,event,72a13ebd2ed1a043
https://siesgst.edu.in/images/Report_On_SDP - mobile and web app.pdf,Report_On_SDP - mobile and web app.pdf,https://siesgst.edu.in/computer-engineering,SIES | GST,"Web and Mobile app development from Jan 2, 2024 - Jan 8, 2024 | B.E. Computer Engineering program is accredited by NBA for Academic Years 2021-2022 to 2023-2024 extended up to 30-06-2027. | Vision | Mission | Program Educational Objectives (PEO) | Computer Engineering : PSO, POâ€™s & COâ€™s | Progra","Web and Mobile app development from Jan 2, 2024 - Jan 8, 2024",2026026,application/pdf,"Fri, 12 Apr 2024 03:30:46 GMT",2026-08-21T19:01:09.572791,1,SIES | GST,,event,db8006cded41c4a9
https://siesgst.edu.in/images/Report_On_SDP3_2024competitve coding.pdf,Report_On_SDP3_2024competitve coding.pdf,https://siesgst.edu.in/computer-engineering,SIES | GST,"Value Added Course on ""Skillful Success: A Roadmap to Excelling in Tech and Communication for Placements"" from jan 2, 2024 - jan 8, 2024 | B.E. Computer Engineering program is accredited by NBA for Academic Years 2021-2022 to 2023-2024 extended up to 30-06-2027. | Vision | Mission | Program Educatio","Value Added Course on ""Skillful Success: A Roadmap to Excelling in Tech and Communication for Placements"" from jan 2, 2024 - jan 8, 2024",1039981,application/pdf,"Fri, 12 Apr 2024 03:32:53 GMT",2026-08-21T19:01:09.784387,1,SIES | GST,Computer Engineering,placement,51faca4e23f7729e
https://siesgst.edu.in/images/Value-added-course-Devops_report.pdf,Value-added-course-Devops_report.pdf,https://siesgst.edu.in/computer-engineering,SIES | GST,"Value Added Course on hands-on practice on Devops technology from June 29, 2022 - July 6, 2022 | B.E. Computer Engineering program is accredited by NBA for Academic Years 2021-2022 to 2023-2024 extended up to 30-06-2027. | Vision | Mission | Program Educational Objectives (PEO) | Computer Engineerin","Value Added Course on hands-on practice on Devops technology from June 29, 2022 - July 6, 2022",1266381,application/pdf,"Mon, 08 Apr 2024 09:55:49 GMT",2026-08-21T19:01:09.995140,1,SIES | GST,Computer Engineering,report,5e38d2a072404d9d
https://siesgst.edu.in/images/Report_On_SDP-Competitve_Coding.pdf,Report_On_SDP-Competitve_Coding.pdf,https://siesgst.edu.in/computer-engineering,SIES | GST,"Competitive programming with DSA From Dec 17, 2022-Dec 24, 2022 | B.E. Computer Engineering program is accredited by NBA for Academic Years 2021-2022 to 2023-2024 extended up to 30-06-2027. | Vision | Mission | Program Educational Objectives (PEO) | Computer Engineering : PSO, POâ€™s & COâ€™s | Prog","Competitive programming with DSA From Dec 17, 2022-Dec 24, 2022",2269931,application/pdf,"Mon, 08 Apr 2024 09:51:18 GMT",2026-08-21T19:01:10.214217,1,SIES | GST,Computer Engineering,event,484baa076d115d82
https://siesgst.edu.in/images/sdp -web and app development report.pdf,sdp -web and app development report.pdf,https://siesgst.edu.in/computer-engineering,SIES | GST,"Mobile and web development SDP from Dec 19 - Dec 24, 2022 | B.E. Computer Engineering program is accredited by NBA for Academic Years 2021-2022 to 2023-2024 extended up to 30-06-2027. | Vision | Mission | Program Educational Objectives (PEO) | Computer Engineering : PSO, POâ€™s & COâ€™s | Program Sp","Mobile and web development SDP from Dec 19 - Dec 24, 2022",967150,application/pdf,"Fri, 06 Sep 2024 03:40:43 GMT",2026-08-21T19:01:10.425257,1,SIES | GST,,event,0da83fa83d2c18c3
https://siesgst.edu.in/images/Report Ethical Hacking and Digital Forensics June 2023.pdf,Report Ethical Hacking and Digital Forensics June 2023.pdf,https://siesgst.edu.in/computer-engineering,SIES | GST,"Ethical Hacking and Digital Forensic From June 26-July 1, 2023 | B.E. Computer Engineering program is accredited by NBA for Academic Years 2021-2022 to 2023-2024 extended up to 30-06-2027. | Vision | Mission | Program Educational Objectives (PEO) | Computer Engineering : PSO, POâ€™s & COâ€™s | Progr","Ethical Hacking and Digital Forensic From June 26-July 1, 2023",1603220,application/pdf,"Mon, 08 Apr 2024 10:02:53 GMT",2026-08-21T19:01:10.637235,1,SIES | GST,,report,b152fca37cf83f9a
https://siesgst.edu.in/images/Data visualization value added course_report.pdf,Data visualization value added course_report.pdf,https://siesgst.edu.in/computer-engineering,SIES | GST,"Value added course on Data Visualization for Data Science
 From June 26-July 1, 2023 | B.E. Computer Engineering program is accredited by NBA for Academic Years 2021-2022 to 2023-2024 extended up to 30-06-2027. | Vision | Mission | Program Educational Objectives (PEO) | Computer Engineering : PSO, ","Value added course on Data Visualization for Data Science
 From June 26-July 1, 2023",16212326,application/pdf,"Mon, 08 Apr 2024 10:08:46 GMT",2026-08-21T19:01:10.850079,1,SIES | GST,Computer Engineering,report,6c97fe5eacac8906
https://siesgst.edu.in/images/Blockchain_report-SH2021.pdf,Blockchain_report-SH2021.pdf,https://siesgst.edu.in/computer-engineering,SIES | GST,"Value Added Course on Block Chain Technology from Dec 13-Dec 18, 2021 | B.E. Computer Engineering program is accredited by NBA for Academic Years 2021-2022 to 2023-2024 extended up to 30-06-2027. | Vision | Mission | Program Educational Objectives (PEO) | Computer Engineering : PSO, POâ€™s & COâ€™s ","Value Added Course on Block Chain Technology from Dec 13-Dec 18, 2021",1007460,application/pdf,"Mon, 19 Sep 2022 05:11:06 GMT",2026-08-21T19:01:11.132436,1,SIES | GST,CSE (IoT & Cyber Security),report,cfb04ad1b0595ff7
https://siesgst.edu.in/images/Report_Ethical Hacking_Security.pdf,Report_Ethical Hacking_Security.pdf,https://siesgst.edu.in/computer-engineering,SIES | GST,"Ethical Hacking and Security From June 27-July 2, 2022 | B.E. Computer Engineering program is accredited by NBA for Academic Years 2021-2022 to 2023-2024 extended up to 30-06-2027. | Vision | Mission | Program Educational Objectives (PEO) | Computer Engineering : PSO, POâ€™s & COâ€™s | Program Speci","Ethical Hacking and Security From June 27-July 2, 2022",2110489,application/pdf,"Mon, 19 Sep 2022 05:11:41 GMT",2026-08-21T19:01:11.396828,1,SIES | GST,,report,44a1f10ba1cec086
https://siesgst.edu.in/images/Report_On_SDP -Competitve Coding.pdf,Report_On_SDP -Competitve Coding.pdf,https://siesgst.edu.in/computer-engineering,SIES | GST,"Competitive programming with DSA From June 21-June 27, 2022 | B.E. Computer Engineering program is accredited by NBA for Academic Years 2021-2022 to 2023-2024 extended up to 30-06-2027. | Vision | Mission | Program Educational Objectives (PEO) | Computer Engineering : PSO, POâ€™s & COâ€™s | Program ","Competitive programming with DSA From June 21-June 27, 2022",1081390,application/pdf,"Mon, 19 Sep 2022 08:14:01 GMT",2026-08-21T19:01:11.672881,1,SIES | GST,Computer Engineering,event,e1cad200ac465273
https://siesgst.edu.in/images/SDP_report_data_science_2021.pdf,SDP_report_data_science_2021.pdf,https://siesgst.edu.in/computer-engineering,SIES | GST,"Value Added Course on Data Science from June 29-July 7, 2021 | B.E. Computer Engineering program is accredited by NBA for Academic Years 2021-2022 to 2023-2024 extended up to 30-06-2027. | Vision | Mission | Program Educational Objectives (PEO) | Computer Engineering : PSO, POâ€™s & COâ€™s | Program","Value Added Course on Data Science from June 29-July 7, 2021",2449714,application/pdf,"Mon, 19 Sep 2022 04:57:21 GMT",2026-08-21T19:01:11.884632,1,SIES | GST,Computer Engineering,event,7f64ef137c370e01
https://siesgst.edu.in/images/Mobile SDP full report.pdf,Mobile SDP full report.pdf,https://siesgst.edu.in/computer-engineering,SIES | GST,"Mobile & Web app development From June 28-July 3, 2021 | B.E. Computer Engineering program is accredited by NBA for Academic Years 2021-2022 to 2023-2024 extended up to 30-06-2027. | Vision | Mission | Program Educational Objectives (PEO) | Computer Engineering : PSO, POâ€™s & COâ€™s | Program Speci","Mobile & Web app development From June 28-July 3, 2021",3982634,application/pdf,"Mon, 19 Sep 2022 04:58:56 GMT",2026-08-21T19:01:12.106302,1,SIES | GST,,event,e56d7dea5bc50ccb
https://siesgst.edu.in/images/CE_NewsLetter_SH24.pdf,CE_NewsLetter_SH24.pdf,https://siesgst.edu.in/computer-engineering,SIES | GST,"Department Newsletter SH2024 | B.E. Computer Engineering program is accredited by NBA for Academic Years 2021-2022 to 2023-2024 extended up to 30-06-2027. | Vision | Mission | Program Educational Objectives (PEO) | Computer Engineering : PSO, POâ€™s & COâ€™s | Program Specific Outcomes (PSO) | Progr",Department Newsletter SH2024,602517,application/pdf,"Wed, 02 Jul 2025 03:26:10 GMT",2026-08-21T19:01:12.356115,1,SIES | GST,Computer Engineering,department,bba8c50427065e66
https://siesgst.edu.in/images/CE_NewsLetter_FH2024.pdf,CE_NewsLetter_FH2024.pdf,https://siesgst.edu.in/computer-engineering,SIES | GST,"Department Newsletter FH2024 | B.E. Computer Engineering program is accredited by NBA for Academic Years 2021-2022 to 2023-2024 extended up to 30-06-2027. | Vision | Mission | Program Educational Objectives (PEO) | Computer Engineering : PSO, POâ€™s & COâ€™s | Program Specific Outcomes (PSO) | Progr",Department Newsletter FH2024,757251,application/pdf,"Tue, 01 Jul 2025 00:23:15 GMT",2026-08-21T19:01:12.573550,1,SIES | GST,Computer Engineering,department,f0125eb554ca1c59
https://siesgst.edu.in/images/Final Newsletter SH 23.pdf,Final Newsletter SH 23.pdf,https://siesgst.edu.in/computer-engineering,SIES | GST,"Department Newsletter SH2023 | B.E. Computer Engineering program is accredited by NBA for Academic Years 2021-2022 to 2023-2024 extended up to 30-06-2027. | Vision | Mission | Program Educational Objectives (PEO) | Computer Engineering : PSO, POâ€™s & COâ€™s | Program Specific Outcomes (PSO) | Progr",Department Newsletter SH2023,522972,application/pdf,"Mon, 08 Apr 2024 05:59:03 GMT",2026-08-21T19:01:12.790985,1,SIES | GST,,department,2a937e5d3dfd6be2
https://siesgst.edu.in/images/NewsLetter_FH23.pdf,NewsLetter_FH23.pdf,https://siesgst.edu.in/computer-engineering,SIES | GST,"Department Newsletter FH2023 | B.E. Computer Engineering program is accredited by NBA for Academic Years 2021-2022 to 2023-2024 extended up to 30-06-2027. | Vision | Mission | Program Educational Objectives (PEO) | Computer Engineering : PSO, POâ€™s & COâ€™s | Program Specific Outcomes (PSO) | Progr",Department Newsletter FH2023,494388,application/pdf,"Mon, 08 Apr 2024 05:58:30 GMT",2026-08-21T19:01:13.011701,1,SIES | GST,,department,67ec1447c30c4110
https://siesgst.edu.in/images/NEWSLETTER/CE-Newsletter-SH 2022-Final (1).pdf,CE-Newsletter-SH 2022-Final (1).pdf,https://siesgst.edu.in/computer-engineering,SIES | GST,"Department Newsletter SH2022 | B.E. Computer Engineering program is accredited by NBA for Academic Years 2021-2022 to 2023-2024 extended up to 30-06-2027. | Vision | Mission | Program Educational Objectives (PEO) | Computer Engineering : PSO, POâ€™s & COâ€™s | Program Specific Outcomes (PSO) | Progr",Department Newsletter SH2022,535826,application/pdf,"Mon, 08 Apr 2024 07:05:27 GMT",2026-08-21T19:01:13.234943,1,SIES | GST,Computer Engineering,department,8e4006c2c99738d5
https://siesgst.edu.in/images/NEWSLETTER/CE-Newsletter-FH 2022-Final (1).pdf,CE-Newsletter-FH 2022-Final (1).pdf,https://siesgst.edu.in/computer-engineering,SIES | GST,"Department Newsletter FH2022 | B.E. Computer Engineering program is accredited by NBA for Academic Years 2021-2022 to 2023-2024 extended up to 30-06-2027. | Vision | Mission | Program Educational Objectives (PEO) | Computer Engineering : PSO, POâ€™s & COâ€™s | Program Specific Outcomes (PSO) | Progr",Department Newsletter FH2022,619629,application/pdf,"Mon, 08 Apr 2024 07:05:24 GMT",2026-08-21T19:01:13.461250,1,SIES | GST,Computer Engineering,department,b88f22ad1375c64d
https://siesgst.edu.in/images/NEWSLETTER/CE-Newsletter-SH 2021-Final (1).pdf,CE-Newsletter-SH 2021-Final (1).pdf,https://siesgst.edu.in/computer-engineering,SIES | GST,"Department Newsletter SH2021 | B.E. Computer Engineering program is accredited by NBA for Academic Years 2021-2022 to 2023-2024 extended up to 30-06-2027. | Vision | Mission | Program Educational Objectives (PEO) | Computer Engineering : PSO, POâ€™s & COâ€™s | Program Specific Outcomes (PSO) | Progr",Department Newsletter SH2021,679562,application/pdf,"Mon, 08 Apr 2024 07:05:21 GMT",2026-08-21T19:01:13.719010,1,SIES | GST,Computer Engineering,department,0cbb2125aaf9ec86
https://siesgst.edu.in/images/CE-Newsletter-FH 2021-Final.pdf,CE-Newsletter-FH 2021-Final.pdf,https://siesgst.edu.in/computer-engineering,SIES | GST,"Department Newsletter FH2021 | B.E. Computer Engineering program is accredited by NBA for Academic Years 2021-2022 to 2023-2024 extended up to 30-06-2027. | Vision | Mission | Program Educational Objectives (PEO) | Computer Engineering : PSO, POâ€™s & COâ€™s | Program Specific Outcomes (PSO) | Progr",Department Newsletter FH2021,1024687,application/pdf,"Sat, 23 Sep 2023 13:07:07 GMT",2026-08-21T19:01:13.946309,1,SIES | GST,Computer Engineering,department,0331936e1fa0dd15
https://siesgst.edu.in/images/CE-Newsletter-SH 2020-Final.pdf,CE-Newsletter-SH 2020-Final.pdf,https://siesgst.edu.in/computer-engineering,SIES | GST,"Department Newsletter SH2020 | B.E. Computer Engineering program is accredited by NBA for Academic Years 2021-2022 to 2023-2024 extended up to 30-06-2027. | Vision | Mission | Program Educational Objectives (PEO) | Computer Engineering : PSO, POâ€™s & COâ€™s | Program Specific Outcomes (PSO) | Progr",Department Newsletter SH2020,781737,application/pdf,"Sat, 23 Sep 2023 13:06:13 GMT",2026-08-21T19:01:14.172545,1,SIES | GST,Computer Engineering,department,8d41d42b1caf5cd6
https://siesgst.edu.in/images/NEWSLETTER/Newsletter_FH2020.pdf,Newsletter_FH2020.pdf,https://siesgst.edu.in/computer-engineering,SIES | GST,"Department Newsletter FH2020 | B.E. Computer Engineering program is accredited by NBA for Academic Years 2021-2022 to 2023-2024 extended up to 30-06-2027. | Vision | Mission | Program Educational Objectives (PEO) | Computer Engineering : PSO, POâ€™s & COâ€™s | Program Specific Outcomes (PSO) | Progr",Department Newsletter FH2020,1098758,application/pdf,"Fri, 17 Dec 2021 10:03:15 GMT",2026-08-21T19:01:14.392973,1,SIES | GST,,department,d5debd6cf27d0c79
https://siesgst.edu.in/images/NEWSLETTER/Newsletter_SH2019.pdf,Newsletter_SH2019.pdf,https://siesgst.edu.in/computer-engineering,SIES | GST,"Department Newsletter SH2019 | B.E. Computer Engineering program is accredited by NBA for Academic Years 2021-2022 to 2023-2024 extended up to 30-06-2027. | Vision | Mission | Program Educational Objectives (PEO) | Computer Engineering : PSO, POâ€™s & COâ€™s | Program Specific Outcomes (PSO) | Progr",Department Newsletter SH2019,965162,application/pdf,"Fri, 17 Dec 2021 10:04:35 GMT",2026-08-21T19:01:14.610318,1,SIES | GST,,department,35157f6b9bb7ca25
https://siesgst.edu.in/images/NEWSLETTER/Newsletter_FH2019.pdf,Newsletter_FH2019.pdf,https://siesgst.edu.in/computer-engineering,SIES | GST,"Department Newsletter FH2019 | B.E. Computer Engineering program is accredited by NBA for Academic Years 2021-2022 to 2023-2024 extended up to 30-06-2027. | Vision | Mission | Program Educational Objectives (PEO) | Computer Engineering : PSO, POâ€™s & COâ€™s | Program Specific Outcomes (PSO) | Progr",Department Newsletter FH2019,883596,application/pdf,"Fri, 17 Dec 2021 10:06:47 GMT",2026-08-21T19:01:14.823535,1,SIES | GST,,department,354673ab0ca7162f
https://siesgst.edu.in/images/NEWSLETTER/Newsletter_SH2018.pdf,Newsletter_SH2018.pdf,https://siesgst.edu.in/computer-engineering,SIES | GST,"Department Newsletter SH2018 | B.E. Computer Engineering program is accredited by NBA for Academic Years 2021-2022 to 2023-2024 extended up to 30-06-2027. | Vision | Mission | Program Educational Objectives (PEO) | Computer Engineering : PSO, POâ€™s & COâ€™s | Program Specific Outcomes (PSO) | Progr",Department Newsletter SH2018,807531,application/pdf,"Fri, 17 Dec 2021 10:07:20 GMT",2026-08-21T19:01:15.035553,1,SIES | GST,,department,7dc6f8f134829ba4
https://siesgst.edu.in/images/NEWSLETTER/Newsletter_FH2018.pdf,Newsletter_FH2018.pdf,https://siesgst.edu.in/computer-engineering,SIES | GST,"Department Newsletter FH2018 | B.E. Computer Engineering program is accredited by NBA for Academic Years 2021-2022 to 2023-2024 extended up to 30-06-2027. | Vision | Mission | Program Educational Objectives (PEO) | Computer Engineering : PSO, POâ€™s & COâ€™s | Program Specific Outcomes (PSO) | Progr",Department Newsletter FH2018,971104,application/pdf,"Fri, 17 Dec 2021 10:07:56 GMT",2026-08-21T19:01:15.251660,1,SIES | GST,,department,c345f487daacea97
https://siesgst.edu.in/images/NEWSLETTER/Newsletter_SH2017.pdf,Newsletter_SH2017.pdf,https://siesgst.edu.in/computer-engineering,SIES | GST,"Department Newsletter SH2017 | B.E. Computer Engineering program is accredited by NBA for Academic Years 2021-2022 to 2023-2024 extended up to 30-06-2027. | Vision | Mission | Program Educational Objectives (PEO) | Computer Engineering : PSO, POâ€™s & COâ€™s | Program Specific Outcomes (PSO) | Progr",Department Newsletter SH2017,854886,application/pdf,"Fri, 17 Dec 2021 10:08:30 GMT",2026-08-21T19:01:15.466171,1,SIES | GST,,department,c00a786edb359ab0
https://siesgst.edu.in/images/NEWSLETTER/Newsletter_FH2017.pdf,Newsletter_FH2017.pdf,https://siesgst.edu.in/computer-engineering,SIES | GST,"Department Newsletter FH2017 | B.E. Computer Engineering program is accredited by NBA for Academic Years 2021-2022 to 2023-2024 extended up to 30-06-2027. | Vision | Mission | Program Educational Objectives (PEO) | Computer Engineering : PSO, POâ€™s & COâ€™s | Program Specific Outcomes (PSO) | Progr",Department Newsletter FH2017,737921,application/pdf,"Fri, 17 Dec 2021 10:09:33 GMT",2026-08-21T19:01:15.679823,1,SIES | GST,,department,046c8e4e606972ae
https://siesgst.edu.in/images/Techniz2024-25.pdf,Techniz2024-25.pdf,https://siesgst.edu.in/computer-engineering,SIES | GST,"Magazine_2024-25 | B.E. Computer Engineering program is accredited by NBA for Academic Years 2021-2022 to 2023-2024 extended up to 30-06-2027. | Vision | Mission | Program Educational Objectives (PEO) | Computer Engineering : PSO, POâ€™s & COâ€™s | Program Specific Outcomes (PSO) | Program Outcomes ",Magazine_2024-25,1683624,application/pdf,"Fri, 27 Jun 2025 12:28:49 GMT",2026-08-21T19:01:15.894458,1,SIES | GST,,general,1136dd6af26faf62
https://siesgst.edu.in/images/Techniz2023-24.pdf,Techniz2023-24.pdf,https://siesgst.edu.in/computer-engineering,SIES | GST,"Magazine_2023-24 | B.E. Computer Engineering program is accredited by NBA for Academic Years 2021-2022 to 2023-2024 extended up to 30-06-2027. | Vision | Mission | Program Educational Objectives (PEO) | Computer Engineering : PSO, POâ€™s & COâ€™s | Program Specific Outcomes (PSO) | Program Outcomes ",Magazine_2023-24,2490764,application/pdf,"Fri, 27 Jun 2025 12:28:10 GMT",2026-08-21T19:01:16.107297,1,SIES | GST,,general,c40a3441acf23a05
https://siesgst.edu.in/images/NEWSLETTER/Techniz2022-23.pdf,Techniz2022-23.pdf,https://siesgst.edu.in/computer-engineering,SIES | GST,"Magazine_2022-23 | B.E. Computer Engineering program is accredited by NBA for Academic Years 2021-2022 to 2023-2024 extended up to 30-06-2027. | Vision | Mission | Program Educational Objectives (PEO) | Computer Engineering : PSO, POâ€™s & COâ€™s | Program Specific Outcomes (PSO) | Program Outcomes ",Magazine_2022-23,24807122,application/pdf,"Mon, 08 Apr 2024 06:03:34 GMT",2026-08-21T19:01:16.320164,1,SIES | GST,,general,8f2a74101ab23bdf
https://siesgst.edu.in/images/NEWSLETTER/TECHNIZ 2021-22.pdf,TECHNIZ 2021-22.pdf,https://siesgst.edu.in/computer-engineering,SIES | GST,"Magazine_2021-22 | B.E. Computer Engineering program is accredited by NBA for Academic Years 2021-2022 to 2023-2024 extended up to 30-06-2027. | Vision | Mission | Program Educational Objectives (PEO) | Computer Engineering : PSO, POâ€™s & COâ€™s | Program Specific Outcomes (PSO) | Program Outcomes ",Magazine_2021-22,2818014,application/pdf,"Fri, 16 Sep 2022 08:21:09 GMT",2026-08-21T19:01:16.534155,1,SIES | GST,,general,a2c7d477b793128f
https://siesgst.edu.in/images/NEWSLETTER/Magazine_2020-21.pdf,Magazine_2020-21.pdf,https://siesgst.edu.in/computer-engineering,SIES | GST,"Magazine_2020-21 | B.E. Computer Engineering program is accredited by NBA for Academic Years 2021-2022 to 2023-2024 extended up to 30-06-2027. | Vision | Mission | Program Educational Objectives (PEO) | Computer Engineering : PSO, POâ€™s & COâ€™s | Program Specific Outcomes (PSO) | Program Outcomes ",Magazine_2020-21,5099639,application/pdf,"Fri, 17 Dec 2021 08:55:14 GMT",2026-08-21T19:01:17.110695,1,SIES | GST,,general,17771b9f4e8465c7
https://siesgst.edu.in/images/Executive Body.pdf,Executive Body.pdf,https://siesgst.edu.in/computer-engineering,SIES | GST,"Executive Body | B.E. Computer Engineering program is accredited by NBA for Academic Years 2021-2022 to 2023-2024 extended up to 30-06-2027. | Vision | Mission | Program Educational Objectives (PEO) | Computer Engineering : PSO, POâ€™s & COâ€™s | Program Specific Outcomes (PSO) | Program Outcomes (P",Executive Body,194135,application/pdf,"Fri, 19 Apr 2024 04:06:14 GMT",2026-08-21T19:01:17.299359,1,SIES | GST,,exam,8089bc297c44b78b
https://siesgst.edu.in/images/Report- Guest Lecture on AI's Impact on Economy (1).pdf,Report- Guest Lecture on AI's Impact on Economy (1).pdf,https://siesgst.edu.in/computer-engineering,SIES | GST,"Guest Lecture on ""AIâ€™s Impact on Economyâ€ | B.E. Computer Engineering program is accredited by NBA for Academic Years 2021-2022 to 2023-2024 extended up to 30-06-2027. | Vision | Mission | Program Educational Objectives (PEO) | Computer Engineering : PSO, POâ€™s & COâ€™s | Program Specific Outco","Guest Lecture on ""AIâ€™s Impact on Economyâ€",1660442,application/pdf,"Fri, 19 Apr 2024 12:48:07 GMT",2026-08-21T19:01:17.494365,1,SIES | GST,,event,156e922bcbda7a02
https://siesgst.edu.in/images/Report on Introductory Session on Machine Learning.pdf,Report on Introductory Session on Machine Learning.pdf,https://siesgst.edu.in/computer-engineering,SIES | GST,"Guest Lecture on ""Introductory Session on Machine Learning | B.E. Computer Engineering program is accredited by NBA for Academic Years 2021-2022 to 2023-2024 extended up to 30-06-2027. | Vision | Mission | Program Educational Objectives (PEO) | Computer Engineering : PSO, POâ€™s & COâ€™s | Program S","Guest Lecture on ""Introductory Session on Machine Learning",1046630,application/pdf,"Fri, 19 Apr 2024 12:48:44 GMT",2026-08-21T19:01:17.687377,1,SIES | GST,AI & Machine Learning,event,d259f19af1b559f7
https://siesgst.edu.in/images/DS Club Events.pdf,DS Club Events.pdf,https://siesgst.edu.in/computer-engineering,SIES | GST,"About the club: Department of Computer Engineering in association with Cere Labs establish Data Science Club. Data Science club members participate in a
wide range of activities connected to the various fields in data science and
artificial intelligence, including machine learning and data analysi",,482507,application/pdf,"Fri, 19 Apr 2024 04:06:49 GMT",2026-08-21T19:01:17.882264,1,SIES | GST,,event,3fdc43afefe5453a
https://siesgst.edu.in/images/R19_CO_IT.pdf,R19_CO_IT.pdf,https://siesgst.edu.in/information-technology,SIES | GST,Course-Outcomes R19-IT | B.E. Information Technology program is accredited by NBA for Academic Years 2021-2022 to 2026-2027 i.e. up to 30-06-2027. | Vision | Mission | Program Educational Objectives (PEO) | Program Specific Outcomes (PSO) | Program Outcomes (PO's) | Course Outcome (CO) | Information,Course-Outcomes R19-IT,7709186,application/pdf,"Sat, 01 Apr 2023 05:08:32 GMT",2026-08-21T19:01:19.525664,1,SIES | GST,Information Technology,exam,e5eb32496bd9c390
https://siesgst.edu.in/images/CO_IT_21-22.pdf,CO_IT_21-22.pdf,https://siesgst.edu.in/information-technology,SIES | GST,Course-Outcome IT 2021-22 | B.E. Information Technology program is accredited by NBA for Academic Years 2021-2022 to 2026-2027 i.e. up to 30-06-2027. | Vision | Mission | Program Educational Objectives (PEO) | Program Specific Outcomes (PSO) | Program Outcomes (PO's) | Course Outcome (CO) | Informat,Course-Outcome IT 2021-22,8154679,application/pdf,"Sat, 01 Apr 2023 05:10:14 GMT",2026-08-21T19:01:19.711136,1,SIES | GST,Information Technology,exam,746db657e0a9f932
https://siesgst.edu.in/images/Autonomy/IT-BOS-2024-25.pdf,IT-BOS-2024-25.pdf,https://siesgst.edu.in/information-technology,SIES | GST,Academic Year 2024-25 | B.E. Information Technology program is accredited by NBA for Academic Years 2021-2022 to 2026-2027 i.e. up to 30-06-2027. | Vision | Mission | Program Educational Objectives (PEO) | Program Specific Outcomes (PSO) | Program Outcomes (PO's) | Course Outcome (CO) | Information ,Academic Year 2024-25,743355,application/pdf,"Tue, 24 Jun 2025 10:56:17 GMT",2026-08-21T19:01:19.895323,1,SIES | GST,,exam,d2153a316b829ef2
https://siesgst.edu.in/images/SIESGST_IT_SYLLABUS_SE_R24.pdf,SIESGST_IT_SYLLABUS_SE_R24.pdf,https://siesgst.edu.in/information-technology,SIES | GST,Second Year Syllabus R-2024 (Autonomous) | B.E. Information Technology program is accredited by NBA for Academic Years 2021-2022 to 2026-2027 i.e. up to 30-06-2027. | Vision | Mission | Program Educational Objectives (PEO) | Program Specific Outcomes (PSO) | Program Outcomes (PO's) | Course Outcome ,Second Year Syllabus R-2024 (Autonomous),3508656,application/pdf,"Mon, 16 Jun 2025 08:08:29 GMT",2026-08-21T19:01:20.079991,1,SIES | GST,,syllabus,5746ee030468cea0
https://siesgst.edu.in/images/BE IT R19 Syllabus.pdf,BE IT R19 Syllabus.pdf,https://siesgst.edu.in/information-technology,SIES | GST,BE IT Syllabus Revised 2019 | B.E. Information Technology program is accredited by NBA for Academic Years 2021-2022 to 2026-2027 i.e. up to 30-06-2027. | Vision | Mission | Program Educational Objectives (PEO) | Program Specific Outcomes (PSO) | Program Outcomes (PO's) | Course Outcome (CO) | Inform,BE IT Syllabus Revised 2019,2420847,application/pdf,"Fri, 22 Sep 2023 13:55:51 GMT",2026-08-21T19:01:20.265720,1,SIES | GST,Information Technology,syllabus,fe7d2fb8df2c205d
https://siesgst.edu.in/images/TE_Information_Technology_R2019_'C'_Scheme_Syllabus.pdf,TE_Information_Technology_R2019_'C'_Scheme_Syllabus.pdf,https://siesgst.edu.in/information-technology,SIES | GST,TE IT Syllabus Revised 2019 | B.E. Information Technology program is accredited by NBA for Academic Years 2021-2022 to 2026-2027 i.e. up to 30-06-2027. | Vision | Mission | Program Educational Objectives (PEO) | Program Specific Outcomes (PSO) | Program Outcomes (PO's) | Course Outcome (CO) | Inform,TE IT Syllabus Revised 2019,2135688,application/pdf,"Fri, 22 Sep 2023 13:56:25 GMT",2026-08-21T19:01:20.450308,1,SIES | GST,Information Technology,syllabus,ede127ff52c6055a
https://siesgst.edu.in/images/R19 SE Syllabus.pdf,R19 SE Syllabus.pdf,https://siesgst.edu.in/information-technology,SIES | GST,SE IT Syllabus Revised 2019 | B.E. Information Technology program is accredited by NBA for Academic Years 2021-2022 to 2026-2027 i.e. up to 30-06-2027. | Vision | Mission | Program Educational Objectives (PEO) | Program Specific Outcomes (PSO) | Program Outcomes (PO's) | Course Outcome (CO) | Inform,SE IT Syllabus Revised 2019,4885621,application/pdf,"Fri, 22 Sep 2023 13:58:43 GMT",2026-08-21T19:01:20.638432,1,SIES | GST,Information Technology,syllabus,b8db3533e113f663
https://siesgst.edu.in/docs/ITCurriculumR19.pdf,ITCurriculumR19.pdf,https://siesgst.edu.in/information-technology,SIES | GST,Curriculum Revised 2019 | B.E. Information Technology program is accredited by NBA for Academic Years 2021-2022 to 2026-2027 i.e. up to 30-06-2027. | Vision | Mission | Program Educational Objectives (PEO) | Program Specific Outcomes (PSO) | Program Outcomes (PO's) | Course Outcome (CO) | Informatio,Curriculum Revised 2019,74550,application/pdf,"Thu, 12 Aug 2021 11:46:02 GMT",2026-08-21T19:01:20.826294,1,SIES | GST,,syllabus,68b74a23ff614f6c
https://siesgst.edu.in/docs/ITCurriculumR16.pdf,ITCurriculumR16.pdf,https://siesgst.edu.in/information-technology,SIES | GST,Curriculum Revised 2016 | B.E. Information Technology program is accredited by NBA for Academic Years 2021-2022 to 2026-2027 i.e. up to 30-06-2027. | Vision | Mission | Program Educational Objectives (PEO) | Program Specific Outcomes (PSO) | Program Outcomes (PO's) | Course Outcome (CO) | Informatio,Curriculum Revised 2016,120711,application/pdf,"Thu, 12 Aug 2021 11:46:01 GMT",2026-08-21T19:01:21.011353,1,SIES | GST,,syllabus,a7f67cd7db7a4b7d
https://siesgst.edu.in/docs/ITSyllabusR16.pdf,ITSyllabusR16.pdf,https://siesgst.edu.in/information-technology,SIES | GST,IT Syllabus CBCS R- 2016 | B.E. Information Technology program is accredited by NBA for Academic Years 2021-2022 to 2026-2027 i.e. up to 30-06-2027. | Vision | Mission | Program Educational Objectives (PEO) | Program Specific Outcomes (PSO) | Program Outcomes (PO's) | Course Outcome (CO) | Informati,IT Syllabus CBCS R- 2016,1284720,application/pdf,"Thu, 12 Aug 2021 11:46:03 GMT",2026-08-21T19:01:21.201285,1,SIES | GST,Information Technology,syllabus,c2fd09114361c42b
https://siesgst.edu.in/images/IT-Timetable_FH2026.pdf,IT-Timetable_FH2026.pdf,https://siesgst.edu.in/information-technology,SIES | GST,Time table FH2026 Time table FH2025 Time table SH2024 | B.E. Information Technology program is accredited by NBA for Academic Years 2021-2022 to 2026-2027 i.e. up to 30-06-2027. | Vision | Mission | Program Educational Objectives (PEO) | Program Specific Outcomes (PSO) | Program Outcomes (PO's) | Co,Time table FH2026,1085427,application/pdf,"Sat, 31 Jan 2026 03:37:11 GMT",2026-08-21T19:01:21.391136,1,SIES | GST,Mechanical,timetable,890389e6cf74b34d
https://siesgst.edu.in/images/Timetable_FH2025_IT.pdf,Timetable_FH2025_IT.pdf,https://siesgst.edu.in/information-technology,SIES | GST,Time table FH2026 Time table FH2025 Time table SH2024 | B.E. Information Technology program is accredited by NBA for Academic Years 2021-2022 to 2026-2027 i.e. up to 30-06-2027. | Vision | Mission | Program Educational Objectives (PEO) | Program Specific Outcomes (PSO) | Program Outcomes (PO's) | Co,Time table FH2025,260814,application/pdf,"Sat, 28 Jun 2025 01:11:07 GMT",2026-08-21T19:01:21.580692,1,SIES | GST,Mechanical,timetable,7667192c83f3c9da
https://siesgst.edu.in/images/Timetable_SH2024_IT.pdf,Timetable_SH2024_IT.pdf,https://siesgst.edu.in/information-technology,SIES | GST,Time table FH2026 Time table FH2025 Time table SH2024 | B.E. Information Technology program is accredited by NBA for Academic Years 2021-2022 to 2026-2027 i.e. up to 30-06-2027. | Vision | Mission | Program Educational Objectives (PEO) | Program Specific Outcomes (PSO) | Program Outcomes (PO's) | Co,Time table SH2024,360306,application/pdf,"Sat, 28 Jun 2025 01:11:46 GMT",2026-08-21T19:01:21.769051,1,SIES | GST,Mechanical,timetable,dbb50c22a65efc79
https://siesgst.edu.in/images/IT Annual Report_ 2024-25.pdf,IT Annual Report_ 2024-25.pdf,https://siesgst.edu.in/information-technology,SIES | GST,Annual Report 2024-25 | B.E. Information Technology program is accredited by NBA for Academic Years 2021-2022 to 2026-2027 i.e. up to 30-06-2027. | Vision | Mission | Program Educational Objectives (PEO) | Program Specific Outcomes (PSO) | Program Outcomes (PO's) | Course Outcome (CO) | Information ,Annual Report 2024-25,168992,application/pdf,"Sat, 03 Jan 2026 06:37:34 GMT",2026-08-21T19:01:21.956116,1,SIES | GST,Information Technology,report,89b1fc6213ceb0c4
https://siesgst.edu.in/images/IT_ Annual Report_2023-24.pdf,IT_ Annual Report_2023-24.pdf,https://siesgst.edu.in/information-technology,SIES | GST,Annual Report 2023-24 | B.E. Information Technology program is accredited by NBA for Academic Years 2021-2022 to 2026-2027 i.e. up to 30-06-2027. | Vision | Mission | Program Educational Objectives (PEO) | Program Specific Outcomes (PSO) | Program Outcomes (PO's) | Course Outcome (CO) | Information ,Annual Report 2023-24,368905,application/pdf,"Fri, 19 Jul 2024 11:07:23 GMT",2026-08-21T19:01:22.141757,1,SIES | GST,,report,22fd944eb5751808
https://siesgst.edu.in/images/Annual Report 2022-23_IT Dept Final.pdf,Annual Report 2022-23_IT Dept Final.pdf,https://siesgst.edu.in/information-technology,SIES | GST,Annual Report 2022-23 | B.E. Information Technology program is accredited by NBA for Academic Years 2021-2022 to 2026-2027 i.e. up to 30-06-2027. | Vision | Mission | Program Educational Objectives (PEO) | Program Specific Outcomes (PSO) | Program Outcomes (PO's) | Course Outcome (CO) | Information ,Annual Report 2022-23,696410,application/pdf,"Fri, 14 Jul 2023 06:18:47 GMT",2026-08-21T19:01:22.327314,1,SIES | GST,Information Technology,report,4020bf9594eb074b
https://siesgst.edu.in/images/Annual Report_IT dept_website_2021-22 _updated.pdf,Annual Report_IT dept_website_2021-22 _updated.pdf,https://siesgst.edu.in/information-technology,SIES | GST,Annual Report 2021-22 | B.E. Information Technology program is accredited by NBA for Academic Years 2021-2022 to 2026-2027 i.e. up to 30-06-2027. | Vision | Mission | Program Educational Objectives (PEO) | Program Specific Outcomes (PSO) | Program Outcomes (PO's) | Course Outcome (CO) | Information ,Annual Report 2021-22,1321665,application/pdf,"Fri, 23 Sep 2022 05:51:05 GMT",2026-08-21T19:01:22.515771,1,SIES | GST,Information Technology,report,214dd190b9f6e746
https://siesgst.edu.in/docs/Annual-Report-IT-20-21.pdf,Annual-Report-IT-20-21.pdf,https://siesgst.edu.in/information-technology,SIES | GST,Annual Report 2020-21 | B.E. Information Technology program is accredited by NBA for Academic Years 2021-2022 to 2026-2027 i.e. up to 30-06-2027. | Vision | Mission | Program Educational Objectives (PEO) | Program Specific Outcomes (PSO) | Program Outcomes (PO's) | Course Outcome (CO) | Information ,Annual Report 2020-21,695651,application/pdf,"Thu, 12 Aug 2021 11:43:39 GMT",2026-08-21T19:01:22.821155,1,SIES | GST,,report,308657c8e80f5896
https://siesgst.edu.in/docs/Annual-Report-IT-19-20.pdf,Annual-Report-IT-19-20.pdf,https://siesgst.edu.in/information-technology,SIES | GST,Annual Report 2019-20 | B.E. Information Technology program is accredited by NBA for Academic Years 2021-2022 to 2026-2027 i.e. up to 30-06-2027. | Vision | Mission | Program Educational Objectives (PEO) | Program Specific Outcomes (PSO) | Program Outcomes (PO's) | Course Outcome (CO) | Information ,Annual Report 2019-20,1731213,application/pdf,"Thu, 12 Aug 2021 11:43:35 GMT",2026-08-21T19:01:23.051792,1,SIES | GST,,report,4bdc11746fdd30ed
https://siesgst.edu.in/docs/Annual-Report-IT-18-19.pdf,Annual-Report-IT-18-19.pdf,https://siesgst.edu.in/information-technology,SIES | GST,Annual Report 2018-19 | B.E. Information Technology program is accredited by NBA for Academic Years 2021-2022 to 2026-2027 i.e. up to 30-06-2027. | Vision | Mission | Program Educational Objectives (PEO) | Program Specific Outcomes (PSO) | Program Outcomes (PO's) | Course Outcome (CO) | Information ,Annual Report 2018-19,1841416,application/pdf,"Thu, 12 Aug 2021 11:43:33 GMT",2026-08-21T19:01:23.238374,1,SIES | GST,,report,8c59aae4e3ca147a
https://siesgst.edu.in/docs/Annual-Report-IT-17-18.pdf,Annual-Report-IT-17-18.pdf,https://siesgst.edu.in/information-technology,SIES | GST,Annual Report 2017-18 | B.E. Information Technology program is accredited by NBA for Academic Years 2021-2022 to 2026-2027 i.e. up to 30-06-2027. | Vision | Mission | Program Educational Objectives (PEO) | Program Specific Outcomes (PSO) | Program Outcomes (PO's) | Course Outcome (CO) | Information ,Annual Report 2017-18,1521890,application/pdf,"Thu, 12 Aug 2021 11:43:31 GMT",2026-08-21T19:01:23.425372,1,SIES | GST,,report,49d04d0d934c75ce
https://siesgst.edu.in/images/Activity List 23-24.pdf,Activity List 23-24.pdf,https://siesgst.edu.in/information-technology,SIES | GST,SIESGST IETE Student Chapter 2023-24 | B.E. Information Technology program is accredited by NBA for Academic Years 2021-2022 to 2026-2027 i.e. up to 30-06-2027. | Vision | Mission | Program Educational Objectives (PEO) | Program Specific Outcomes (PSO) | Program Outcomes (PO's) | Course Outcome (CO),SIESGST IETE Student Chapter 2023-24,193072,application/pdf,"Thu, 18 Apr 2024 16:31:07 GMT",2026-08-21T19:01:23.611162,1,SIES | GST,,department,a7b7e57aa91091cb
https://siesgst.edu.in/images/Activity List 22-23.pdf,Activity List 22-23.pdf,https://siesgst.edu.in/information-technology,SIES | GST,SIESGST IETE Student Chapter 2022-23 | B.E. Information Technology program is accredited by NBA for Academic Years 2021-2022 to 2026-2027 i.e. up to 30-06-2027. | Vision | Mission | Program Educational Objectives (PEO) | Program Specific Outcomes (PSO) | Program Outcomes (PO's) | Course Outcome (CO),SIESGST IETE Student Chapter 2022-23,193836,application/pdf,"Thu, 18 Apr 2024 16:30:42 GMT",2026-08-21T19:01:23.798185,1,SIES | GST,,department,568a9aa752eeb6d4
https://siesgst.edu.in/images/ISF Activities List 2021-22.pdf,ISF Activities List 2021-22.pdf,https://siesgst.edu.in/information-technology,SIES | GST,SIESGST IETE Student Chapter 2021-22 | B.E. Information Technology program is accredited by NBA for Academic Years 2021-2022 to 2026-2027 i.e. up to 30-06-2027. | Vision | Mission | Program Educational Objectives (PEO) | Program Specific Outcomes (PSO) | Program Outcomes (PO's) | Course Outcome (CO),SIESGST IETE Student Chapter 2021-22,192899,application/pdf,"Tue, 15 Nov 2022 11:08:31 GMT",2026-08-21T19:01:23.988247,1,SIES | GST,,department,a91459389e7545aa
https://siesgst.edu.in/docs/IETE-19-20.pdf,IETE-19-20.pdf,https://siesgst.edu.in/information-technology,SIES | GST,SIESGST IETE Student Chapter 2019-20 | B.E. Information Technology program is accredited by NBA for Academic Years 2021-2022 to 2026-2027 i.e. up to 30-06-2027. | Vision | Mission | Program Educational Objectives (PEO) | Program Specific Outcomes (PSO) | Program Outcomes (PO's) | Course Outcome (CO),SIESGST IETE Student Chapter 2019-20,274148,application/pdf,"Thu, 12 Aug 2021 11:45:46 GMT",2026-08-21T19:01:24.174445,1,SIES | GST,,general,98a27384b5c0921f
https://siesgst.edu.in/docs/IETE-18-19.pdf,IETE-18-19.pdf,https://siesgst.edu.in/information-technology,SIES | GST,SIESGST IETE Student Chapter 2018-19 | B.E. Information Technology program is accredited by NBA for Academic Years 2021-2022 to 2026-2027 i.e. up to 30-06-2027. | Vision | Mission | Program Educational Objectives (PEO) | Program Specific Outcomes (PSO) | Program Outcomes (PO's) | Course Outcome (CO),SIESGST IETE Student Chapter 2018-19,458387,application/pdf,"Thu, 12 Aug 2021 11:45:45 GMT",2026-08-21T19:01:24.360440,1,SIES | GST,,general,fa12df3a0d3ccd1c
https://siesgst.edu.in/docs/IETE-17-18.pdf,IETE-17-18.pdf,https://siesgst.edu.in/information-technology,SIES | GST,SIESGST IETE Student Chapter 2017-18 | B.E. Information Technology program is accredited by NBA for Academic Years 2021-2022 to 2026-2027 i.e. up to 30-06-2027. | Vision | Mission | Program Educational Objectives (PEO) | Program Specific Outcomes (PSO) | Program Outcomes (PO's) | Course Outcome (CO),SIESGST IETE Student Chapter 2017-18,301212,application/pdf,"Thu, 12 Aug 2021 11:45:41 GMT",2026-08-21T19:01:24.547713,1,SIES | GST,,general,bee1e1dfe4ab80eb
https://siesgst.edu.in/images/fullstack_IT.pdf,fullstack_IT.pdf,https://siesgst.edu.in/information-technology,SIES | GST,"Value Added Course on Full stack web development from dec 16 to dec 21, 2024 | B.E. Information Technology program is accredited by NBA for Academic Years 2021-2022 to 2026-2027 i.e. up to 30-06-2027. | Vision | Mission | Program Educational Objectives (PEO) | Program Specific Outcomes (PSO) | Progr","Value Added Course on Full stack web development from dec 16 to dec 21, 2024",1963141,application/pdf,"Tue, 17 Jun 2025 05:50:59 GMT",2026-08-21T19:01:24.735238,1,SIES | GST,,department,9331b1fb180ed5f6
https://siesgst.edu.in/images/modern frontend.pdf,modern frontend.pdf,https://siesgst.edu.in/information-technology,SIES | GST,"Value Added Course on Modern frontend development from dec 23 to dec 27, 2024 | B.E. Information Technology program is accredited by NBA for Academic Years 2021-2022 to 2026-2027 i.e. up to 30-06-2027. | Vision | Mission | Program Educational Objectives (PEO) | Program Specific Outcomes (PSO) | Prog","Value Added Course on Modern frontend development from dec 23 to dec 27, 2024",4129238,application/pdf,"Tue, 17 Jun 2025 05:43:53 GMT",2026-08-21T19:01:24.924716,1,SIES | GST,,department,ed9761c78f9751e3
https://siesgst.edu.in/images/mobileapp_IT.pdf,mobileapp_IT.pdf,https://siesgst.edu.in/information-technology,SIES | GST,"Value Added Course on Mobile App development from dec 30, 2024 to jan 10, 2025 | B.E. Information Technology program is accredited by NBA for Academic Years 2021-2022 to 2026-2027 i.e. up to 30-06-2027. | Vision | Mission | Program Educational Objectives (PEO) | Program Specific Outcomes (PSO) | Pro","Value Added Course on Mobile App development from dec 30, 2024 to jan 10, 2025",4470619,application/pdf,"Tue, 17 Jun 2025 05:48:28 GMT",2026-08-21T19:01:25.110992,1,SIES | GST,,department,6e3fcb64fb1a9a59
https://siesgst.edu.in/images/SDP_Deep_Learningsyed.pdf,SDP_Deep_Learningsyed.pdf,https://siesgst.edu.in/information-technology,SIES | GST,"Value Added Course on Deep Learning from jan 1 to jan 5, 2024 | B.E. Information Technology program is accredited by NBA for Academic Years 2021-2022 to 2026-2027 i.e. up to 30-06-2027. | Vision | Mission | Program Educational Objectives (PEO) | Program Specific Outcomes (PSO) | Program Outcomes (PO","Value Added Course on Deep Learning from jan 1 to jan 5, 2024",198886,application/pdf,"Thu, 18 Apr 2024 16:39:56 GMT",2026-08-21T19:01:25.297786,1,SIES | GST,,event,ac9fbb4f0c664ea5
https://siesgst.edu.in/images/SDP_IT_Programming.pdf,SDP_IT_Programming.pdf,https://siesgst.edu.in/information-technology,SIES | GST,"Value added Course on Programming, Database Management and Soft Skill
          June 26 to June 30, 2023 | B.E. Information Technology program is accredited by NBA for Academic Years 2021-2022 to 2026-2027 i.e. up to 30-06-2027. | Vision | Mission | Program Educational Objectives (PEO) | Program Sp","Value added Course on Programming, Database Management and Soft Skill
          June 26 to June 30, 2023",154033,application/pdf,"Fri, 19 Apr 2024 00:23:09 GMT",2026-08-21T19:01:25.484519,1,SIES | GST,,event,0886d15b8d38880d
https://siesgst.edu.in/images/Full stack web developement_SDP.pdf,Full stack web developement_SDP.pdf,https://siesgst.edu.in/information-technology,SIES | GST,"Full stack web development December 13 to December 18, 2021 | B.E. Information Technology program is accredited by NBA for Academic Years 2021-2022 to 2026-2027 i.e. up to 30-06-2027. | Vision | Mission | Program Educational Objectives (PEO) | Program Specific Outcomes (PSO) | Program Outcomes (PO's","Full stack web development December 13 to December 18, 2021",158224,application/pdf,"Tue, 09 May 2023 05:03:44 GMT",2026-08-21T19:01:25.670920,1,SIES | GST,Computer Engineering,event,a1a8552bb51d8578
https://siesgst.edu.in/images/NLP-SDP-Brochure.pdf,NLP-SDP-Brochure.pdf,https://siesgst.edu.in/information-technology,SIES | GST,"Natural Language Processing June 27 to July 4, 2022 | B.E. Information Technology program is accredited by NBA for Academic Years 2021-2022 to 2026-2027 i.e. up to 30-06-2027. | Vision | Mission | Program Educational Objectives (PEO) | Program Specific Outcomes (PSO) | Program Outcomes (PO's) | Cour","Natural Language Processing June 27 to July 4, 2022",279884,application/pdf,"Tue, 09 May 2023 05:05:03 GMT",2026-08-21T19:01:25.857632,1,SIES | GST,Computer Engineering,brochure,923979ec5ba4070d
https://siesgst.edu.in/images/3. Network Management and Security.pdf,3. Network Management and Security.pdf,https://siesgst.edu.in/information-technology,SIES | GST,"Network Management and Security June 21 to June 26, 2021 | B.E. Information Technology program is accredited by NBA for Academic Years 2021-2022 to 2026-2027 i.e. up to 30-06-2027. | Vision | Mission | Program Educational Objectives (PEO) | Program Specific Outcomes (PSO) | Program Outcomes (PO's) |","Network Management and Security June 21 to June 26, 2021",168870,application/pdf,"Tue, 09 May 2023 05:00:08 GMT",2026-08-21T19:01:26.048066,1,SIES | GST,,department,f136f1a2b1184f33
https://siesgst.edu.in/docs/Data Analytics SDP Brochure_final.pdf,Data Analytics SDP Brochure_final.pdf,https://siesgst.edu.in/information-technology,SIES | GST,"Data Mining and Analytics From 15-26 June, 2020 | B.E. Information Technology program is accredited by NBA for Academic Years 2021-2022 to 2026-2027 i.e. up to 30-06-2027. | Vision | Mission | Program Educational Objectives (PEO) | Program Specific Outcomes (PSO) | Program Outcomes (PO's) | Course O","Data Mining and Analytics From 15-26 June, 2020",132641,application/pdf,"Thu, 12 Aug 2021 11:44:42 GMT",2026-08-21T19:01:26.235624,1,SIES | GST,,brochure,7517cb360df15d2f
https://siesgst.edu.in/docs/Skill Development SDP Brochure_final.pdf,Skill Development SDP Brochure_final.pdf,https://siesgst.edu.in/information-technology,SIES | GST,"Skill Development Training From 15-26 June, 2020 | B.E. Information Technology program is accredited by NBA for Academic Years 2021-2022 to 2026-2027 i.e. up to 30-06-2027. | Vision | Mission | Program Educational Objectives (PEO) | Program Specific Outcomes (PSO) | Program Outcomes (PO's) | Course ","Skill Development Training From 15-26 June, 2020",126211,application/pdf,"Thu, 12 Aug 2021 11:50:03 GMT",2026-08-21T19:01:26.423294,1,SIES | GST,,brochure,e273f5173ab1d3cb
https://siesgst.edu.in/docs/sdp on dbms_2019_20.pdf,sdp on dbms_2019_20.pdf,https://siesgst.edu.in/information-technology,SIES | GST,"SDP on DBMS From 9-13 Dec, 2019 | B.E. Information Technology program is accredited by NBA for Academic Years 2021-2022 to 2026-2027 i.e. up to 30-06-2027. | Vision | Mission | Program Educational Objectives (PEO) | Program Specific Outcomes (PSO) | Program Outcomes (PO's) | Course Outcome (CO) | In","SDP on DBMS From 9-13 Dec, 2019",133674,application/pdf,"Thu, 12 Aug 2021 11:49:44 GMT",2026-08-21T19:01:26.610846,1,SIES | GST,,event,d5d0cbf509ef02e4
https://siesgst.edu.in/docs/Web Technologies_2019_20.pdf,Web Technologies_2019_20.pdf,https://siesgst.edu.in/information-technology,SIES | GST,"Web Technologies From June 24 - July 2, 2019 | B.E. Information Technology program is accredited by NBA for Academic Years 2021-2022 to 2026-2027 i.e. up to 30-06-2027. | Vision | Mission | Program Educational Objectives (PEO) | Program Specific Outcomes (PSO) | Program Outcomes (PO's) | Course Outc","Web Technologies From June 24 - July 2, 2019",89457,application/pdf,"Thu, 12 Aug 2021 11:50:32 GMT",2026-08-21T19:01:26.797846,1,SIES | GST,,general,3aa81ab87010cdd5
https://siesgst.edu.in/docs/CCNA_2019_20.pdf,CCNA_2019_20.pdf,https://siesgst.edu.in/information-technology,SIES | GST,"CCNA From June 27 - July 2, 2019 | B.E. Information Technology program is accredited by NBA for Academic Years 2021-2022 to 2026-2027 i.e. up to 30-06-2027. | Vision | Mission | Program Educational Objectives (PEO) | Program Specific Outcomes (PSO) | Program Outcomes (PO's) | Course Outcome (CO) | I","CCNA From June 27 - July 2, 2019",108584,application/pdf,"Thu, 12 Aug 2021 11:44:06 GMT",2026-08-21T19:01:26.986528,1,SIES | GST,,general,f474acc8e371c461
https://siesgst.edu.in/docs/2018-19 DJango SDP_jan_19.pdf,2018-19 DJango SDP_jan_19.pdf,https://siesgst.edu.in/information-technology,SIES | GST,"Web Application Development using Django Framework On 19 Jan, 2019 | B.E. Information Technology program is accredited by NBA for Academic Years 2021-2022 to 2026-2027 i.e. up to 30-06-2027. | Vision | Mission | Program Educational Objectives (PEO) | Program Specific Outcomes (PSO) | Program Outcome","Web Application Development using Django Framework On 19 Jan, 2019",178481,application/pdf,"Thu, 12 Aug 2021 11:42:21 GMT",2026-08-21T19:01:27.174476,1,SIES | GST,,event,bcf9c8b6a0d466a4
https://siesgst.edu.in/docs/Dec18_ML_python dec 17-21.pdf,Dec18_ML_python dec 17-21.pdf,https://siesgst.edu.in/information-technology,SIES | GST,"Machine Learning with Python From 17-21 Dec, 2018 | B.E. Information Technology program is accredited by NBA for Academic Years 2021-2022 to 2026-2027 i.e. up to 30-06-2027. | Vision | Mission | Program Educational Objectives (PEO) | Program Specific Outcomes (PSO) | Program Outcomes (PO's) | Course","Machine Learning with Python From 17-21 Dec, 2018",93832,application/pdf,"Thu, 12 Aug 2021 11:44:43 GMT",2026-08-21T19:01:27.361771,1,SIES | GST,AI & Machine Learning,department,fcc7f2696e7019a8
https://siesgst.edu.in/docs/Dec18_ML_R dec 17-21.pdf,Dec18_ML_R dec 17-21.pdf,https://siesgst.edu.in/information-technology,SIES | GST,"Machine Learning with 'R' From 17-21 Dec, 2018 | B.E. Information Technology program is accredited by NBA for Academic Years 2021-2022 to 2026-2027 i.e. up to 30-06-2027. | Vision | Mission | Program Educational Objectives (PEO) | Program Specific Outcomes (PSO) | Program Outcomes (PO's) | Course Ou","Machine Learning with 'R' From 17-21 Dec, 2018",92344,application/pdf,"Thu, 12 Aug 2021 11:44:44 GMT",2026-08-21T19:01:27.549127,1,SIES | GST,AI & Machine Learning,department,09719050f880877e
https://siesgst.edu.in/docs/2018-19_ML_python June 25-29.pdf,2018-19_ML_python June 25-29.pdf,https://siesgst.edu.in/information-technology,SIES | GST,"Machine Learning with Python From 25-29 June, 2018 | B.E. Information Technology program is accredited by NBA for Academic Years 2021-2022 to 2026-2027 i.e. up to 30-06-2027. | Vision | Mission | Program Educational Objectives (PEO) | Program Specific Outcomes (PSO) | Program Outcomes (PO's) | Cours","Machine Learning with Python From 25-29 June, 2018",138137,application/pdf,"Thu, 12 Aug 2021 11:42:22 GMT",2026-08-21T19:01:27.736758,1,SIES | GST,AI & Machine Learning,department,03f8c93553a2bd6d
https://siesgst.edu.in/docs/2017-18_ML_R june 25-29.pdf,2017-18_ML_R june 25-29.pdf,https://siesgst.edu.in/information-technology,SIES | GST,"Machine Learning with 'R' From June 25-29, 2018 | B.E. Information Technology program is accredited by NBA for Academic Years 2021-2022 to 2026-2027 i.e. up to 30-06-2027. | Vision | Mission | Program Educational Objectives (PEO) | Program Specific Outcomes (PSO) | Program Outcomes (PO's) | Course O","Machine Learning with 'R' From June 25-29, 2018",138618,application/pdf,"Thu, 12 Aug 2021 11:42:17 GMT",2026-08-21T19:01:27.929536,1,SIES | GST,AI & Machine Learning,department,ea322fc3118060b7
https://siesgst.edu.in/docs/2017_18_Basic_R_June_20-22.pdf,2017_18_Basic_R_June_20-22.pdf,https://siesgst.edu.in/information-technology,SIES | GST,"Introduction to 'R' for Data Science From June 20-22, 2018 | B.E. Information Technology program is accredited by NBA for Academic Years 2021-2022 to 2026-2027 i.e. up to 30-06-2027. | Vision | Mission | Program Educational Objectives (PEO) | Program Specific Outcomes (PSO) | Program Outcomes (PO's)","Introduction to 'R' for Data Science From June 20-22, 2018",137834,application/pdf,"Thu, 12 Aug 2021 11:42:19 GMT",2026-08-21T19:01:28.120533,1,SIES | GST,Computer Engineering,department,27b74711295400b1
https://siesgst.edu.in/docs/2017-18_Basic_Python June 20-22.pdf,2017-18_Basic_Python June 20-22.pdf,https://siesgst.edu.in/information-technology,SIES | GST,"Basic Python for Data Science From June 20-22, 2018 | B.E. Information Technology program is accredited by NBA for Academic Years 2021-2022 to 2026-2027 i.e. up to 30-06-2027. | Vision | Mission | Program Educational Objectives (PEO) | Program Specific Outcomes (PSO) | Program Outcomes (PO's) | Cour","Basic Python for Data Science From June 20-22, 2018",137359,application/pdf,"Thu, 12 Aug 2021 11:42:16 GMT",2026-08-21T19:01:28.309381,1,SIES | GST,Computer Engineering,department,eebee3d8ae04a41c
https://siesgst.edu.in/docs/2017-18 Python Programming from 20 jan.pdf,2017-18 Python Programming from 20 jan.pdf,https://siesgst.edu.in/information-technology,SIES | GST,"Designing and managing database From June 11-15, 2018 | B.E. Information Technology program is accredited by NBA for Academic Years 2021-2022 to 2026-2027 i.e. up to 30-06-2027. | Vision | Mission | Program Educational Objectives (PEO) | Program Specific Outcomes (PSO) | Program Outcomes (PO's) | Co","Designing and managing database From June 11-15, 2018",118229,application/pdf,"Thu, 12 Aug 2021 11:42:14 GMT",2026-08-21T19:01:28.501265,1,SIES | GST,,general,18625eedbc75431e
https://siesgst.edu.in/docs/2017-18_Advance java_Dec 2017.pdf,2017-18_Advance java_Dec 2017.pdf,https://siesgst.edu.in/information-technology,SIES | GST,"Advance Java From Dec 18-22, 2017 | B.E. Information Technology program is accredited by NBA for Academic Years 2021-2022 to 2026-2027 i.e. up to 30-06-2027. | Vision | Mission | Program Educational Objectives (PEO) | Program Specific Outcomes (PSO) | Program Outcomes (PO's) | Course Outcome (CO) | ","Advance Java From Dec 18-22, 2017",28063,application/pdf,"Thu, 12 Aug 2021 11:42:15 GMT",2026-08-21T19:01:28.701358,1,SIES | GST,Computer Engineering,department,93603b1153928900
https://siesgst.edu.in/docs/2017-18 Image_processing_R aug 4-5.pdf,2017-18 Image_processing_R aug 4-5.pdf,https://siesgst.edu.in/information-technology,SIES | GST,"Digital Image Processing with 'R' programming From Aug 4-5, 2017 | B.E. Information Technology program is accredited by NBA for Academic Years 2021-2022 to 2026-2027 i.e. up to 30-06-2027. | Vision | Mission | Program Educational Objectives (PEO) | Program Specific Outcomes (PSO) | Program Outcomes ","Digital Image Processing with 'R' programming From Aug 4-5, 2017",229354,application/pdf,"Thu, 12 Aug 2021 11:42:13 GMT",2026-08-21T19:01:28.892101,1,SIES | GST,Computer Engineering,department,79be71aa6efbaddc
https://siesgst.edu.in/images/industry/HOD_onepage_Report_LITmindtree _IV.pdf,HOD_onepage_Report_LITmindtree _IV.pdf,https://siesgst.edu.in/information-technology,SIES | GST,"Industrial Visit to LTIMindtree, Navi Mumbai | B.E. Information Technology program is accredited by NBA for Academic Years 2021-2022 to 2026-2027 i.e. up to 30-06-2027. | Vision | Mission | Program Educational Objectives (PEO) | Program Specific Outcomes (PSO) | Program Outcomes (PO's) | Course Outc","Industrial Visit to LTIMindtree, Navi Mumbai",430092,application/pdf,"Fri, 26 Sep 2025 04:09:21 GMT",2026-08-21T19:01:29.079771,1,SIES | GST,Information Technology,exam,d8b5bc86f294efd2
https://siesgst.edu.in/images/IT_FH2025Newletter.pdf,IT_FH2025Newletter.pdf,https://siesgst.edu.in/information-technology,SIES | GST,Department Newsletter FH2025 | B.E. Information Technology program is accredited by NBA for Academic Years 2021-2022 to 2026-2027 i.e. up to 30-06-2027. | Vision | Mission | Program Educational Objectives (PEO) | Program Specific Outcomes (PSO) | Program Outcomes (PO's) | Course Outcome (CO) | Infor,Department Newsletter FH2025,360081,application/pdf,"Tue, 01 Jul 2025 00:20:14 GMT",2026-08-21T19:01:29.267448,1,SIES | GST,,department,776688df8318436a
https://siesgst.edu.in/images/IT_SH2024Newletter.pdf,IT_SH2024Newletter.pdf,https://siesgst.edu.in/information-technology,SIES | GST,Department Newsletter SH2024 | B.E. Information Technology program is accredited by NBA for Academic Years 2021-2022 to 2026-2027 i.e. up to 30-06-2027. | Vision | Mission | Program Educational Objectives (PEO) | Program Specific Outcomes (PSO) | Program Outcomes (PO's) | Course Outcome (CO) | Infor,Department Newsletter SH2024,352818,application/pdf,"Tue, 01 Jul 2025 00:19:30 GMT",2026-08-21T19:01:29.454936,1,SIES | GST,,department,48ad1a49571b96fe
https://siesgst.edu.in/images/IT_FH2024Newletter.pdf,IT_FH2024Newletter.pdf,https://siesgst.edu.in/information-technology,SIES | GST,Department Newsletter FH2024 | B.E. Information Technology program is accredited by NBA for Academic Years 2021-2022 to 2026-2027 i.e. up to 30-06-2027. | Vision | Mission | Program Educational Objectives (PEO) | Program Specific Outcomes (PSO) | Program Outcomes (PO's) | Course Outcome (CO) | Infor,Department Newsletter FH2024,331080,application/pdf,"Tue, 01 Jul 2025 00:19:04 GMT",2026-08-21T19:01:29.644648,1,SIES | GST,,department,d872461849efbdce
https://siesgst.edu.in/images/SH2023 Newletter.pdf,SH2023 Newletter.pdf,https://siesgst.edu.in/information-technology,SIES | GST,Department Newsletter SH2023 | B.E. Information Technology program is accredited by NBA for Academic Years 2021-2022 to 2026-2027 i.e. up to 30-06-2027. | Vision | Mission | Program Educational Objectives (PEO) | Program Specific Outcomes (PSO) | Program Outcomes (PO's) | Course Outcome (CO) | Infor,Department Newsletter SH2023,500832,application/pdf,"Wed, 17 Apr 2024 13:48:29 GMT",2026-08-21T19:01:29.833953,1,SIES | GST,,department,21fc06db8b52ca5a
https://siesgst.edu.in/images/FH2023 Newletter.pdf,FH2023 Newletter.pdf,https://siesgst.edu.in/information-technology,SIES | GST,Department Newsletter FH2023 | B.E. Information Technology program is accredited by NBA for Academic Years 2021-2022 to 2026-2027 i.e. up to 30-06-2027. | Vision | Mission | Program Educational Objectives (PEO) | Program Specific Outcomes (PSO) | Program Outcomes (PO's) | Course Outcome (CO) | Infor,Department Newsletter FH2023,538717,application/pdf,"Wed, 17 Apr 2024 13:47:56 GMT",2026-08-21T19:01:30.024874,1,SIES | GST,,department,19062e906b090a82
https://siesgst.edu.in/images/SH2022 Newletter-Updated (1).pdf,SH2022 Newletter-Updated (1).pdf,https://siesgst.edu.in/information-technology,SIES | GST,Department Newsletter SH2022 | B.E. Information Technology program is accredited by NBA for Academic Years 2021-2022 to 2026-2027 i.e. up to 30-06-2027. | Vision | Mission | Program Educational Objectives (PEO) | Program Specific Outcomes (PSO) | Program Outcomes (PO's) | Course Outcome (CO) | Infor,Department Newsletter SH2022,533005,application/pdf,"Thu, 25 May 2023 05:32:14 GMT",2026-08-21T19:01:30.213863,1,SIES | GST,,department,381b9137fffa3fb3
https://siesgst.edu.in/images/FH2022 Newletter.pdf,FH2022 Newletter.pdf,https://siesgst.edu.in/information-technology,SIES | GST,Department Newsletter FH2022 | B.E. Information Technology program is accredited by NBA for Academic Years 2021-2022 to 2026-2027 i.e. up to 30-06-2027. | Vision | Mission | Program Educational Objectives (PEO) | Program Specific Outcomes (PSO) | Program Outcomes (PO's) | Course Outcome (CO) | Infor,Department Newsletter FH2022,533767,application/pdf,"Fri, 12 May 2023 04:59:17 GMT",2026-08-21T19:01:30.408752,1,SIES | GST,,department,5209c987868daf2a
https://siesgst.edu.in/images/News Letter - SH 2021.pdf,News Letter - SH 2021.pdf,https://siesgst.edu.in/information-technology,SIES | GST,Department Newsletter SH2021 | B.E. Information Technology program is accredited by NBA for Academic Years 2021-2022 to 2026-2027 i.e. up to 30-06-2027. | Vision | Mission | Program Educational Objectives (PEO) | Program Specific Outcomes (PSO) | Program Outcomes (PO's) | Course Outcome (CO) | Infor,Department Newsletter SH2021,625116,application/pdf,"Fri, 12 May 2023 04:58:25 GMT",2026-08-21T19:01:30.602124,1,SIES | GST,,department,bb46066044495b21
https://siesgst.edu.in/images/NEWSLETTER/IT_FH2021.pdf,IT_FH2021.pdf,https://siesgst.edu.in/information-technology,SIES | GST,Department Newsletter FH2021 | B.E. Information Technology program is accredited by NBA for Academic Years 2021-2022 to 2026-2027 i.e. up to 30-06-2027. | Vision | Mission | Program Educational Objectives (PEO) | Program Specific Outcomes (PSO) | Program Outcomes (PO's) | Course Outcome (CO) | Infor,Department Newsletter FH2021,484327,application/pdf,"Mon, 19 Sep 2022 07:54:48 GMT",2026-08-21T19:01:30.791438,1,SIES | GST,,department,2483dd7a6920c59c
https://siesgst.edu.in/images/NEWSLETTER/IT_FH2020.pdf,IT_FH2020.pdf,https://siesgst.edu.in/information-technology,SIES | GST,Department Newsletter FH2020 | B.E. Information Technology program is accredited by NBA for Academic Years 2021-2022 to 2026-2027 i.e. up to 30-06-2027. | Vision | Mission | Program Educational Objectives (PEO) | Program Specific Outcomes (PSO) | Program Outcomes (PO's) | Course Outcome (CO) | Infor,Department Newsletter FH2020,666121,application/pdf,"Sun, 28 Nov 2021 07:40:31 GMT",2026-08-21T19:01:30.983667,1,SIES | GST,,department,41c70756ea306bdc
https://siesgst.edu.in/images/NEWSLETTER/IT_SH2019.pdf,IT_SH2019.pdf,https://siesgst.edu.in/information-technology,SIES | GST,Department Newsletter SH2019 | B.E. Information Technology program is accredited by NBA for Academic Years 2021-2022 to 2026-2027 i.e. up to 30-06-2027. | Vision | Mission | Program Educational Objectives (PEO) | Program Specific Outcomes (PSO) | Program Outcomes (PO's) | Course Outcome (CO) | Infor,Department Newsletter SH2019,495758,application/pdf,"Sun, 28 Nov 2021 07:37:58 GMT",2026-08-21T19:01:31.176474,1,SIES | GST,,department,6451b3d324dedf1e
https://siesgst.edu.in/images/NEWSLETTER/IT_FH2019.pdf,IT_FH2019.pdf,https://siesgst.edu.in/information-technology,SIES | GST,Department Newsletter FH2019 | B.E. Information Technology program is accredited by NBA for Academic Years 2021-2022 to 2026-2027 i.e. up to 30-06-2027. | Vision | Mission | Program Educational Objectives (PEO) | Program Specific Outcomes (PSO) | Program Outcomes (PO's) | Course Outcome (CO) | Infor,Department Newsletter FH2019,847918,application/pdf,"Sun, 28 Nov 2021 07:37:22 GMT",2026-08-21T19:01:31.365264,1,SIES | GST,,department,0b239e64d9dee416
https://siesgst.edu.in/images/NEWSLETTER/IT_SH2018.pdf,IT_SH2018.pdf,https://siesgst.edu.in/information-technology,SIES | GST,Department Newsletter SH2018 | B.E. Information Technology program is accredited by NBA for Academic Years 2021-2022 to 2026-2027 i.e. up to 30-06-2027. | Vision | Mission | Program Educational Objectives (PEO) | Program Specific Outcomes (PSO) | Program Outcomes (PO's) | Course Outcome (CO) | Infor,Department Newsletter SH2018,786649,application/pdf,"Sun, 28 Nov 2021 07:38:48 GMT",2026-08-21T19:01:31.553392,1,SIES | GST,,department,05c746790a417843
https://siesgst.edu.in/images/NEWSLETTER/IT_FH2018.pdf,IT_FH2018.pdf,https://siesgst.edu.in/information-technology,SIES | GST,Department Newsletter FH2018 | B.E. Information Technology program is accredited by NBA for Academic Years 2021-2022 to 2026-2027 i.e. up to 30-06-2027. | Vision | Mission | Program Educational Objectives (PEO) | Program Specific Outcomes (PSO) | Program Outcomes (PO's) | Course Outcome (CO) | Infor,Department Newsletter FH2018,498793,application/pdf,"Sun, 28 Nov 2021 07:39:27 GMT",2026-08-21T19:01:31.746702,1,SIES | GST,,department,981717d0d614f2d9
https://siesgst.edu.in/images/NEWSLETTER/IT_SH2017.pdf,IT_SH2017.pdf,https://siesgst.edu.in/information-technology,SIES | GST,Department Newsletter SH2017 | B.E. Information Technology program is accredited by NBA for Academic Years 2021-2022 to 2026-2027 i.e. up to 30-06-2027. | Vision | Mission | Program Educational Objectives (PEO) | Program Specific Outcomes (PSO) | Program Outcomes (PO's) | Course Outcome (CO) | Infor,Department Newsletter SH2017,522828,application/pdf,"Sun, 28 Nov 2021 07:39:05 GMT",2026-08-21T19:01:31.939085,1,SIES | GST,,department,3ad40c60d8ff0aee
https://siesgst.edu.in/images/NEWSLETTER/IT_FH2017.pdf,IT_FH2017.pdf,https://siesgst.edu.in/information-technology,SIES | GST,Department Newsletter FH2017 | B.E. Information Technology program is accredited by NBA for Academic Years 2021-2022 to 2026-2027 i.e. up to 30-06-2027. | Vision | Mission | Program Educational Objectives (PEO) | Program Specific Outcomes (PSO) | Program Outcomes (PO's) | Course Outcome (CO) | Infor,Department Newsletter FH2017,489293,application/pdf,"Sun, 28 Nov 2021 07:40:05 GMT",2026-08-21T19:01:32.127648,1,SIES | GST,,department,6ed2ad3e484ab804
https://siesgst.edu.in/images/NEWSLETTER/IT_SH2016.pdf,IT_SH2016.pdf,https://siesgst.edu.in/information-technology,SIES | GST,Department Newsletter SH2016 | B.E. Information Technology program is accredited by NBA for Academic Years 2021-2022 to 2026-2027 i.e. up to 30-06-2027. | Vision | Mission | Program Educational Objectives (PEO) | Program Specific Outcomes (PSO) | Program Outcomes (PO's) | Course Outcome (CO) | Infor,Department Newsletter SH2016,497564,application/pdf,"Sun, 28 Nov 2021 07:40:49 GMT",2026-08-21T19:01:32.311467,1,SIES | GST,,department,a4694b3b56d7a87e
https://siesgst.edu.in/images/TECHSCIENCE 2025-26.pdf,TECHSCIENCE 2025-26.pdf,https://siesgst.edu.in/information-technology,SIES | GST,Magzine 2025-26 | B.E. Information Technology program is accredited by NBA for Academic Years 2021-2022 to 2026-2027 i.e. up to 30-06-2027. | Vision | Mission | Program Educational Objectives (PEO) | Program Specific Outcomes (PSO) | Program Outcomes (PO's) | Course Outcome (CO) | Information Techno,Magzine 2025-26,28921333,application/pdf,"Fri, 26 Sep 2025 04:05:48 GMT",2026-08-21T19:01:32.499841,1,SIES | GST,Computer Engineering,department,acd3636c62487ba2
https://siesgst.edu.in/images/IT TechScience Magazine 2022-23.pdf,IT TechScience Magazine 2022-23.pdf,https://siesgst.edu.in/information-technology,SIES | GST,Magazine 2022-23 | B.E. Information Technology program is accredited by NBA for Academic Years 2021-2022 to 2026-2027 i.e. up to 30-06-2027. | Vision | Mission | Program Educational Objectives (PEO) | Program Specific Outcomes (PSO) | Program Outcomes (PO's) | Course Outcome (CO) | Information Techn,Magazine 2022-23,71076103,application/pdf,"Mon, 22 May 2023 08:30:53 GMT",2026-08-21T19:01:32.688000,1,SIES | GST,Computer Engineering,department,72dc44b550d060ef
https://siesgst.edu.in/images/IT TechScience Magazine 2021-22.pdf,IT TechScience Magazine 2021-22.pdf,https://siesgst.edu.in/information-technology,SIES | GST,Magazine 2021-22 | B.E. Information Technology program is accredited by NBA for Academic Years 2021-2022 to 2026-2027 i.e. up to 30-06-2027. | Vision | Mission | Program Educational Objectives (PEO) | Program Specific Outcomes (PSO) | Program Outcomes (PO's) | Course Outcome (CO) | Information Techn,Magazine 2021-22,71377744,application/pdf,"Mon, 22 May 2023 08:30:43 GMT",2026-08-21T19:01:32.876759,1,SIES | GST,Computer Engineering,department,98184c303ebd17ac
https://siesgst.edu.in/images/NEWSLETTER/IT_Mag_FH2021.pdf,IT_Mag_FH2021.pdf,https://siesgst.edu.in/information-technology,SIES | GST,Magazine FH2021 | B.E. Information Technology program is accredited by NBA for Academic Years 2021-2022 to 2026-2027 i.e. up to 30-06-2027. | Vision | Mission | Program Educational Objectives (PEO) | Program Specific Outcomes (PSO) | Program Outcomes (PO's) | Course Outcome (CO) | Information Techno,Magazine FH2021,4386608,application/pdf,"Mon, 19 Sep 2022 07:54:58 GMT",2026-08-21T19:01:33.063901,1,SIES | GST,,department,e5f703d0e4ff0a00
https://siesgst.edu.in/images/NEWSLETTER/IT_MAG_SH2020.pdf,IT_MAG_SH2020.pdf,https://siesgst.edu.in/information-technology,SIES | GST,Magazine SH2020 | B.E. Information Technology program is accredited by NBA for Academic Years 2021-2022 to 2026-2027 i.e. up to 30-06-2027. | Vision | Mission | Program Educational Objectives (PEO) | Program Specific Outcomes (PSO) | Program Outcomes (PO's) | Course Outcome (CO) | Information Techno,Magazine SH2020,7497607,application/pdf,"Sun, 28 Nov 2021 10:42:47 GMT",2026-08-21T19:01:33.256880,1,SIES | GST,,department,414a71e226dbe8fb
https://siesgst.edu.in/images/NEWSLETTER/IT_MAG_FH2020.pdf,IT_MAG_FH2020.pdf,https://siesgst.edu.in/information-technology,SIES | GST,Magazine FH2020 | B.E. Information Technology program is accredited by NBA for Academic Years 2021-2022 to 2026-2027 i.e. up to 30-06-2027. | Vision | Mission | Program Educational Objectives (PEO) | Program Specific Outcomes (PSO) | Program Outcomes (PO's) | Course Outcome (CO) | Information Techno,Magazine FH2020,5358498,application/pdf,"Sun, 28 Nov 2021 10:52:14 GMT",2026-08-21T19:01:33.445453,1,SIES | GST,,department,4f147263036c1b86
https://siesgst.edu.in/images/NEWSLETTER/IT_MAG_FH2019.pdf,IT_MAG_FH2019.pdf,https://siesgst.edu.in/information-technology,SIES | GST,Magazine FH2019 | B.E. Information Technology program is accredited by NBA for Academic Years 2021-2022 to 2026-2027 i.e. up to 30-06-2027. | Vision | Mission | Program Educational Objectives (PEO) | Program Specific Outcomes (PSO) | Program Outcomes (PO's) | Course Outcome (CO) | Information Techno,Magazine FH2019,391583,application/pdf,"Sun, 28 Nov 2021 10:45:48 GMT",2026-08-21T19:01:33.633259,1,SIES | GST,,department,bf696cbe1d2a079b
https://siesgst.edu.in/images/NEWSLETTER/IT_MAG_SH2018.pdf,IT_MAG_SH2018.pdf,https://siesgst.edu.in/information-technology,SIES | GST,Magazine SH2018 | B.E. Information Technology program is accredited by NBA for Academic Years 2021-2022 to 2026-2027 i.e. up to 30-06-2027. | Vision | Mission | Program Educational Objectives (PEO) | Program Specific Outcomes (PSO) | Program Outcomes (PO's) | Course Outcome (CO) | Information Techno,Magazine SH2018,275905,application/pdf,"Sun, 28 Nov 2021 10:44:29 GMT",2026-08-21T19:01:33.816547,1,SIES | GST,,department,01495934295e0a75
https://siesgst.edu.in/images/NEWSLETTER/IT_MAG_FH2018.pdf,IT_MAG_FH2018.pdf,https://siesgst.edu.in/information-technology,SIES | GST,Magazine FH2018 | B.E. Information Technology program is accredited by NBA for Academic Years 2021-2022 to 2026-2027 i.e. up to 30-06-2027. | Vision | Mission | Program Educational Objectives (PEO) | Program Specific Outcomes (PSO) | Program Outcomes (PO's) | Course Outcome (CO) | Information Techno,Magazine FH2018,789568,application/pdf,"Sun, 28 Nov 2021 10:45:33 GMT",2026-08-21T19:01:34.004619,1,SIES | GST,,department,939bba85ca4f84fc
https://siesgst.edu.in/images/NEWSLETTER/IT_MAG_SH2017.pdf,IT_MAG_SH2017.pdf,https://siesgst.edu.in/information-technology,SIES | GST,Magazine SH2017 | B.E. Information Technology program is accredited by NBA for Academic Years 2021-2022 to 2026-2027 i.e. up to 30-06-2027. | Vision | Mission | Program Educational Objectives (PEO) | Program Specific Outcomes (PSO) | Program Outcomes (PO's) | Course Outcome (CO) | Information Techno,Magazine SH2017,297750,application/pdf,"Sun, 28 Nov 2021 10:44:44 GMT",2026-08-21T19:01:34.190207,1,SIES | GST,,department,3a625542526492a4
https://siesgst.edu.in/images/NEWSLETTER/IT_MAG_FH2017.pdf,IT_MAG_FH2017.pdf,https://siesgst.edu.in/information-technology,SIES | GST,Magazine FH2017 | B.E. Information Technology program is accredited by NBA for Academic Years 2021-2022 to 2026-2027 i.e. up to 30-06-2027. | Vision | Mission | Program Educational Objectives (PEO) | Program Specific Outcomes (PSO) | Program Outcomes (PO's) | Course Outcome (CO) | Information Techno,Magazine FH2017,452792,application/pdf,"Sun, 28 Nov 2021 10:45:19 GMT",2026-08-21T19:01:34.377861,1,SIES | GST,,department,e61f10af6d7d6712
https://siesgst.edu.in/images/NEWSLETTER/IT_MAG_SH2016.pdf,IT_MAG_SH2016.pdf,https://siesgst.edu.in/information-technology,SIES | GST,Magazine SH2016 | B.E. Information Technology program is accredited by NBA for Academic Years 2021-2022 to 2026-2027 i.e. up to 30-06-2027. | Vision | Mission | Program Educational Objectives (PEO) | Program Specific Outcomes (PSO) | Program Outcomes (PO's) | Course Outcome (CO) | Information Techno,Magazine SH2016,813259,application/pdf,"Sun, 28 Nov 2021 10:45:03 GMT",2026-08-21T19:01:34.561208,1,SIES | GST,,department,c09978751ddce54b
https://siesgst.edu.in/docs/Innovation in teaching and Learning_Mech Dept Faculty.pdf,Innovation in teaching and Learning_Mech Dept Faculty.pdf,https://siesgst.edu.in/mechanical-engineering,SIES | GST,"Innovation in teaching and Learning by Mech Dept Faculty | B.E. Mechanical Engineering program is accredited by NBA for Academic Years 2021-2022 to 2023-2024 i.e. up to 30-06-2024. | Vision | Mission | Program Educational Objectives (PEO) | Mechanical Engineering : PSO, POâ€™s & COâ€™s | Program Spe",Innovation in teaching and Learning by Mech Dept Faculty,620810,application/pdf,"Thu, 12 Aug 2021 11:45:52 GMT",2026-08-21T19:01:36.828623,1,SIES | GST,,department,a1a184a979216052
https://siesgst.edu.in/images/CO_ME_21-22.pdf,CO_ME_21-22.pdf,https://siesgst.edu.in/mechanical-engineering,SIES | GST,"Course Outcomes ME-2021-22 | B.E. Mechanical Engineering program is accredited by NBA for Academic Years 2021-2022 to 2023-2024 i.e. up to 30-06-2024. | Vision | Mission | Program Educational Objectives (PEO) | Mechanical Engineering : PSO, POâ€™s & COâ€™s | Program Specific Outcomes (PSO) | Program",Course Outcomes ME-2021-22,6117295,application/pdf,"Sat, 01 Apr 2023 05:18:51 GMT",2026-08-21T19:01:37.032673,1,SIES | GST,,exam,f2538041cd00a000
https://siesgst.edu.in/images/CO Statement_R 19_Mechanical.pdf,CO Statement_R 19_Mechanical.pdf,https://siesgst.edu.in/mechanical-engineering,SIES | GST,"Course Outcomes R19 | B.E. Mechanical Engineering program is accredited by NBA for Academic Years 2021-2022 to 2023-2024 i.e. up to 30-06-2024. | Vision | Mission | Program Educational Objectives (PEO) | Mechanical Engineering : PSO, POâ€™s & COâ€™s | Program Specific Outcomes (PSO) | Program Outcom",Course Outcomes R19,789489,application/pdf,"Sat, 08 Apr 2023 10:07:37 GMT",2026-08-21T19:01:37.219628,1,SIES | GST,Mechanical,exam,6fb27ade0e0aae87
https://siesgst.edu.in/images/BE Mech -R-The-revised-syllabus-of-B.E.Mechanical-Engineering-Sem.-VII-VIII-CBCS.pdf,BE Mech -R-The-revised-syllabus-of-B.E.Mechanical-Engineering-Sem.-VII-VIII-CBCS.pdf,https://siesgst.edu.in/mechanical-engineering,SIES | GST,"Final year ME Syllabus R -2019 | B.E. Mechanical Engineering program is accredited by NBA for Academic Years 2021-2022 to 2023-2024 i.e. up to 30-06-2024. | Vision | Mission | Program Educational Objectives (PEO) | Mechanical Engineering : PSO, POâ€™s & COâ€™s | Program Specific Outcomes (PSO) | Pro",Final year ME Syllabus R -2019,2525978,application/pdf,"Fri, 22 Sep 2023 14:20:15 GMT",2026-08-21T19:01:37.514663,1,SIES | GST,Mechanical,syllabus,1262f5ba33a49261
https://siesgst.edu.in/images/TE Mech R-.-11-July-2022.-B.E.-Mechanical-Engineering-Sem-VIII-CBCS.pdf,TE Mech R-.-11-July-2022.-B.E.-Mechanical-Engineering-Sem-VIII-CBCS.pdf,https://siesgst.edu.in/mechanical-engineering,SIES | GST,"Third year ME Syllabus R -2019 | B.E. Mechanical Engineering program is accredited by NBA for Academic Years 2021-2022 to 2023-2024 i.e. up to 30-06-2024. | Vision | Mission | Program Educational Objectives (PEO) | Mechanical Engineering : PSO, POâ€™s & COâ€™s | Program Specific Outcomes (PSO) | Pro",Third year ME Syllabus R -2019,2838181,application/pdf,"Fri, 22 Sep 2023 14:19:34 GMT",2026-08-21T19:01:37.796977,1,SIES | GST,Mechanical,syllabus,f0b96c4cb2651edc
https://siesgst.edu.in/images/Second_Year_Mechanical_(BE Sem-III and IV)-Teaching Scheme and Course Content_Final_04072020 2.pdf,Second_Year_Mechanical_(BE Sem-III and IV)-Teaching Scheme and Course Content_Final_04072020 2.pdf,https://siesgst.edu.in/mechanical-engineering,SIES | GST,"Second year ME Syllabus R -2019 | B.E. Mechanical Engineering program is accredited by NBA for Academic Years 2021-2022 to 2023-2024 i.e. up to 30-06-2024. | Vision | Mission | Program Educational Objectives (PEO) | Mechanical Engineering : PSO, POâ€™s & COâ€™s | Program Specific Outcomes (PSO) | Pr",Second year ME Syllabus R -2019,1072239,application/pdf,"Fri, 22 Sep 2023 14:18:49 GMT",2026-08-21T19:01:37.987764,1,SIES | GST,Mechanical,syllabus,befa0dd8588d9297
https://siesgst.edu.in/images/FE-Final-Syllabus-approved-by-AC-on-26th-July-2019.pdf,FE-Final-Syllabus-approved-by-AC-on-26th-July-2019.pdf,https://siesgst.edu.in/mechanical-engineering,SIES | GST,"First year ME Syllabus R -2019 | B.E. Mechanical Engineering program is accredited by NBA for Academic Years 2021-2022 to 2023-2024 i.e. up to 30-06-2024. | Vision | Mission | Program Educational Objectives (PEO) | Mechanical Engineering : PSO, POâ€™s & COâ€™s | Program Specific Outcomes (PSO) | Pro",First year ME Syllabus R -2019,2297192,application/pdf,"Fri, 22 Sep 2023 14:17:48 GMT",2026-08-21T19:01:38.173329,1,SIES | GST,Mechanical,syllabus,5c5495bca0e4b7a4
https://siesgst.edu.in/images/4.247-SE-to-BE-Mechanical-Engineering-CBCGS-2016 1.pdf,4.247-SE-to-BE-Mechanical-Engineering-CBCGS-2016 1.pdf,https://siesgst.edu.in/mechanical-engineering,SIES | GST,"Second year to Final Year ME Syllabus R -2016 | B.E. Mechanical Engineering program is accredited by NBA for Academic Years 2021-2022 to 2023-2024 i.e. up to 30-06-2024. | Vision | Mission | Program Educational Objectives (PEO) | Mechanical Engineering : PSO, POâ€™s & COâ€™s | Program Specific Outco",Second year to Final Year ME Syllabus R -2016,3288084,application/pdf,"Fri, 22 Sep 2023 14:12:52 GMT",2026-08-21T19:01:38.355354,1,SIES | GST,Mechanical,syllabus,3e66b91a87c93eec
https://siesgst.edu.in/images/4.64-First-Year-Engineering.pdf,4.64-First-Year-Engineering.pdf,https://siesgst.edu.in/mechanical-engineering,SIES | GST,"First year ME Syllabus R -2016 | B.E. Mechanical Engineering program is accredited by NBA for Academic Years 2021-2022 to 2023-2024 i.e. up to 30-06-2024. | Vision | Mission | Program Educational Objectives (PEO) | Mechanical Engineering : PSO, POâ€™s & COâ€™s | Program Specific Outcomes (PSO) | Pro",First year ME Syllabus R -2016,999211,application/pdf,"Fri, 22 Sep 2023 14:12:02 GMT",2026-08-21T19:01:38.549355,1,SIES | GST,Mechanical,syllabus,215a2303c95557f5
https://siesgst.edu.in/docs/CurriculumR16.pdf,CurriculumR16.pdf,https://siesgst.edu.in/mechanical-engineering,SIES | GST,"Curriculum Revised 2016 | B.E. Mechanical Engineering program is accredited by NBA for Academic Years 2021-2022 to 2023-2024 i.e. up to 30-06-2024. | Vision | Mission | Program Educational Objectives (PEO) | Mechanical Engineering : PSO, POâ€™s & COâ€™s | Program Specific Outcomes (PSO) | Program Ou",Curriculum Revised 2016,81228,application/pdf,"Thu, 12 Aug 2021 11:44:38 GMT",2026-08-21T19:01:38.729811,1,SIES | GST,,syllabus,e155b9927132eb56
https://siesgst.edu.in/docs/CurriculumR19.pdf,CurriculumR19.pdf,https://siesgst.edu.in/mechanical-engineering,SIES | GST,"Curriculum Revised 2019 | B.E. Mechanical Engineering program is accredited by NBA for Academic Years 2021-2022 to 2023-2024 i.e. up to 30-06-2024. | Vision | Mission | Program Educational Objectives (PEO) | Mechanical Engineering : PSO, POâ€™s & COâ€™s | Program Specific Outcomes (PSO) | Program Ou",Curriculum Revised 2019,63563,application/pdf,"Thu, 12 Aug 2021 11:44:39 GMT",2026-08-21T19:01:38.909636,1,SIES | GST,,syllabus,24bb28a3a7a9f55d
https://siesgst.edu.in/docs/cbcsme.pdf,cbcsme.pdf,https://siesgst.edu.in/mechanical-engineering,SIES | GST,"Mechanical Engineering Syllabus CBCGS R- 2016 | B.E. Mechanical Engineering program is accredited by NBA for Academic Years 2021-2022 to 2023-2024 i.e. up to 30-06-2024. | Vision | Mission | Program Educational Objectives (PEO) | Mechanical Engineering : PSO, POâ€™s & COâ€™s | Program Specific Outco",Mechanical Engineering Syllabus CBCGS R- 2016,2227852,application/pdf,"Thu, 12 Aug 2021 11:44:03 GMT",2026-08-21T19:01:39.089355,1,SIES | GST,Mechanical,syllabus,ba14dc60bed3ece2
https://siesgst.edu.in/docs/cbgsme.pdf,cbgsme.pdf,https://siesgst.edu.in/mechanical-engineering,SIES | GST,"Mechanical Engineering Syllabus CBGS R- 2012 | B.E. Mechanical Engineering program is accredited by NBA for Academic Years 2021-2022 to 2023-2024 i.e. up to 30-06-2024. | Vision | Mission | Program Educational Objectives (PEO) | Mechanical Engineering : PSO, POâ€™s & COâ€™s | Program Specific Outcom",Mechanical Engineering Syllabus CBGS R- 2012,1495774,application/pdf,"Thu, 12 Aug 2021 11:44:05 GMT",2026-08-21T19:01:39.273787,1,SIES | GST,Mechanical,syllabus,406f9939b163b4c9
https://siesgst.edu.in/images/Annual Report ME Dept 2021-22 (3).pdf,Annual Report ME Dept 2021-22 (3).pdf,https://siesgst.edu.in/mechanical-engineering,SIES | GST,"Annual Report 2021-22 | B.E. Mechanical Engineering program is accredited by NBA for Academic Years 2021-2022 to 2023-2024 i.e. up to 30-06-2024. | Vision | Mission | Program Educational Objectives (PEO) | Mechanical Engineering : PSO, POâ€™s & COâ€™s | Program Specific Outcomes (PSO) | Program Outc",Annual Report 2021-22,3064726,application/pdf,"Sat, 24 Sep 2022 11:15:17 GMT",2026-08-21T19:01:39.454456,1,SIES | GST,Mechanical,report,a4f85b345af5e288
https://siesgst.edu.in/docs/Annual-Report-ME-20-21.pdf,Annual-Report-ME-20-21.pdf,https://siesgst.edu.in/mechanical-engineering,SIES | GST,"Annual Report 2020-21 | B.E. Mechanical Engineering program is accredited by NBA for Academic Years 2021-2022 to 2023-2024 i.e. up to 30-06-2024. | Vision | Mission | Program Educational Objectives (PEO) | Mechanical Engineering : PSO, POâ€™s & COâ€™s | Program Specific Outcomes (PSO) | Program Outc",Annual Report 2020-21,3110295,application/pdf,"Thu, 12 Aug 2021 11:43:48 GMT",2026-08-21T19:01:40.094563,1,SIES | GST,,report,4481d5cb117fd3e9
https://siesgst.edu.in/docs/Annual-Report-ME-19-20.pdf,Annual-Report-ME-19-20.pdf,https://siesgst.edu.in/mechanical-engineering,SIES | GST,"Annual Report 2019-20 | B.E. Mechanical Engineering program is accredited by NBA for Academic Years 2021-2022 to 2023-2024 i.e. up to 30-06-2024. | Vision | Mission | Program Educational Objectives (PEO) | Mechanical Engineering : PSO, POâ€™s & COâ€™s | Program Specific Outcomes (PSO) | Program Outc",Annual Report 2019-20,2340604,application/pdf,"Thu, 12 Aug 2021 11:43:45 GMT",2026-08-21T19:01:40.312021,1,SIES | GST,,report,95f49e3c100c7790
https://siesgst.edu.in/docs/Annual-Report-ME-18-19.pdf,Annual-Report-ME-18-19.pdf,https://siesgst.edu.in/mechanical-engineering,SIES | GST,"Annual Report 2018-19 | B.E. Mechanical Engineering program is accredited by NBA for Academic Years 2021-2022 to 2023-2024 i.e. up to 30-06-2024. | Vision | Mission | Program Educational Objectives (PEO) | Mechanical Engineering : PSO, POâ€™s & COâ€™s | Program Specific Outcomes (PSO) | Program Outc",Annual Report 2018-19,2163371,application/pdf,"Thu, 12 Aug 2021 11:43:43 GMT",2026-08-21T19:01:40.519586,1,SIES | GST,,report,16a47533e3d83bdf
https://siesgst.edu.in/docs/Annual-Report-ME-17-18.pdf,Annual-Report-ME-17-18.pdf,https://siesgst.edu.in/mechanical-engineering,SIES | GST,"Annual Report 2017-18 | B.E. Mechanical Engineering program is accredited by NBA for Academic Years 2021-2022 to 2023-2024 i.e. up to 30-06-2024. | Vision | Mission | Program Educational Objectives (PEO) | Mechanical Engineering : PSO, POâ€™s & COâ€™s | Program Specific Outcomes (PSO) | Program Outc",Annual Report 2017-18,990527,application/pdf,"Thu, 12 Aug 2021 11:43:41 GMT",2026-08-21T19:01:40.729024,1,SIES | GST,,report,d4409809e00f8fea
https://siesgst.edu.in/images/Activities summary ISHRAE SIESGST 2022-23.doc.pdf,Activities summary ISHRAE SIESGST 2022-23.doc.pdf,https://siesgst.edu.in/mechanical-engineering,SIES | GST,"SIESGST ISHRAE Student Chapter 2022-23 | B.E. Mechanical Engineering program is accredited by NBA for Academic Years 2021-2022 to 2023-2024 i.e. up to 30-06-2024. | Vision | Mission | Program Educational Objectives (PEO) | Mechanical Engineering : PSO, POâ€™s & COâ€™s | Program Specific Outcomes (PS",SIESGST ISHRAE Student Chapter 2022-23,348657,application/pdf,"Thu, 29 Feb 2024 08:15:52 GMT",2026-08-21T19:01:40.936577,1,SIES | GST,,department,317c39e9d08f2cfe
https://siesgst.edu.in/images/Professional Body Activities summary ISHRAE SIESGST 2021-22.pdf,Professional Body Activities summary ISHRAE SIESGST 2021-22.pdf,https://siesgst.edu.in/mechanical-engineering,SIES | GST,"SIESGST ISHRAE Student Chapter 2021-22 | B.E. Mechanical Engineering program is accredited by NBA for Academic Years 2021-2022 to 2023-2024 i.e. up to 30-06-2024. | Vision | Mission | Program Educational Objectives (PEO) | Mechanical Engineering : PSO, POâ€™s & COâ€™s | Program Specific Outcomes (PS",SIESGST ISHRAE Student Chapter 2021-22,236786,application/pdf,"Tue, 15 Nov 2022 10:06:04 GMT",2026-08-21T19:01:41.147004,1,SIES | GST,,department,c1d9297c6edea5e1
https://siesgst.edu.in/images/Professional Body Activities summary ISHRAE SIESGST 2020-21.pdf,Professional Body Activities summary ISHRAE SIESGST 2020-21.pdf,https://siesgst.edu.in/mechanical-engineering,SIES | GST,"SIESGST ISHRAE Student Chapter 2020-21 | B.E. Mechanical Engineering program is accredited by NBA for Academic Years 2021-2022 to 2023-2024 i.e. up to 30-06-2024. | Vision | Mission | Program Educational Objectives (PEO) | Mechanical Engineering : PSO, POâ€™s & COâ€™s | Program Specific Outcomes (PS",SIESGST ISHRAE Student Chapter 2020-21,291457,application/pdf,"Tue, 15 Nov 2022 10:05:20 GMT",2026-08-21T19:01:41.361899,1,SIES | GST,,department,4da1bd8e0a79512b
https://siesgst.edu.in/docs/ISHRAE Activities 2019-20.pdf,ISHRAE Activities 2019-20.pdf,https://siesgst.edu.in/mechanical-engineering,SIES | GST,"SIESGST ISHRAE Student Chapter 2019-20 | B.E. Mechanical Engineering program is accredited by NBA for Academic Years 2021-2022 to 2023-2024 i.e. up to 30-06-2024. | Vision | Mission | Program Educational Objectives (PEO) | Mechanical Engineering : PSO, POâ€™s & COâ€™s | Program Specific Outcomes (PS",SIESGST ISHRAE Student Chapter 2019-20,433537,application/pdf,"Thu, 12 Aug 2021 11:46:00 GMT",2026-08-21T19:01:41.576700,1,SIES | GST,,department,e02dd3a0b3e3faf0
https://siesgst.edu.in/docs/ISHRAE Activities 2018-19.pdf,ISHRAE Activities 2018-19.pdf,https://siesgst.edu.in/mechanical-engineering,SIES | GST,"SIESGST ISHRAE Student Chapter 2018-19 | B.E. Mechanical Engineering program is accredited by NBA for Academic Years 2021-2022 to 2023-2024 i.e. up to 30-06-2024. | Vision | Mission | Program Educational Objectives (PEO) | Mechanical Engineering : PSO, POâ€™s & COâ€™s | Program Specific Outcomes (PS",SIESGST ISHRAE Student Chapter 2018-19,421822,application/pdf,"Thu, 12 Aug 2021 11:45:58 GMT",2026-08-21T19:01:41.784241,1,SIES | GST,,department,21a824a2aecb376f
https://siesgst.edu.in/docs/ISHRAE Activities 2017-18.pdf,ISHRAE Activities 2017-18.pdf,https://siesgst.edu.in/mechanical-engineering,SIES | GST,"SIESGST ISHRAE Student Chapter 2017-18 | B.E. Mechanical Engineering program is accredited by NBA for Academic Years 2021-2022 to 2023-2024 i.e. up to 30-06-2024. | Vision | Mission | Program Educational Objectives (PEO) | Mechanical Engineering : PSO, POâ€™s & COâ€™s | Program Specific Outcomes (PS",SIESGST ISHRAE Student Chapter 2017-18,420228,application/pdf,"Thu, 12 Aug 2021 11:45:57 GMT",2026-08-21T19:01:41.993121,1,SIES | GST,,department,9d34403ed3d4ec9e
https://siesgst.edu.in/images/SAE Activities 2021-22.pdf,SAE Activities 2021-22.pdf,https://siesgst.edu.in/mechanical-engineering,SIES | GST,"SIESGST SAE Student Chapter 2021-22 | B.E. Mechanical Engineering program is accredited by NBA for Academic Years 2021-2022 to 2023-2024 i.e. up to 30-06-2024. | Vision | Mission | Program Educational Objectives (PEO) | Mechanical Engineering : PSO, POâ€™s & COâ€™s | Program Specific Outcomes (PSO) ",SIESGST SAE Student Chapter 2021-22,471843,application/pdf,"Mon, 19 Sep 2022 03:57:22 GMT",2026-08-21T19:01:42.204919,1,SIES | GST,,department,c78c10ac0247453d
https://siesgst.edu.in/images/SAE Activities 2020-21.pdf,SAE Activities 2020-21.pdf,https://siesgst.edu.in/mechanical-engineering,SIES | GST,"SIESGST SAE Student Chapter 2020-21 | B.E. Mechanical Engineering program is accredited by NBA for Academic Years 2021-2022 to 2023-2024 i.e. up to 30-06-2024. | Vision | Mission | Program Educational Objectives (PEO) | Mechanical Engineering : PSO, POâ€™s & COâ€™s | Program Specific Outcomes (PSO) ",SIESGST SAE Student Chapter 2020-21,451751,application/pdf,"Mon, 26 Sep 2022 06:11:23 GMT",2026-08-21T19:01:42.415185,1,SIES | GST,,department,e4193c296516edef
https://siesgst.edu.in/images/Modelling Robot Kinematics using Python Programming.pdf,Modelling Robot Kinematics using Python Programming.pdf,https://siesgst.edu.in/mechanical-engineering,SIES | GST,"Modelling Robot Kinematics using Python Programming from 02 to 06 January, 2023. | B.E. Mechanical Engineering program is accredited by NBA for Academic Years 2021-2022 to 2023-2024 i.e. up to 30-06-2024. | Vision | Mission | Program Educational Objectives (PEO) | Mechanical Engineering : PSO, POâ€™","Modelling Robot Kinematics using Python Programming from 02 to 06 January, 2023.",269783,application/pdf,"Fri, 19 Apr 2024 00:15:26 GMT",2026-08-21T19:01:42.623380,1,SIES | GST,,general,7a299920c5c11d8d
https://siesgst.edu.in/images/Optimization Techniques for Engineers.pdf,Optimization Techniques for Engineers.pdf,https://siesgst.edu.in/mechanical-engineering,SIES | GST,"Optimization Techniques for Engineers from June 26 to June 30, 2023. | B.E. Mechanical Engineering program is accredited by NBA for Academic Years 2021-2022 to 2023-2024 i.e. up to 30-06-2024. | Vision | Mission | Program Educational Objectives (PEO) | Mechanical Engineering : PSO, POâ€™s & COâ€™s |","Optimization Techniques for Engineers from June 26 to June 30, 2023.",655802,application/pdf,"Fri, 19 Apr 2024 00:16:02 GMT",2026-08-21T19:01:42.832626,1,SIES | GST,,general,ebb304b9e916428a
https://siesgst.edu.in/images/SDP on Electric and Hybrid electric Vehicle on 02 Feb2022.pdf,SDP on Electric and Hybrid electric Vehicle on 02 Feb2022.pdf,https://siesgst.edu.in/mechanical-engineering,SIES | GST,"SDP on Electric and Hybrid electric Vehicle on 02 Feb 2022 | B.E. Mechanical Engineering program is accredited by NBA for Academic Years 2021-2022 to 2023-2024 i.e. up to 30-06-2024. | Vision | Mission | Program Educational Objectives (PEO) | Mechanical Engineering : PSO, POâ€™s & COâ€™s | Program S",SDP on Electric and Hybrid electric Vehicle on 02 Feb 2022,1188100,application/pdf,"Tue, 20 Sep 2022 10:27:23 GMT",2026-08-21T19:01:43.041665,1,SIES | GST,,event,465f7562ada4f23f
https://siesgst.edu.in/images/SDP on Structural Modeling and 3D Printing from 13 December 2021 to 24 December 021.pdf,SDP on Structural Modeling and 3D Printing from 13 December 2021 to 24 December 021.pdf,https://siesgst.edu.in/mechanical-engineering,SIES | GST,"SDP on Structural Modeling and 3D Printing from 13 December 2021 to 24 December 2021 | B.E. Mechanical Engineering program is accredited by NBA for Academic Years 2021-2022 to 2023-2024 i.e. up to 30-06-2024. | Vision | Mission | Program Educational Objectives (PEO) | Mechanical Engineering : PSO, P",SDP on Structural Modeling and 3D Printing from 13 December 2021 to 24 December 2021,387448,application/pdf,"Tue, 20 Sep 2022 10:28:05 GMT",2026-08-21T19:01:43.250208,1,SIES | GST,Computer Engineering,event,141d80bd8f33d7de
https://siesgst.edu.in/images/SDP on 3D MODELING and Printing from 21 June 2021 to 02 July 2021.pdf,SDP on 3D MODELING and Printing from 21 June 2021 to 02 July 2021.pdf,https://siesgst.edu.in/mechanical-engineering,SIES | GST,"SDP on 3D MODELING and Printing from 21 June 2021 to 02 July 2021 | B.E. Mechanical Engineering program is accredited by NBA for Academic Years 2021-2022 to 2023-2024 i.e. up to 30-06-2024. | Vision | Mission | Program Educational Objectives (PEO) | Mechanical Engineering : PSO, POâ€™s & COâ€™s | Pr",SDP on 3D MODELING and Printing from 21 June 2021 to 02 July 2021,359464,application/pdf,"Tue, 20 Sep 2022 10:28:42 GMT",2026-08-21T19:01:43.459506,1,SIES | GST,,event,632f2cb2e5c58c73
https://siesgst.edu.in/images/SDP on Computer Aided Manufacturing from 20 June 2022 to 09 July 2022.docx.pdf,SDP on Computer Aided Manufacturing from 20 June 2022 to 09 July 2022.docx.pdf,https://siesgst.edu.in/mechanical-engineering,SIES | GST,"SDP on Computer Aided Manufacturing from 20 June 2022 to 09 July 2022.docx | B.E. Mechanical Engineering program is accredited by NBA for Academic Years 2021-2022 to 2023-2024 i.e. up to 30-06-2024. | Vision | Mission | Program Educational Objectives (PEO) | Mechanical Engineering : PSO, POâ€™s & CO",SDP on Computer Aided Manufacturing from 20 June 2022 to 09 July 2022.docx,705735,application/pdf,"Tue, 20 Sep 2022 10:29:25 GMT",2026-08-21T19:01:43.668799,1,SIES | GST,Computer Engineering,exam,88c8e9478aafd218
https://siesgst.edu.in/docs/SDP Course on Industrial drawing and modelling in solid works.pdf,SDP Course on Industrial drawing and modelling in solid works.pdf,https://siesgst.edu.in/mechanical-engineering,SIES | GST,"Industrial drawing and modelling in solid works From 22 June-3 July, 2020 | B.E. Mechanical Engineering program is accredited by NBA for Academic Years 2021-2022 to 2023-2024 i.e. up to 30-06-2024. | Vision | Mission | Program Educational Objectives (PEO) | Mechanical Engineering : PSO, POâ€™s & COâ","Industrial drawing and modelling in solid works From 22 June-3 July, 2020",135930,application/pdf,"Thu, 12 Aug 2021 11:49:40 GMT",2026-08-21T19:01:43.877020,1,SIES | GST,,exam,39b62acb690e978e
https://siesgst.edu.in/docs/SDP Course on Robot kinematics using python Programming.pdf,SDP Course on Robot kinematics using python Programming.pdf,https://siesgst.edu.in/mechanical-engineering,SIES | GST,"Modelling Robot Kinematics using Python Programming From 22 June-3 July, 2020 | B.E. Mechanical Engineering program is accredited by NBA for Academic Years 2021-2022 to 2023-2024 i.e. up to 30-06-2024. | Vision | Mission | Program Educational Objectives (PEO) | Mechanical Engineering : PSO, POâ€™s &","Modelling Robot Kinematics using Python Programming From 22 June-3 July, 2020",83416,application/pdf,"Thu, 12 Aug 2021 11:49:41 GMT",2026-08-21T19:01:44.085107,1,SIES | GST,,event,8823f57386801f0e
https://siesgst.edu.in/docs/SDP Heat Transfer and Fluid Flow simulation Using Ansys Fluent.pdf,SDP Heat Transfer and Fluid Flow simulation Using Ansys Fluent.pdf,https://siesgst.edu.in/mechanical-engineering,SIES | GST,"Heat Transfer and Fluid Flow simulation Using Ansys Fluent From 22 June-3 July, 2020 | B.E. Mechanical Engineering program is accredited by NBA for Academic Years 2021-2022 to 2023-2024 i.e. up to 30-06-2024. | Vision | Mission | Program Educational Objectives (PEO) | Mechanical Engineering : PSO, P","Heat Transfer and Fluid Flow simulation Using Ansys Fluent From 22 June-3 July, 2020",150148,application/pdf,"Thu, 12 Aug 2021 11:49:42 GMT",2026-08-21T19:01:44.294501,1,SIES | GST,,event,f410bed2a80f61fd
https://siesgst.edu.in/docs/PLC programming_2018-19.pdf,PLC programming_2018-19.pdf,https://siesgst.edu.in/mechanical-engineering,SIES | GST,"PLC Programming From Scratch 24-29 DEC 2018 | B.E. Mechanical Engineering program is accredited by NBA for Academic Years 2021-2022 to 2023-2024 i.e. up to 30-06-2024. | Vision | Mission | Program Educational Objectives (PEO) | Mechanical Engineering : PSO, POâ€™s & COâ€™s | Program Specific Outcome",PLC Programming From Scratch 24-29 DEC 2018,421933,application/pdf,"Thu, 12 Aug 2021 11:46:24 GMT",2026-08-21T19:01:44.502771,1,SIES | GST,,general,87b6aa080ed7d0ce
https://siesgst.edu.in/docs/PLC programming_2017-18.pdf,PLC programming_2017-18.pdf,https://siesgst.edu.in/mechanical-engineering,SIES | GST,"5 days Hands on Training on PLC Programming From Scratch 21-25 June 2018 | B.E. Mechanical Engineering program is accredited by NBA for Academic Years 2021-2022 to 2023-2024 i.e. up to 30-06-2024. | Vision | Mission | Program Educational Objectives (PEO) | Mechanical Engineering : PSO, POâ€™s & COâ€",5 days Hands on Training on PLC Programming From Scratch 21-25 June 2018,380156,application/pdf,"Thu, 12 Aug 2021 11:46:23 GMT",2026-08-21T19:01:44.712122,1,SIES | GST,,general,72105a70d1b4b919
https://siesgst.edu.in/images/2022 SH [December 2022].pdf,2022 SH [December 2022].pdf,https://siesgst.edu.in/mechanical-engineering,SIES | GST,"Department Newsletter SH2022 | B.E. Mechanical Engineering program is accredited by NBA for Academic Years 2021-2022 to 2023-2024 i.e. up to 30-06-2024. | Vision | Mission | Program Educational Objectives (PEO) | Mechanical Engineering : PSO, POâ€™s & COâ€™s | Program Specific Outcomes (PSO) | Progr",Department Newsletter SH2022,2593771,application/pdf,"Sat, 24 Jun 2023 03:46:11 GMT",2026-08-21T19:01:44.920685,1,SIES | GST,Computer Engineering,department,1ba1b2c4e53d9297
https://siesgst.edu.in/images/2022 FH [July 2022].pdf,2022 FH [July 2022].pdf,https://siesgst.edu.in/mechanical-engineering,SIES | GST,"Department Newsletter FH2022 | B.E. Mechanical Engineering program is accredited by NBA for Academic Years 2021-2022 to 2023-2024 i.e. up to 30-06-2024. | Vision | Mission | Program Educational Objectives (PEO) | Mechanical Engineering : PSO, POâ€™s & COâ€™s | Program Specific Outcomes (PSO) | Progr",Department Newsletter FH2022,,text/html; charset=iso-8859-1,,2026-08-21T19:01:45.131083,1,SIES | GST,,department,c684294bf55d4d98
https://siesgst.edu.in/images/2021 SH [December 2021].pdf,2021 SH [December 2021].pdf,https://siesgst.edu.in/mechanical-engineering,SIES | GST,"Department Newsletter SH2021 | B.E. Mechanical Engineering program is accredited by NBA for Academic Years 2021-2022 to 2023-2024 i.e. up to 30-06-2024. | Vision | Mission | Program Educational Objectives (PEO) | Mechanical Engineering : PSO, POâ€™s & COâ€™s | Program Specific Outcomes (PSO) | Progr",Department Newsletter SH2021,1618466,application/pdf,"Sat, 24 Jun 2023 03:45:59 GMT",2026-08-21T19:01:45.339448,1,SIES | GST,Computer Engineering,department,c082b788e29984f8
https://siesgst.edu.in/images/2021 FH [July 2021].pdf,2021 FH [July 2021].pdf,https://siesgst.edu.in/mechanical-engineering,SIES | GST,"Department Newsletter FH2021 | B.E. Mechanical Engineering program is accredited by NBA for Academic Years 2021-2022 to 2023-2024 i.e. up to 30-06-2024. | Vision | Mission | Program Educational Objectives (PEO) | Mechanical Engineering : PSO, POâ€™s & COâ€™s | Program Specific Outcomes (PSO) | Progr",Department Newsletter FH2021,,text/html; charset=iso-8859-1,,2026-08-21T19:01:45.549698,1,SIES | GST,,department,b27b8941438f4700
https://siesgst.edu.in/images/2020 SH [December 2020].pdf,2020 SH [December 2020].pdf,https://siesgst.edu.in/mechanical-engineering,SIES | GST,"Department Newsletter SH2020 | B.E. Mechanical Engineering program is accredited by NBA for Academic Years 2021-2022 to 2023-2024 i.e. up to 30-06-2024. | Vision | Mission | Program Educational Objectives (PEO) | Mechanical Engineering : PSO, POâ€™s & COâ€™s | Program Specific Outcomes (PSO) | Progr",Department Newsletter SH2020,,text/html; charset=iso-8859-1,,2026-08-21T19:01:45.758645,1,SIES | GST,Computer Engineering,department,3f1617bc2e3526ba
https://siesgst.edu.in/images/NEWSLETTER/ME_FH2020.pdf,ME_FH2020.pdf,https://siesgst.edu.in/mechanical-engineering,SIES | GST,"Department Newsletter FH2020 | B.E. Mechanical Engineering program is accredited by NBA for Academic Years 2021-2022 to 2023-2024 i.e. up to 30-06-2024. | Vision | Mission | Program Educational Objectives (PEO) | Mechanical Engineering : PSO, POâ€™s & COâ€™s | Program Specific Outcomes (PSO) | Progr",Department Newsletter FH2020,980340,application/pdf,"Sun, 28 Nov 2021 14:51:10 GMT",2026-08-21T19:01:45.968941,1,SIES | GST,,department,a5528b07852b3721
https://siesgst.edu.in/images/NEWSLETTER/ME_SH2019.pdf,ME_SH2019.pdf,https://siesgst.edu.in/mechanical-engineering,SIES | GST,"Department Newsletter SH2019 | B.E. Mechanical Engineering program is accredited by NBA for Academic Years 2021-2022 to 2023-2024 i.e. up to 30-06-2024. | Vision | Mission | Program Educational Objectives (PEO) | Mechanical Engineering : PSO, POâ€™s & COâ€™s | Program Specific Outcomes (PSO) | Progr",Department Newsletter SH2019,1412565,application/pdf,"Sun, 28 Nov 2021 14:51:50 GMT",2026-08-21T19:01:46.180701,1,SIES | GST,,department,facc7dadfb7b3ab4
https://siesgst.edu.in/images/NEWSLETTER/ME_FH2019.pdf,ME_FH2019.pdf,https://siesgst.edu.in/mechanical-engineering,SIES | GST,"Department Newsletter FH2019 | B.E. Mechanical Engineering program is accredited by NBA for Academic Years 2021-2022 to 2023-2024 i.e. up to 30-06-2024. | Vision | Mission | Program Educational Objectives (PEO) | Mechanical Engineering : PSO, POâ€™s & COâ€™s | Program Specific Outcomes (PSO) | Progr",Department Newsletter FH2019,295918,application/pdf,"Sun, 28 Nov 2021 14:52:26 GMT",2026-08-21T19:01:46.389744,1,SIES | GST,,department,66ba3ba1ccfa0e5e
https://siesgst.edu.in/images/NEWSLETTER/ME_SH2018.pdf,ME_SH2018.pdf,https://siesgst.edu.in/mechanical-engineering,SIES | GST,"Department Newsletter SH2018 | B.E. Mechanical Engineering program is accredited by NBA for Academic Years 2021-2022 to 2023-2024 i.e. up to 30-06-2024. | Vision | Mission | Program Educational Objectives (PEO) | Mechanical Engineering : PSO, POâ€™s & COâ€™s | Program Specific Outcomes (PSO) | Progr",Department Newsletter SH2018,728237,application/pdf,"Sun, 28 Nov 2021 14:53:05 GMT",2026-08-21T19:01:46.599310,1,SIES | GST,,department,302c680cd48ba14f
https://siesgst.edu.in/images/NEWSLETTER/ME_FH2018.pdf,ME_FH2018.pdf,https://siesgst.edu.in/mechanical-engineering,SIES | GST,"Department Newsletter FH2018 | B.E. Mechanical Engineering program is accredited by NBA for Academic Years 2021-2022 to 2023-2024 i.e. up to 30-06-2024. | Vision | Mission | Program Educational Objectives (PEO) | Mechanical Engineering : PSO, POâ€™s & COâ€™s | Program Specific Outcomes (PSO) | Progr",Department Newsletter FH2018,698800,application/pdf,"Sun, 28 Nov 2021 14:53:44 GMT",2026-08-21T19:01:46.808804,1,SIES | GST,,department,8c07f1336a65367b
https://siesgst.edu.in/images/NEWSLETTER/ME_SH2017.pdf,ME_SH2017.pdf,https://siesgst.edu.in/mechanical-engineering,SIES | GST,"Department Newsletter SH2017 | B.E. Mechanical Engineering program is accredited by NBA for Academic Years 2021-2022 to 2023-2024 i.e. up to 30-06-2024. | Vision | Mission | Program Educational Objectives (PEO) | Mechanical Engineering : PSO, POâ€™s & COâ€™s | Program Specific Outcomes (PSO) | Progr",Department Newsletter SH2017,609307,application/pdf,"Sun, 28 Nov 2021 14:54:18 GMT",2026-08-21T19:01:47.021629,1,SIES | GST,,department,f7743601e405262a
https://siesgst.edu.in/images/NEWSLETTER/ME_FH2017.pdf,ME_FH2017.pdf,https://siesgst.edu.in/mechanical-engineering,SIES | GST,"Department Newsletter FH2017 | B.E. Mechanical Engineering program is accredited by NBA for Academic Years 2021-2022 to 2023-2024 i.e. up to 30-06-2024. | Vision | Mission | Program Educational Objectives (PEO) | Mechanical Engineering : PSO, POâ€™s & COâ€™s | Program Specific Outcomes (PSO) | Progr",Department Newsletter FH2017,692003,application/pdf,"Sun, 28 Nov 2021 14:54:49 GMT",2026-08-21T19:01:47.232008,1,SIES | GST,,department,b2a101bf6ca482f5
https://siesgst.edu.in/images/NEWSLETTER/ME_SH2016.pdf,ME_SH2016.pdf,https://siesgst.edu.in/mechanical-engineering,SIES | GST,"Department Newsletter SH2016 | B.E. Mechanical Engineering program is accredited by NBA for Academic Years 2021-2022 to 2023-2024 i.e. up to 30-06-2024. | Vision | Mission | Program Educational Objectives (PEO) | Mechanical Engineering : PSO, POâ€™s & COâ€™s | Program Specific Outcomes (PSO) | Progr",Department Newsletter SH2016,318216,application/pdf,"Sun, 28 Nov 2021 14:55:23 GMT",2026-08-21T19:01:47.441116,1,SIES | GST,,department,b6395fdfda1952ab
https://siesgst.edu.in/images/Project Quality List_15-19.pdf,Project Quality List_15-19.pdf,https://siesgst.edu.in/mechanical-engineering,SIES | GST,"Project List 2015-19 | B.E. Mechanical Engineering program is accredited by NBA for Academic Years 2021-2022 to 2023-2024 i.e. up to 30-06-2024. | Vision | Mission | Program Educational Objectives (PEO) | Mechanical Engineering : PSO, POâ€™s & COâ€™s | Program Specific Outcomes (PSO) | Program Outco",Project List 2015-19,91415,application/pdf,"Mon, 25 Sep 2023 06:00:29 GMT",2026-08-21T19:01:47.652448,1,SIES | GST,,department,ba844af8322610de
https://siesgst.edu.in/images/Project Quality List 16-20.pdf,Project Quality List 16-20.pdf,https://siesgst.edu.in/mechanical-engineering,SIES | GST,"Project List 2016-20 | B.E. Mechanical Engineering program is accredited by NBA for Academic Years 2021-2022 to 2023-2024 i.e. up to 30-06-2024. | Vision | Mission | Program Educational Objectives (PEO) | Mechanical Engineering : PSO, POâ€™s & COâ€™s | Program Specific Outcomes (PSO) | Program Outco",Project List 2016-20,88834,application/pdf,"Mon, 25 Sep 2023 06:01:03 GMT",2026-08-21T19:01:47.860707,1,SIES | GST,,department,1e39a3e24d435bbe
https://siesgst.edu.in/images/Project Quality List 17-21.pdf,Project Quality List 17-21.pdf,https://siesgst.edu.in/mechanical-engineering,SIES | GST,"Project List 2017-21 | B.E. Mechanical Engineering program is accredited by NBA for Academic Years 2021-2022 to 2023-2024 i.e. up to 30-06-2024. | Vision | Mission | Program Educational Objectives (PEO) | Mechanical Engineering : PSO, POâ€™s & COâ€™s | Program Specific Outcomes (PSO) | Program Outco",Project List 2017-21,104854,application/pdf,"Mon, 25 Sep 2023 06:01:37 GMT",2026-08-21T19:01:48.070570,1,SIES | GST,,department,41b556441d505770
https://siesgst.edu.in/images/Project Quality List 18-22.pdf,Project Quality List 18-22.pdf,https://siesgst.edu.in/mechanical-engineering,SIES | GST,"Project List 2018-22 | B.E. Mechanical Engineering program is accredited by NBA for Academic Years 2021-2022 to 2023-2024 i.e. up to 30-06-2024. | Vision | Mission | Program Educational Objectives (PEO) | Mechanical Engineering : PSO, POâ€™s & COâ€™s | Program Specific Outcomes (PSO) | Program Outco",Project List 2018-22,110497,application/pdf,"Mon, 25 Sep 2023 06:02:00 GMT",2026-08-21T19:01:48.280529,1,SIES | GST,,department,80019e493c6ce0b9
https://siesgst.edu.in/images/Project quality List 19-23.pdf,Project quality List 19-23.pdf,https://siesgst.edu.in/mechanical-engineering,SIES | GST,"Project List 2019-23 | B.E. Mechanical Engineering program is accredited by NBA for Academic Years 2021-2022 to 2023-2024 i.e. up to 30-06-2024. | Vision | Mission | Program Educational Objectives (PEO) | Mechanical Engineering : PSO, POâ€™s & COâ€™s | Program Specific Outcomes (PSO) | Program Outco",Project List 2019-23,84248,application/pdf,"Mon, 25 Sep 2023 06:02:36 GMT",2026-08-21T19:01:48.491410,1,SIES | GST,,department,af74526f88c3b0f5
https://siesgst.edu.in/images/Autonomy/BOS Members List_05-12-25 scanned (1).pdf,BOS Members List_05-12-25 scanned (1).pdf,https://siesgst.edu.in/electronics-computer-science,SIES | GST,Academic Year 2026-27 Academic Year 2024-25 | Vision | Mission | Program Educational Objectives (PEO's) | Electronics & Computer Science : PSO | Program Specific Outcomes (PSO) | Program Outcomes (POs) | Electronics and Computer Science : Faculty | Electronics & Computer Science : Technical Staff | ,Academic Year 2026-27,476638,application/pdf,"Wed, 24 Jun 2026 04:26:38 GMT",2026-08-21T19:01:50.377750,1,SIES | GST,,exam,646b7162c8e6d97e
https://siesgst.edu.in/images/Autonomy/ECS_BOS_2024-25_Scanned with Sign.pdf,ECS_BOS_2024-25_Scanned with Sign.pdf,https://siesgst.edu.in/electronics-computer-science,SIES | GST,Academic Year 2026-27 Academic Year 2024-25 | Vision | Mission | Program Educational Objectives (PEO's) | Electronics & Computer Science : PSO | Program Specific Outcomes (PSO) | Program Outcomes (POs) | Electronics and Computer Science : Faculty | Electronics & Computer Science : Technical Staff | ,,415209,application/pdf,"Tue, 24 Jun 2025 10:58:17 GMT",2026-08-21T19:01:50.584723,1,SIES | GST,Electronics & Computer Science,exam,5fede9a8570e0cd1
https://siesgst.edu.in/images/TE ECS R2024 SYLLABUS.pdf,TE ECS R2024 SYLLABUS.pdf,https://siesgst.edu.in/electronics-computer-science,SIES | GST,Third Year Syllabus R-2024 (Autonomous) | Vision | Mission | Program Educational Objectives (PEO's) | Electronics & Computer Science : PSO | Program Specific Outcomes (PSO) | Program Outcomes (POs) | Electronics and Computer Science : Faculty | Electronics & Computer Science : Technical Staff | Elec,Third Year Syllabus R-2024 (Autonomous),11067772,application/pdf,"Wed, 24 Jun 2026 04:30:17 GMT",2026-08-21T19:01:50.790048,1,SIES | GST,Electronics & Computer Science,syllabus,a24a4ed2af005f92
https://siesgst.edu.in/images/SIESGST_ECS_SYLLABUS_SE_R24.pdf,SIESGST_ECS_SYLLABUS_SE_R24.pdf,https://siesgst.edu.in/electronics-computer-science,SIES | GST,Second Year Syllabus R-2024 (Autonomous) | Vision | Mission | Program Educational Objectives (PEO's) | Electronics & Computer Science : PSO | Program Specific Outcomes (PSO) | Program Outcomes (POs) | Electronics and Computer Science : Faculty | Electronics & Computer Science : Technical Staff | Ele,Second Year Syllabus R-2024 (Autonomous),9114828,application/pdf,"Wed, 11 Jun 2025 09:03:10 GMT",2026-08-21T19:01:50.995915,1,SIES | GST,Electronics & Computer Science,syllabus,80c9f930559d4975
https://siesgst.edu.in/images/Approved_SY ECS _Sem III_IV_detailed syllabus (2).pdf,Approved_SY ECS _Sem III_IV_detailed syllabus (2).pdf,https://siesgst.edu.in/electronics-computer-science,SIES | GST,Second year Syllabus R 2019 | Vision | Mission | Program Educational Objectives (PEO's) | Electronics & Computer Science : PSO | Program Specific Outcomes (PSO) | Program Outcomes (POs) | Electronics and Computer Science : Faculty | Electronics & Computer Science : Technical Staff | Electronics & Co,Second year Syllabus R 2019,1996980,application/pdf,"Fri, 12 May 2023 05:13:17 GMT",2026-08-21T19:01:51.204185,1,SIES | GST,Electronics & Computer Science,syllabus,365da530083d7d36
https://siesgst.edu.in/images/DSE_Sem III_ECS_Syllabus_2020_21 (1) (2).pdf,DSE_Sem III_ECS_Syllabus_2020_21 (1) (2).pdf,https://siesgst.edu.in/electronics-computer-science,SIES | GST,Direct Second year Syllabus R 2019 | Vision | Mission | Program Educational Objectives (PEO's) | Electronics & Computer Science : PSO | Program Specific Outcomes (PSO) | Program Outcomes (POs) | Electronics and Computer Science : Faculty | Electronics & Computer Science : Technical Staff | Electroni,Direct Second year Syllabus R 2019,756775,application/pdf,"Mon, 08 May 2023 08:50:50 GMT",2026-08-21T19:01:51.417382,1,SIES | GST,Electronics & Computer Science,syllabus,e5e9b699514f7359
https://siesgst.edu.in/images/ECS_TE_ Syllabus_R2019 (7) (3).pdf,ECS_TE_ Syllabus_R2019 (7) (3).pdf,https://siesgst.edu.in/electronics-computer-science,SIES | GST,Third Year Syllabus R 2019 | Vision | Mission | Program Educational Objectives (PEO's) | Electronics & Computer Science : PSO | Program Specific Outcomes (PSO) | Program Outcomes (POs) | Electronics and Computer Science : Faculty | Electronics & Computer Science : Technical Staff | Electronics & Com,Third Year Syllabus R 2019,2301862,application/pdf,"Mon, 08 May 2023 08:53:30 GMT",2026-08-21T19:01:51.630026,1,SIES | GST,Electronics & Computer Science,syllabus,487d9a0713223e61
https://siesgst.edu.in/images/Rev. Final B.E. ECS Sem VII & VIII R-19 Syllabus (1).pdf,Rev. Final B.E. ECS Sem VII & VIII R-19 Syllabus (1).pdf,https://siesgst.edu.in/electronics-computer-science,SIES | GST,Final Year Syllabus R 2019 | Vision | Mission | Program Educational Objectives (PEO's) | Electronics & Computer Science : PSO | Program Specific Outcomes (PSO) | Program Outcomes (POs) | Electronics and Computer Science : Faculty | Electronics & Computer Science : Technical Staff | Electronics & Com,Final Year Syllabus R 2019,2724891,application/pdf,"Mon, 08 May 2023 08:56:31 GMT",2026-08-21T19:01:51.836125,1,SIES | GST,Electronics & Computer Science,syllabus,0d4ec78255352691
https://siesgst.edu.in/images/ECE_TT_FH2026_FH2026.pdf,ECE_TT_FH2026_FH2026.pdf,https://siesgst.edu.in/electronics-computer-science,SIES | GST,Time table FH2026 | Vision | Mission | Program Educational Objectives (PEO's) | Electronics & Computer Science : PSO | Program Specific Outcomes (PSO) | Program Outcomes (POs) | Electronics and Computer Science : Faculty | Electronics & Computer Science : Technical Staff | Electronics & Computer Sci,Time table FH2026,1068282,application/pdf,"Sat, 31 Jan 2026 03:49:00 GMT",2026-08-21T19:01:52.042411,1,SIES | GST,Computer Engineering,timetable,8220682aa30f10a7
https://siesgst.edu.in/images/ECS_Annual_Report_2025-26 - final_6 July.pdf,ECS_Annual_Report_2025-26 - final_6 July.pdf,https://siesgst.edu.in/electronics-computer-science,SIES | GST,Annual Report 2025-26 | Vision | Mission | Program Educational Objectives (PEO's) | Electronics & Computer Science : PSO | Program Specific Outcomes (PSO) | Program Outcomes (POs) | Electronics and Computer Science : Faculty | Electronics & Computer Science : Technical Staff | Electronics & Computer,Annual Report 2025-26,289743,application/pdf,"Sat, 01 Aug 2026 04:43:48 GMT",2026-08-21T19:01:52.249296,1,SIES | GST,Electronics & Computer Science,report,f79011c333914364
https://siesgst.edu.in/images/ECS Annual Report 2024-25.pdf,ECS Annual Report 2024-25.pdf,https://siesgst.edu.in/electronics-computer-science,SIES | GST,Annual Report 2024-25 | Vision | Mission | Program Educational Objectives (PEO's) | Electronics & Computer Science : PSO | Program Specific Outcomes (PSO) | Program Outcomes (POs) | Electronics and Computer Science : Faculty | Electronics & Computer Science : Technical Staff | Electronics & Computer,Annual Report 2024-25,4728980,application/pdf,"Mon, 23 Jun 2025 06:35:27 GMT",2026-08-21T19:01:52.456708,1,SIES | GST,Electronics & Computer Science,report,7294f58fa36ebd58
https://siesgst.edu.in/images/ECS_Annual Report_2023_24.pdf,ECS_Annual Report_2023_24.pdf,https://siesgst.edu.in/electronics-computer-science,SIES | GST,Annual Report 2023-24 | Vision | Mission | Program Educational Objectives (PEO's) | Electronics & Computer Science : PSO | Program Specific Outcomes (PSO) | Program Outcomes (POs) | Electronics and Computer Science : Faculty | Electronics & Computer Science : Technical Staff | Electronics & Computer,Annual Report 2023-24,319579,application/pdf,"Fri, 27 Jun 2025 02:58:53 GMT",2026-08-21T19:01:52.665180,1,SIES | GST,Electronics & Computer Science,report,eb029d62dad868ff
https://siesgst.edu.in/images/ECS Anual Report_2021_22.pdf,ECS Anual Report_2021_22.pdf,https://siesgst.edu.in/electronics-computer-science,SIES | GST,Annual Report 2021-22 | Vision | Mission | Program Educational Objectives (PEO's) | Electronics & Computer Science : PSO | Program Specific Outcomes (PSO) | Program Outcomes (POs) | Electronics and Computer Science : Faculty | Electronics & Computer Science : Technical Staff | Electronics & Computer,Annual Report 2021-22,457534,application/pdf,"Tue, 09 May 2023 04:50:32 GMT",2026-08-21T19:01:52.886867,1,SIES | GST,Electronics & Computer Science,report,00a4ee4351d6fa82
https://siesgst.edu.in/images/ECS_VAC-report-cloud computing and DevOps-SH-2024.pdf,ECS_VAC-report-cloud computing and DevOps-SH-2024.pdf,https://siesgst.edu.in/electronics-computer-science,SIES | GST,"Value Added Course on Cloud computing and deveops from Jan 8-31, 2025 | Vision | Mission | Program Educational Objectives (PEO's) | Electronics & Computer Science : PSO | Program Specific Outcomes (PSO) | Program Outcomes (POs) | Electronics and Computer Science : Faculty | Electronics & Computer Sc","Value Added Course on Cloud computing and deveops from Jan 8-31, 2025",1247737,application/pdf,"Fri, 27 Jun 2025 03:19:40 GMT",2026-08-21T19:01:53.095452,1,SIES | GST,Computer Engineering,exam,453389ee60f7ff0a
https://siesgst.edu.in/images/ECS_Report-VAC Decision driven ML SH 2024.pdf,ECS_Report-VAC Decision driven ML SH 2024.pdf,https://siesgst.edu.in/electronics-computer-science,SIES | GST,"Value Added Course on Decision driven ML from Jan 6-11, 2025 | Vision | Mission | Program Educational Objectives (PEO's) | Electronics & Computer Science : PSO | Program Specific Outcomes (PSO) | Program Outcomes (POs) | Electronics and Computer Science : Faculty | Electronics & Computer Science : T","Value Added Course on Decision driven ML from Jan 6-11, 2025",1849419,application/pdf,"Fri, 27 Jun 2025 03:16:33 GMT",2026-08-21T19:01:53.301464,1,SIES | GST,Electronics & Computer Science,report,7132bc350e693d6b
https://siesgst.edu.in/images/ECS_Report-SDP-VAC-Cloudcomputing-FH2024-SK-Jan1-6.pdf,ECS_Report-SDP-VAC-Cloudcomputing-FH2024-SK-Jan1-6.pdf,https://siesgst.edu.in/electronics-computer-science,SIES | GST,"Value Added Course on Cloud Computing from Jan 1-6, 2024 | Vision | Mission | Program Educational Objectives (PEO's) | Electronics & Computer Science : PSO | Program Specific Outcomes (PSO) | Program Outcomes (POs) | Electronics and Computer Science : Faculty | Electronics & Computer Science : Techn","Value Added Course on Cloud Computing from Jan 1-6, 2024",1489059,application/pdf,"Fri, 27 Jun 2025 03:06:09 GMT",2026-08-21T19:01:53.508862,1,SIES | GST,Computer Engineering,exam,03fbc1a2803a8043
https://siesgst.edu.in/images/ECS_SDP_ Web application in Cyber Security Jan23.pdf,ECS_SDP_ Web application in Cyber Security Jan23.pdf,https://siesgst.edu.in/electronics-computer-science,SIES | GST,"Web Application in Cyber Security from Jan 2-7, 2023 | Vision | Mission | Program Educational Objectives (PEO's) | Electronics & Computer Science : PSO | Program Specific Outcomes (PSO) | Program Outcomes (POs) | Electronics and Computer Science : Faculty | Electronics & Computer Science : Technical","Web Application in Cyber Security from Jan 2-7, 2023",1979693,application/pdf,"Tue, 09 May 2023 05:19:34 GMT",2026-08-21T19:01:53.718853,1,SIES | GST,Electronics & Computer Science,event,9f14eabe7e126d04
https://siesgst.edu.in/images/industry/WOL3D SINGLE PG REPORT.pdf,WOL3D SINGLE PG REPORT.pdf,https://siesgst.edu.in/electronics-computer-science,SIES | GST,Industrial Visit to WOL3D– India’s Biggest 3D Printing Technology Company | Vision | Mission | Program Educational Objectives (PEO's) | Electronics & Computer Science : PSO | Program Specific Outcomes (PSO) | Program Outcomes (POs) | Electronics and Computer Science : Faculty | Electronics & Compute,Industrial Visit to WOL3D– India’s Biggest 3D Printing Technology Company,508815,application/pdf,"Fri, 26 Sep 2025 03:55:50 GMT",2026-08-21T19:01:53.927455,1,SIES | GST,Computer Engineering,exam,49a3beade131414b
https://siesgst.edu.in/images/industry/PlacementGuidanceShortReport.pdf,PlacementGuidanceShortReport.pdf,https://siesgst.edu.in/electronics-computer-science,SIES | GST,Placement Guidance Session | Vision | Mission | Program Educational Objectives (PEO's) | Electronics & Computer Science : PSO | Program Specific Outcomes (PSO) | Program Outcomes (POs) | Electronics and Computer Science : Faculty | Electronics & Computer Science : Technical Staff | Electronics & Com,Placement Guidance Session,251573,application/pdf,"Fri, 26 Sep 2025 03:57:30 GMT",2026-08-21T19:01:54.136204,1,SIES | GST,Computer Engineering,placement,b4f81bb734377a55
https://siesgst.edu.in/images/ECS_NEWSLETTER SH2025.pdf,ECS_NEWSLETTER SH2025.pdf,https://siesgst.edu.in/electronics-computer-science,SIES | GST,Department Newsletter SH2025 | Vision | Mission | Program Educational Objectives (PEO's) | Electronics & Computer Science : PSO | Program Specific Outcomes (PSO) | Program Outcomes (POs) | Electronics and Computer Science : Faculty | Electronics & Computer Science : Technical Staff | Electronics & C,Department Newsletter SH2025,610974,application/pdf,"Wed, 24 Jun 2026 04:29:04 GMT",2026-08-21T19:01:54.344692,1,SIES | GST,Electronics & Computer Science,department,4166f9f26b206f66
https://siesgst.edu.in/images/ECS_DEPARTMENT NEWSLETTER FH2025.pdf,ECS_DEPARTMENT NEWSLETTER FH2025.pdf,https://siesgst.edu.in/electronics-computer-science,SIES | GST,Department Newsletter FH2025 | Vision | Mission | Program Educational Objectives (PEO's) | Electronics & Computer Science : PSO | Program Specific Outcomes (PSO) | Program Outcomes (POs) | Electronics and Computer Science : Faculty | Electronics & Computer Science : Technical Staff | Electronics & C,Department Newsletter FH2025,532820,application/pdf,"Mon, 23 Jun 2025 06:48:21 GMT",2026-08-21T19:01:54.557433,1,SIES | GST,Electronics & Computer Science,department,ae27679c4cb3981d
https://siesgst.edu.in/images/ECS_DEPARTMENT NEWSLETTER SH2024.pdf,ECS_DEPARTMENT NEWSLETTER SH2024.pdf,https://siesgst.edu.in/electronics-computer-science,SIES | GST,Department Newsletter SH2024 | Vision | Mission | Program Educational Objectives (PEO's) | Electronics & Computer Science : PSO | Program Specific Outcomes (PSO) | Program Outcomes (POs) | Electronics and Computer Science : Faculty | Electronics & Computer Science : Technical Staff | Electronics & C,Department Newsletter SH2024,416038,application/pdf,"Mon, 23 Jun 2025 06:47:51 GMT",2026-08-21T19:01:54.768240,1,SIES | GST,Electronics & Computer Science,department,b2d527e0c873d6ad
https://siesgst.edu.in/images/ECS_DEPARTMENT NEWSLETTER FH2024.pdf,ECS_DEPARTMENT NEWSLETTER FH2024.pdf,https://siesgst.edu.in/electronics-computer-science,SIES | GST,Department Newsletter FH2024 | Vision | Mission | Program Educational Objectives (PEO's) | Electronics & Computer Science : PSO | Program Specific Outcomes (PSO) | Program Outcomes (POs) | Electronics and Computer Science : Faculty | Electronics & Computer Science : Technical Staff | Electronics & C,Department Newsletter FH2024,304110,application/pdf,"Mon, 23 Jun 2025 06:47:09 GMT",2026-08-21T19:01:54.975511,1,SIES | GST,Electronics & Computer Science,department,5f287f830eba74d3
https://siesgst.edu.in/images/ECS_DEPARTMENT NEWSLETTER SH2023.pdf,ECS_DEPARTMENT NEWSLETTER SH2023.pdf,https://siesgst.edu.in/electronics-computer-science,SIES | GST,Department Newsletter SH2023 | Vision | Mission | Program Educational Objectives (PEO's) | Electronics & Computer Science : PSO | Program Specific Outcomes (PSO) | Program Outcomes (POs) | Electronics and Computer Science : Faculty | Electronics & Computer Science : Technical Staff | Electronics & C,Department Newsletter SH2023,303566,application/pdf,"Mon, 23 Jun 2025 06:45:31 GMT",2026-08-21T19:01:55.186449,1,SIES | GST,Electronics & Computer Science,department,c2093f3be187b06a
https://siesgst.edu.in/images/ECS_DEPARTMENT NEWSLETTER 22-23.pdf,ECS_DEPARTMENT NEWSLETTER 22-23.pdf,https://siesgst.edu.in/electronics-computer-science,SIES | GST,Department Newsletter 2022-23 | Vision | Mission | Program Educational Objectives (PEO's) | Electronics & Computer Science : PSO | Program Specific Outcomes (PSO) | Program Outcomes (POs) | Electronics and Computer Science : Faculty | Electronics & Computer Science : Technical Staff | Electronics & ,Department Newsletter 2022-23,637037,application/pdf,"Mon, 23 Jun 2025 06:43:45 GMT",2026-08-21T19:01:55.394136,1,SIES | GST,Electronics & Computer Science,department,182972b646a6c5db
https://siesgst.edu.in/images/ECS_NEWSLETTER_21-22.pdf,ECS_NEWSLETTER_21-22.pdf,https://siesgst.edu.in/electronics-computer-science,SIES | GST,Department Newsletter 2021-22 | Vision | Mission | Program Educational Objectives (PEO's) | Electronics & Computer Science : PSO | Program Specific Outcomes (PSO) | Program Outcomes (POs) | Electronics and Computer Science : Faculty | Electronics & Computer Science : Technical Staff | Electronics & ,Department Newsletter 2021-22,339938,application/pdf,"Sun, 14 May 2023 16:09:26 GMT",2026-08-21T19:01:55.603078,1,SIES | GST,Electronics & Computer Science,department,b0df9d9706fa2a06
https://siesgst.edu.in/images/CO_AIML_21-22.pdf,CO_AIML_21-22.pdf,https://siesgst.edu.in/artificial-intelligence-machine-learning,SIES | GST,"Course Outcome 2021-22 | Objectives | Future Prospects in AIML | Vision | Mission | Program Educational Objectives (PEO) | Artificial Intelligence and Machine Learning : PSO, POâ€™s & COâ€™s | Program Specific Outcomes (PSO) | Program Outcomes (POs) | Course Outcome (CO) | Artificial Intelligence an",Course Outcome 2021-22,4263700,application/pdf,"Tue, 30 May 2023 04:25:43 GMT",2026-08-21T19:01:57.113144,1,SIES | GST,AI & Machine Learning,exam,00af8dd5a90fc6df
https://siesgst.edu.in/images/CO.pdf,CO.pdf,https://siesgst.edu.in/artificial-intelligence-machine-learning,SIES | GST,"Course Outcome R 2019 | Objectives | Future Prospects in AIML | Vision | Mission | Program Educational Objectives (PEO) | Artificial Intelligence and Machine Learning : PSO, POâ€™s & COâ€™s | Program Specific Outcomes (PSO) | Program Outcomes (POs) | Course Outcome (CO) | Artificial Intelligence and",Course Outcome R 2019,2238734,application/pdf,"Tue, 16 May 2023 05:53:08 GMT",2026-08-21T19:01:57.319008,1,SIES | GST,Mechanical,exam,41426773e4a5a91b
https://siesgst.edu.in/images/Autonomy/AIML BOS Members 24-25.pdf,AIML BOS Members 24-25.pdf,https://siesgst.edu.in/artificial-intelligence-machine-learning,SIES | GST,"Academic Year 2024-25 | Objectives | Future Prospects in AIML | Vision | Mission | Program Educational Objectives (PEO) | Artificial Intelligence and Machine Learning : PSO, POâ€™s & COâ€™s | Program Specific Outcomes (PSO) | Program Outcomes (POs) | Course Outcome (CO) | Artificial Intelligence and",Academic Year 2024-25,368923,application/pdf,"Wed, 25 Jun 2025 04:27:35 GMT",2026-08-21T19:01:57.533122,1,SIES | GST,AI & Machine Learning,exam,81c68d09e716f548
https://siesgst.edu.in/images/AIML_TE Syllabus R-2024 (Autonomous).pdf,AIML_TE Syllabus R-2024 (Autonomous).pdf,https://siesgst.edu.in/artificial-intelligence-machine-learning,SIES | GST,"Third Year Syllabus R-2024 (Autonomous) | Objectives | Future Prospects in AIML | Vision | Mission | Program Educational Objectives (PEO) | Artificial Intelligence and Machine Learning : PSO, POâ€™s & COâ€™s | Program Specific Outcomes (PSO) | Program Outcomes (POs) | Course Outcome (CO) | Artificia",Third Year Syllabus R-2024 (Autonomous),8676544,application/pdf,"Fri, 17 Jul 2026 04:38:13 GMT",2026-08-21T19:01:57.739124,1,SIES | GST,AI & Machine Learning,syllabus,6b65df971c612daf
https://siesgst.edu.in/images/AIML FE & SE Syllabus.pdf,AIML FE & SE Syllabus.pdf,https://siesgst.edu.in/artificial-intelligence-machine-learning,SIES | GST,"First year and Second Year Syllabus R-2024 (Autonomous) | Objectives | Future Prospects in AIML | Vision | Mission | Program Educational Objectives (PEO) | Artificial Intelligence and Machine Learning : PSO, POâ€™s & COâ€™s | Program Specific Outcomes (PSO) | Program Outcomes (POs) | Course Outcome ",First year and Second Year Syllabus R-2024 (Autonomous),2380951,application/pdf,"Tue, 18 Aug 2026 10:37:18 GMT",2026-08-21T19:01:57.945602,1,SIES | GST,AI & Machine Learning,syllabus,f6b3faf22c47aaf4
https://siesgst.edu.in/images/SE Syllabus.pdf,SE Syllabus.pdf,https://siesgst.edu.in/artificial-intelligence-machine-learning,SIES | GST,"SE Syllabus | Objectives | Future Prospects in AIML | Vision | Mission | Program Educational Objectives (PEO) | Artificial Intelligence and Machine Learning : PSO, POâ€™s & COâ€™s | Program Specific Outcomes (PSO) | Program Outcomes (POs) | Course Outcome (CO) | Artificial Intelligence and Machine L",SE Syllabus,1066280,application/pdf,"Wed, 03 May 2023 01:59:29 GMT",2026-08-21T19:01:58.154602,1,SIES | GST,,syllabus,ed4f60d0051af87e
https://siesgst.edu.in/images/TE Syllabus.pdf,TE Syllabus.pdf,https://siesgst.edu.in/artificial-intelligence-machine-learning,SIES | GST,"TE Syllabus | Objectives | Future Prospects in AIML | Vision | Mission | Program Educational Objectives (PEO) | Artificial Intelligence and Machine Learning : PSO, POâ€™s & COâ€™s | Program Specific Outcomes (PSO) | Program Outcomes (POs) | Course Outcome (CO) | Artificial Intelligence and Machine L",TE Syllabus,1821568,application/pdf,"Wed, 03 May 2023 02:00:26 GMT",2026-08-21T19:01:58.363791,1,SIES | GST,,syllabus,95a7bdc67f0ec20a
https://siesgst.edu.in/images/BE_AIML_SYLLABUS.pdf,BE_AIML_SYLLABUS.pdf,https://siesgst.edu.in/artificial-intelligence-machine-learning,SIES | GST,"BE Syllabus | Objectives | Future Prospects in AIML | Vision | Mission | Program Educational Objectives (PEO) | Artificial Intelligence and Machine Learning : PSO, POâ€™s & COâ€™s | Program Specific Outcomes (PSO) | Program Outcomes (POs) | Course Outcome (CO) | Artificial Intelligence and Machine L",BE Syllabus,42929407,application/pdf,"Sat, 20 Jul 2024 06:02:46 GMT",2026-08-21T19:01:58.572090,1,SIES | GST,AI & Machine Learning,syllabus,571240f00cc9e2bd
https://siesgst.edu.in/images/AIML_Timetable_FH2026.pdf,AIML_Timetable_FH2026.pdf,https://siesgst.edu.in/artificial-intelligence-machine-learning,SIES | GST,"Time table FH2026 Time table FH2025 Time table SH2024 | Objectives | Future Prospects in AIML | Vision | Mission | Program Educational Objectives (PEO) | Artificial Intelligence and Machine Learning : PSO, POâ€™s & COâ€™s | Program Specific Outcomes (PSO) | Program Outcomes (POs) | Course Outcome (C",Time table FH2026,99996,application/pdf,"Thu, 12 Mar 2026 10:40:44 GMT",2026-08-21T19:01:58.780320,1,SIES | GST,AI & Machine Learning,timetable,92b3397bf3f2b09a
https://siesgst.edu.in/images/AIML_FH2025 Time_Table.pdf,AIML_FH2025 Time_Table.pdf,https://siesgst.edu.in/artificial-intelligence-machine-learning,SIES | GST,"Time table FH2026 Time table FH2025 Time table SH2024 | Objectives | Future Prospects in AIML | Vision | Mission | Program Educational Objectives (PEO) | Artificial Intelligence and Machine Learning : PSO, POâ€™s & COâ€™s | Program Specific Outcomes (PSO) | Program Outcomes (POs) | Course Outcome (C",Time table FH2025,1762210,application/pdf,"Sun, 29 Jun 2025 01:07:08 GMT",2026-08-21T19:01:58.988049,1,SIES | GST,AI & Machine Learning,timetable,6e349791f5d97612
https://siesgst.edu.in/images/AIML_Class TT _SH2024.pdf,AIML_Class TT _SH2024.pdf,https://siesgst.edu.in/artificial-intelligence-machine-learning,SIES | GST,"Time table FH2026 Time table FH2025 Time table SH2024 | Objectives | Future Prospects in AIML | Vision | Mission | Program Educational Objectives (PEO) | Artificial Intelligence and Machine Learning : PSO, POâ€™s & COâ€™s | Program Specific Outcomes (PSO) | Program Outcomes (POs) | Course Outcome (C",Time table SH2024,122307,application/pdf,"Sun, 29 Jun 2025 01:08:09 GMT",2026-08-21T19:01:59.195006,1,SIES | GST,AI & Machine Learning,timetable,236db27f0e772a9a
https://siesgst.edu.in/images/AIML Annual report -July-24-June-25.pdf,AIML Annual report -July-24-June-25.pdf,https://siesgst.edu.in/artificial-intelligence-machine-learning,SIES | GST,"Annual Report 2024-25 Annual Report 2022-23 | Objectives | Future Prospects in AIML | Vision | Mission | Program Educational Objectives (PEO) | Artificial Intelligence and Machine Learning : PSO, POâ€™s & COâ€™s | Program Specific Outcomes (PSO) | Program Outcomes (POs) | Course Outcome (CO) | Artif",Annual Report 2024-25,458367,application/pdf,"Mon, 16 Jun 2025 06:51:46 GMT",2026-08-21T19:01:59.405110,1,SIES | GST,AI & Machine Learning,report,d4a1b40b4c223de3
https://siesgst.edu.in/images/Annual Report 22-23_AIML Dept.pdf,Annual Report 22-23_AIML Dept.pdf,https://siesgst.edu.in/artificial-intelligence-machine-learning,SIES | GST,"Annual Report 2024-25 Annual Report 2022-23 | Objectives | Future Prospects in AIML | Vision | Mission | Program Educational Objectives (PEO) | Artificial Intelligence and Machine Learning : PSO, POâ€™s & COâ€™s | Program Specific Outcomes (PSO) | Program Outcomes (POs) | Course Outcome (CO) | Artif",Annual Report 2022-23,137258,application/pdf,"Sat, 16 Sep 2023 16:20:37 GMT",2026-08-21T19:01:59.710796,1,SIES | GST,AI & Machine Learning,report,4cede6b58766bca2
https://siesgst.edu.in/images/aiml_Report-SDP-VAC-IoT & Data Visualization(AIML)-FH2025.pdf,aiml_Report-SDP-VAC-IoT & Data Visualization(AIML)-FH2025.pdf,https://siesgst.edu.in/artificial-intelligence-machine-learning,SIES | GST,"Value Added program on IoT and Data Visualization from jan 6 to jan 11, 2025. | Objectives | Future Prospects in AIML | Vision | Mission | Program Educational Objectives (PEO) | Artificial Intelligence and Machine Learning : PSO, POâ€™s & COâ€™s | Program Specific Outcomes (PSO) | Program Outcomes (","Value Added program on IoT and Data Visualization from jan 6 to jan 11, 2025.",1091935,application/pdf,"Wed, 18 Jun 2025 09:42:17 GMT",2026-08-21T19:01:59.930333,1,SIES | GST,AI & Machine Learning,event,42dd1f880758bf73
"https://siesgst.edu.in/images/How to get Internship Opportunities on 28 Feb, 2023.pdf","How to get Internship Opportunities on 28 Feb, 2023.pdf",https://siesgst.edu.in/artificial-intelligence-machine-learning,SIES | GST,"Value Added program on IoT and Data Visualization from jan 6 to jan 11, 2025. | Objectives | Future Prospects in AIML | Vision | Mission | Program Educational Objectives (PEO) | Artificial Intelligence and Machine Learning : PSO, POâ€™s & COâ€™s | Program Specific Outcomes (PSO) | Program Outcomes (",,1346134,application/pdf,"Tue, 16 May 2023 06:09:26 GMT",2026-08-21T19:02:00.137228,1,SIES | GST,,department,08ff7040164e0102
https://siesgst.edu.in/images/aiml_SDP Deep Learning _ VAC report_ SH24.pdf,aiml_SDP Deep Learning _ VAC report_ SH24.pdf,https://siesgst.edu.in/artificial-intelligence-machine-learning,SIES | GST,"Value Added program on Deep Learning from jan 6 to jan 11, 2025. | Objectives | Future Prospects in AIML | Vision | Mission | Program Educational Objectives (PEO) | Artificial Intelligence and Machine Learning : PSO, POâ€™s & COâ€™s | Program Specific Outcomes (PSO) | Program Outcomes (POs) | Course","Value Added program on Deep Learning from jan 6 to jan 11, 2025.",1272123,application/pdf,"Wed, 18 Jun 2025 09:40:50 GMT",2026-08-21T19:02:00.345365,1,SIES | GST,AI & Machine Learning,event,046307e5f187927a
https://siesgst.edu.in/images/AIML SDP Report FH24 Competitive COding.pdf,AIML SDP Report FH24 Competitive COding.pdf,https://siesgst.edu.in/artificial-intelligence-machine-learning,SIES | GST,"Value Added program on Competitive coding from june 24 to june 29, 2024. | Objectives | Future Prospects in AIML | Vision | Mission | Program Educational Objectives (PEO) | Artificial Intelligence and Machine Learning : PSO, POâ€™s & COâ€™s | Program Specific Outcomes (PSO) | Program Outcomes (POs) ","Value Added program on Competitive coding from june 24 to june 29, 2024.",6477690,application/pdf,"Mon, 16 Jun 2025 07:00:36 GMT",2026-08-21T19:02:00.556946,1,SIES | GST,Computer Engineering,event,cec8e1b80925f69d
"https://siesgst.edu.in/images/Value added course on Power BI from Jan 01 - Jan 05, 2024.pdf","Value added course on Power BI from Jan 01 - Jan 05, 2024.pdf",https://siesgst.edu.in/artificial-intelligence-machine-learning,SIES | GST,"Value Added program on Power BI from jan 1 to jan 5, 2024. | Objectives | Future Prospects in AIML | Vision | Mission | Program Educational Objectives (PEO) | Artificial Intelligence and Machine Learning : PSO, POâ€™s & COâ€™s | Program Specific Outcomes (PSO) | Program Outcomes (POs) | Course Outco","Value Added program on Power BI from jan 1 to jan 5, 2024.",2238405,application/pdf,"Thu, 18 Apr 2024 16:35:41 GMT",2026-08-21T19:02:00.764275,1,SIES | GST,,general,040e77960b81326e
"https://siesgst.edu.in/images/How to get Internship Opportunities, 28 Feb 2023.pdf","How to get Internship Opportunities, 28 Feb 2023.pdf",https://siesgst.edu.in/artificial-intelligence-machine-learning,SIES | GST,"How to get internship Opportunity on Feb 28, 2023. | Objectives | Future Prospects in AIML | Vision | Mission | Program Educational Objectives (PEO) | Artificial Intelligence and Machine Learning : PSO, POâ€™s & COâ€™s | Program Specific Outcomes (PSO) | Program Outcomes (POs) | Course Outcome (CO) ","How to get internship Opportunity on Feb 28, 2023.",1346134,application/pdf,"Thu, 18 May 2023 04:12:34 GMT",2026-08-21T19:02:00.974837,1,SIES | GST,,department,2fe0aff16424d591
"https://siesgst.edu.in/images/Web Application Development using Django Framework on 25 March, 2023.pdf","Web Application Development using Django Framework on 25 March, 2023.pdf",https://siesgst.edu.in/artificial-intelligence-machine-learning,SIES | GST,"Django workshop March 25, 2023. | Objectives | Future Prospects in AIML | Vision | Mission | Program Educational Objectives (PEO) | Artificial Intelligence and Machine Learning : PSO, POâ€™s & COâ€™s | Program Specific Outcomes (PSO) | Program Outcomes (POs) | Course Outcome (CO) | Artificial Intell","Django workshop March 25, 2023.",983268,application/pdf,"Tue, 16 May 2023 06:10:03 GMT",2026-08-21T19:02:01.189619,1,SIES | GST,,event,1cc8833c5d002423
"https://siesgst.edu.in/images/Android App Development from 4-5 March , 2023.pdf","Android App Development from 4-5 March , 2023.pdf",https://siesgst.edu.in/artificial-intelligence-machine-learning,SIES | GST,"Android app development March 4 & 5, 2023. | Objectives | Future Prospects in AIML | Vision | Mission | Program Educational Objectives (PEO) | Artificial Intelligence and Machine Learning : PSO, POâ€™s & COâ€™s | Program Specific Outcomes (PSO) | Program Outcomes (POs) | Course Outcome (CO) | Artifi","Android app development March 4 & 5, 2023.",1745954,application/pdf,"Tue, 16 May 2023 06:10:34 GMT",2026-08-21T19:02:01.397596,1,SIES | GST,,department,4519627fa4ba7ba0
"https://siesgst.edu.in/images/Value added course on Advance Python Libraries from June 26 - July 03, 2023.pdf","Value added course on Advance Python Libraries from June 26 - July 03, 2023.pdf",https://siesgst.edu.in/artificial-intelligence-machine-learning,SIES | GST,"Advance Python Libraries, June 26 - July 7, 2023 | Objectives | Future Prospects in AIML | Vision | Mission | Program Educational Objectives (PEO) | Artificial Intelligence and Machine Learning : PSO, POâ€™s & COâ€™s | Program Specific Outcomes (PSO) | Program Outcomes (POs) | Course Outcome (CO) | ","Advance Python Libraries, June 26 - July 7, 2023",1358161,application/pdf,"Sat, 16 Sep 2023 16:30:11 GMT",2026-08-21T19:02:01.608719,1,SIES | GST,Computer Engineering,department,15be02a099c49ef3
https://siesgst.edu.in/images/6. AIML FH 25Newsletterwr.pdf,6. AIML FH 25Newsletterwr.pdf,https://siesgst.edu.in/artificial-intelligence-machine-learning,SIES | GST,"Department Newsletter FH2025 | Objectives | Future Prospects in AIML | Vision | Mission | Program Educational Objectives (PEO) | Artificial Intelligence and Machine Learning : PSO, POâ€™s & COâ€™s | Program Specific Outcomes (PSO) | Program Outcomes (POs) | Course Outcome (CO) | Artificial Intellige",Department Newsletter FH2025,3059936,application/pdf,"Mon, 30 Jun 2025 06:44:10 GMT",2026-08-21T19:02:01.816887,1,SIES | GST,AI & Machine Learning,department,834223e0febfc351
https://siesgst.edu.in/images/5. AIML SH 24Newsletter.pdf,5. AIML SH 24Newsletter.pdf,https://siesgst.edu.in/artificial-intelligence-machine-learning,SIES | GST,"Department Newsletter SH2024 | Objectives | Future Prospects in AIML | Vision | Mission | Program Educational Objectives (PEO) | Artificial Intelligence and Machine Learning : PSO, POâ€™s & COâ€™s | Program Specific Outcomes (PSO) | Program Outcomes (POs) | Course Outcome (CO) | Artificial Intellige",Department Newsletter SH2024,2388605,application/pdf,"Tue, 24 Jun 2025 10:47:41 GMT",2026-08-21T19:02:02.024897,1,SIES | GST,AI & Machine Learning,department,26c667df2bd0ff56
https://siesgst.edu.in/images/4. AIML FH 24Newsletter.pdf,4. AIML FH 24Newsletter.pdf,https://siesgst.edu.in/artificial-intelligence-machine-learning,SIES | GST,"Department Newsletter FH2024 | Objectives | Future Prospects in AIML | Vision | Mission | Program Educational Objectives (PEO) | Artificial Intelligence and Machine Learning : PSO, POâ€™s & COâ€™s | Program Specific Outcomes (PSO) | Program Outcomes (POs) | Course Outcome (CO) | Artificial Intellige",Department Newsletter FH2024,1707639,application/pdf,"Tue, 24 Jun 2025 10:47:19 GMT",2026-08-21T19:02:02.234210,1,SIES | GST,AI & Machine Learning,department,981505de64b582e2
https://siesgst.edu.in/images/3. AIML SH 23Newsletter.pdf,3. AIML SH 23Newsletter.pdf,https://siesgst.edu.in/artificial-intelligence-machine-learning,SIES | GST,"Department Newsletter SH2023 | Objectives | Future Prospects in AIML | Vision | Mission | Program Educational Objectives (PEO) | Artificial Intelligence and Machine Learning : PSO, POâ€™s & COâ€™s | Program Specific Outcomes (PSO) | Program Outcomes (POs) | Course Outcome (CO) | Artificial Intellige",Department Newsletter SH2023,1486692,application/pdf,"Tue, 24 Jun 2025 10:46:56 GMT",2026-08-21T19:02:02.437868,1,SIES | GST,AI & Machine Learning,department,97d003227709e423
https://siesgst.edu.in/images/AIML FH 23Newsletter.pdf,AIML FH 23Newsletter.pdf,https://siesgst.edu.in/artificial-intelligence-machine-learning,SIES | GST,"Department Newsletter FH2023 | Objectives | Future Prospects in AIML | Vision | Mission | Program Educational Objectives (PEO) | Artificial Intelligence and Machine Learning : PSO, POâ€™s & COâ€™s | Program Specific Outcomes (PSO) | Program Outcomes (POs) | Course Outcome (CO) | Artificial Intellige",Department Newsletter FH2023,1006073,application/pdf,"Mon, 09 Jun 2025 03:24:44 GMT",2026-08-21T19:02:02.641592,1,SIES | GST,AI & Machine Learning,department,d91cf43f3a4a4904
https://siesgst.edu.in/images/AIML SH 22Newsletter.pdf,AIML SH 22Newsletter.pdf,https://siesgst.edu.in/artificial-intelligence-machine-learning,SIES | GST,"Department Newsletter SH2022 | Objectives | Future Prospects in AIML | Vision | Mission | Program Educational Objectives (PEO) | Artificial Intelligence and Machine Learning : PSO, POâ€™s & COâ€™s | Program Specific Outcomes (PSO) | Program Outcomes (POs) | Course Outcome (CO) | Artificial Intellige",Department Newsletter SH2022,984253,application/pdf,"Mon, 09 Jun 2025 03:25:58 GMT",2026-08-21T19:02:02.844748,1,SIES | GST,AI & Machine Learning,department,8c2ca3d3b73ff991
https://siesgst.edu.in/images/CO_AIDS_21-22 (1).pdf,CO_AIDS_21-22 (1).pdf,https://siesgst.edu.in/artificial-intelligence-data-science,SIES | GST,"Communication: Communicate effectively on complex engineering activities with the engineering community and with society at large. Some of them are, being able to comprehend and write effective reports and design documentation, make effective presentations, and give and receive clear instructions. |",Communicate,3763120,application/pdf,"Mon, 15 May 2023 06:15:23 GMT",2026-08-21T19:02:04.516114,1,SIES | GST,AI & Data Science,department,8761d246b7a714b5
https://siesgst.edu.in/images/Autonomy/AIDS_BOS_2024-25.pdf,AIDS_BOS_2024-25.pdf,https://siesgst.edu.in/artificial-intelligence-data-science,SIES | GST,"Academic Year 2024-25 | Objectives | Future Prospects in AI & DS | Vision | Mission | Program Educational Objectives (PEO) | Artificial Intelligence and Data Science : PSO, POâ€™s & COâ€™s | Program Specific Outcomes (PSO) | Program Outcomes (POs) | Course Outcome (CO) | Artificial Intelligence and ",Academic Year 2024-25,292427,application/pdf,"Wed, 25 Jun 2025 04:23:01 GMT",2026-08-21T19:02:04.719408,1,SIES | GST,AI & Data Science,exam,5fd79da42732ce23
https://siesgst.edu.in/images/AIDS_Final Draft uploaded.pdf,AIDS_Final Draft uploaded.pdf,https://siesgst.edu.in/artificial-intelligence-data-science,SIES | GST,"Third Year Syllabus R-2024 (Autonomous) | Objectives | Future Prospects in AI & DS | Vision | Mission | Program Educational Objectives (PEO) | Artificial Intelligence and Data Science : PSO, POâ€™s & COâ€™s | Program Specific Outcomes (PSO) | Program Outcomes (POs) | Course Outcome (CO) | Artificial",,3114736,application/pdf,"Thu, 19 Jun 2025 09:45:23 GMT",2026-08-21T19:02:04.922093,1,SIES | GST,AI & Data Science,department,cef6063c11b9fc79
https://siesgst.edu.in/images/AIDS_TE Final Syllabus uploaded.pdf,AIDS_TE Final Syllabus uploaded.pdf,https://siesgst.edu.in/artificial-intelligence-data-science,SIES | GST,"Third Year Syllabus R-2024 (Autonomous) | Objectives | Future Prospects in AI & DS | Vision | Mission | Program Educational Objectives (PEO) | Artificial Intelligence and Data Science : PSO, POâ€™s & COâ€™s | Program Specific Outcomes (PSO) | Program Outcomes (POs) | Course Outcome (CO) | Artificial",Third Year Syllabus R-2024 (Autonomous),4219364,application/pdf,"Thu, 23 Jul 2026 06:30:04 GMT",2026-08-21T19:02:05.447956,1,SIES | GST,AI & Data Science,syllabus,85a207414985bbe2
https://siesgst.edu.in/images/AIDS_SE Final Syllabus uploaded.pdf,AIDS_SE Final Syllabus uploaded.pdf,https://siesgst.edu.in/artificial-intelligence-data-science,SIES | GST,"Second Year Syllabus R-2024 (Autonomous) | Objectives | Future Prospects in AI & DS | Vision | Mission | Program Educational Objectives (PEO) | Artificial Intelligence and Data Science : PSO, POâ€™s & COâ€™s | Program Specific Outcomes (PSO) | Program Outcomes (POs) | Course Outcome (CO) | Artificia",Second Year Syllabus R-2024 (Autonomous),3603473,application/pdf,"Thu, 23 Jul 2026 06:28:58 GMT",2026-08-21T19:02:05.624440,1,SIES | GST,AI & Data Science,syllabus,9c10b7a56d263c4c
https://siesgst.edu.in/images/Computer_SE_New_8_Branch_R2019_1.7.2021.pdf,Computer_SE_New_8_Branch_R2019_1.7.2021.pdf,https://siesgst.edu.in/artificial-intelligence-data-science,SIES | GST,"SE Syllabus | Objectives | Future Prospects in AI & DS | Vision | Mission | Program Educational Objectives (PEO) | Artificial Intelligence and Data Science : PSO, POâ€™s & COâ€™s | Program Specific Outcomes (PSO) | Program Outcomes (POs) | Course Outcome (CO) | Artificial Intelligence and Data Scien",SE Syllabus,1066280,application/pdf,"Thu, 26 May 2022 07:31:34 GMT",2026-08-21T19:02:05.801730,1,SIES | GST,Computer Engineering,syllabus,6f221ea21a5b3be8
https://siesgst.edu.in/images/BE_AIDS_SYLLABUS.pdf,BE_AIDS_SYLLABUS.pdf,https://siesgst.edu.in/artificial-intelligence-data-science,SIES | GST,"BE Syllabus | Objectives | Future Prospects in AI & DS | Vision | Mission | Program Educational Objectives (PEO) | Artificial Intelligence and Data Science : PSO, POâ€™s & COâ€™s | Program Specific Outcomes (PSO) | Program Outcomes (POs) | Course Outcome (CO) | Artificial Intelligence and Data Scien",BE Syllabus,42929407,application/pdf,"Thu, 10 Oct 2024 03:37:34 GMT",2026-08-21T19:02:05.979636,1,SIES | GST,AI & Data Science,syllabus,ace16f88e968a644
https://siesgst.edu.in/images/AIDS_TIME_TABLE_FH26.pdf,AIDS_TIME_TABLE_FH26.pdf,https://siesgst.edu.in/artificial-intelligence-data-science,SIES | GST,"Time table FH2026 Time table FH2025 Time table SH2024 | Objectives | Future Prospects in AI & DS | Vision | Mission | Program Educational Objectives (PEO) | Artificial Intelligence and Data Science : PSO, POâ€™s & COâ€™s | Program Specific Outcomes (PSO) | Program Outcomes (POs) | Course Outcome (CO",Time table FH2026,446063,application/pdf,"Wed, 11 Mar 2026 05:23:09 GMT",2026-08-21T19:02:06.156294,1,SIES | GST,AI & Data Science,timetable,7d5b54d0901ddada
https://siesgst.edu.in/images/AIDS_Timetable FH2025.pdf,AIDS_Timetable FH2025.pdf,https://siesgst.edu.in/artificial-intelligence-data-science,SIES | GST,"Time table FH2026 Time table FH2025 Time table SH2024 | Objectives | Future Prospects in AI & DS | Vision | Mission | Program Educational Objectives (PEO) | Artificial Intelligence and Data Science : PSO, POâ€™s & COâ€™s | Program Specific Outcomes (PSO) | Program Outcomes (POs) | Course Outcome (CO",Time table FH2025,1414784,application/pdf,"Sat, 28 Jun 2025 07:45:19 GMT",2026-08-21T19:02:06.333461,1,SIES | GST,AI & Data Science,timetable,2b4f0c5dc43c9e40
https://siesgst.edu.in/images/AIDS_Timetable SH2024.pdf,AIDS_Timetable SH2024.pdf,https://siesgst.edu.in/artificial-intelligence-data-science,SIES | GST,"Time table FH2026 Time table FH2025 Time table SH2024 | Objectives | Future Prospects in AI & DS | Vision | Mission | Program Educational Objectives (PEO) | Artificial Intelligence and Data Science : PSO, POâ€™s & COâ€™s | Program Specific Outcomes (PSO) | Program Outcomes (POs) | Course Outcome (CO",Time table SH2024,1299633,application/pdf,"Sat, 28 Jun 2025 07:45:58 GMT",2026-08-21T19:02:06.511603,1,SIES | GST,AI & Data Science,timetable,d11209a5dbf6798f
https://siesgst.edu.in/images/Ai&DSAnnual report -July-24-June-25.pdf,Ai&DSAnnual report -July-24-June-25.pdf,https://siesgst.edu.in/artificial-intelligence-data-science,SIES | GST,"Annual Report 2024-25 | Objectives | Future Prospects in AI & DS | Vision | Mission | Program Educational Objectives (PEO) | Artificial Intelligence and Data Science : PSO, POâ€™s & COâ€™s | Program Specific Outcomes (PSO) | Program Outcomes (POs) | Course Outcome (CO) | Artificial Intelligence and ",Annual Report 2024-25,1513322,application/pdf,"Fri, 03 Jul 2026 10:26:00 GMT",2026-08-21T19:02:06.689654,1,SIES | GST,AI & Data Science,report,338a4f047ad111d3
https://siesgst.edu.in/images/aids_annual report 23-24.pdf,aids_annual report 23-24.pdf,https://siesgst.edu.in/artificial-intelligence-data-science,SIES | GST,"Annual Report 2023-24 | Objectives | Future Prospects in AI & DS | Vision | Mission | Program Educational Objectives (PEO) | Artificial Intelligence and Data Science : PSO, POâ€™s & COâ€™s | Program Specific Outcomes (PSO) | Program Outcomes (POs) | Course Outcome (CO) | Artificial Intelligence and ",Annual Report 2023-24,73236,application/pdf,"Tue, 17 Jun 2025 08:50:07 GMT",2026-08-21T19:02:06.867146,1,SIES | GST,AI & Data Science,report,555c74885a1f91f0
https://siesgst.edu.in/images/Annual-Report-CE-22-23(new).pdf,Annual-Report-CE-22-23(new).pdf,https://siesgst.edu.in/artificial-intelligence-data-science,SIES | GST,"Annual Report 2022-23 | Objectives | Future Prospects in AI & DS | Vision | Mission | Program Educational Objectives (PEO) | Artificial Intelligence and Data Science : PSO, POâ€™s & COâ€™s | Program Specific Outcomes (PSO) | Program Outcomes (POs) | Course Outcome (CO) | Artificial Intelligence and ",Annual Report 2022-23,149140,application/pdf,"Mon, 15 May 2023 06:12:31 GMT",2026-08-21T19:02:07.044930,1,SIES | GST,Computer Engineering,report,c4ae2a7c5f14ef9c
https://siesgst.edu.in/images/AIDS_FH25 BT VAC Report.pdf,AIDS_FH25 BT VAC Report.pdf,https://siesgst.edu.in/artificial-intelligence-data-science,SIES | GST,"Value Added Course on Blockchain Technology from Jan 6 - jan 11, 2025 | Objectives | Future Prospects in AI & DS | Vision | Mission | Program Educational Objectives (PEO) | Artificial Intelligence and Data Science : PSO, POâ€™s & COâ€™s | Program Specific Outcomes (PSO) | Program Outcomes (POs) | Co","Value Added Course on Blockchain Technology from Jan 6 - jan 11, 2025",1979545,application/pdf,"Sat, 28 Jun 2025 16:36:54 GMT",2026-08-21T19:02:07.225916,1,SIES | GST,AI & Data Science,report,780a563458b8e930
https://siesgst.edu.in/images/AIDS_sdp_flutter_JUNE24.pdf,AIDS_sdp_flutter_JUNE24.pdf,https://siesgst.edu.in/artificial-intelligence-data-science,SIES | GST,"Value Added Course on Flutter from Jun 24 - jun 29, 2024 | Objectives | Future Prospects in AI & DS | Vision | Mission | Program Educational Objectives (PEO) | Artificial Intelligence and Data Science : PSO, POâ€™s & COâ€™s | Program Specific Outcomes (PSO) | Program Outcomes (POs) | Course Outcome ","Value Added Course on Flutter from Jun 24 - jun 29, 2024",5477425,application/pdf,"Sat, 28 Jun 2025 16:40:28 GMT",2026-08-21T19:02:07.405159,1,SIES | GST,AI & Data Science,exam,39e430d2ece7f4cb
https://siesgst.edu.in/images/AIDS_Flutter (Mobile Application Development)JAN24.pdf,AIDS_Flutter (Mobile Application Development)JAN24.pdf,https://siesgst.edu.in/artificial-intelligence-data-science,SIES | GST,"Value Added Course on Mobile application development from Jan 1 - jan 5, 2024 | Objectives | Future Prospects in AI & DS | Vision | Mission | Program Educational Objectives (PEO) | Artificial Intelligence and Data Science : PSO, POâ€™s & COâ€™s | Program Specific Outcomes (PSO) | Program Outcomes (P","Value Added Course on Mobile application development from Jan 1 - jan 5, 2024",2995883,application/pdf,"Sat, 28 Jun 2025 16:43:00 GMT",2026-08-21T19:02:07.586848,1,SIES | GST,AI & Data Science,exam,0e91aacb4df1c189
https://siesgst.edu.in/images/AIDS_Mobile Aplication Development.pdf,AIDS_Mobile Aplication Development.pdf,https://siesgst.edu.in/artificial-intelligence-data-science,SIES | GST,"Value Added Course on Mobile application development from June 26 - july 1, 2023 | Objectives | Future Prospects in AI & DS | Vision | Mission | Program Educational Objectives (PEO) | Artificial Intelligence and Data Science : PSO, POâ€™s & COâ€™s | Program Specific Outcomes (PSO) | Program Outcomes","Value Added Course on Mobile application development from June 26 - july 1, 2023",648551,application/pdf,"Sat, 28 Jun 2025 16:45:10 GMT",2026-08-21T19:02:07.764981,1,SIES | GST,AI & Data Science,form,1e51ae20d6b87aa8
https://siesgst.edu.in/images/aids_newsletter(FH 25).pdf,aids_newsletter(FH 25).pdf,https://siesgst.edu.in/artificial-intelligence-data-science,SIES | GST,"Department Newsletter FH2025 | Objectives | Future Prospects in AI & DS | Vision | Mission | Program Educational Objectives (PEO) | Artificial Intelligence and Data Science : PSO, POâ€™s & COâ€™s | Program Specific Outcomes (PSO) | Program Outcomes (POs) | Course Outcome (CO) | Artificial Intelligen",Department Newsletter FH2025,974097,application/pdf,"Wed, 18 Jun 2025 09:24:53 GMT",2026-08-21T19:02:07.943177,1,SIES | GST,AI & Data Science,department,1f550656e6d0da02
https://siesgst.edu.in/images/aids_newsletter(SH 24).pdf,aids_newsletter(SH 24).pdf,https://siesgst.edu.in/artificial-intelligence-data-science,SIES | GST,"Department Newsletter SH2024 | Objectives | Future Prospects in AI & DS | Vision | Mission | Program Educational Objectives (PEO) | Artificial Intelligence and Data Science : PSO, POâ€™s & COâ€™s | Program Specific Outcomes (PSO) | Program Outcomes (POs) | Course Outcome (CO) | Artificial Intelligen",Department Newsletter SH2024,638054,application/pdf,"Wed, 18 Jun 2025 09:24:10 GMT",2026-08-21T19:02:08.124869,1,SIES | GST,AI & Data Science,department,3ce469bd7df5a4ba
https://siesgst.edu.in/images/aids_newsletter(FH24).pdf,aids_newsletter(FH24).pdf,https://siesgst.edu.in/artificial-intelligence-data-science,SIES | GST,"Department Newsletter FH2024 | Objectives | Future Prospects in AI & DS | Vision | Mission | Program Educational Objectives (PEO) | Artificial Intelligence and Data Science : PSO, POâ€™s & COâ€™s | Program Specific Outcomes (PSO) | Program Outcomes (POs) | Course Outcome (CO) | Artificial Intelligen",Department Newsletter FH2024,128987,application/pdf,"Wed, 18 Jun 2025 09:23:33 GMT",2026-08-21T19:02:08.304343,1,SIES | GST,AI & Data Science,department,fdf67e964ef9ba8b
https://siesgst.edu.in/images/aids_newsletter(SH23).pdf,aids_newsletter(SH23).pdf,https://siesgst.edu.in/artificial-intelligence-data-science,SIES | GST,"Department Newsletter SH2023 | Objectives | Future Prospects in AI & DS | Vision | Mission | Program Educational Objectives (PEO) | Artificial Intelligence and Data Science : PSO, POâ€™s & COâ€™s | Program Specific Outcomes (PSO) | Program Outcomes (POs) | Course Outcome (CO) | Artificial Intelligen",Department Newsletter SH2023,191165,application/pdf,"Wed, 18 Jun 2025 09:22:42 GMT",2026-08-21T19:02:08.482195,1,SIES | GST,AI & Data Science,department,ea652b359dc00f3a
https://siesgst.edu.in/images/AIDS_news_letter.pdf,AIDS_news_letter.pdf,https://siesgst.edu.in/artificial-intelligence-data-science,SIES | GST,"Department Newsletter FH2023 | Objectives | Future Prospects in AI & DS | Vision | Mission | Program Educational Objectives (PEO) | Artificial Intelligence and Data Science : PSO, POâ€™s & COâ€™s | Program Specific Outcomes (PSO) | Program Outcomes (POs) | Course Outcome (CO) | Artificial Intelligen",Department Newsletter FH2023,168580,application/pdf,"Mon, 15 May 2023 06:17:55 GMT",2026-08-21T19:02:08.661649,1,SIES | GST,AI & Data Science,department,9f8f8b9eefe8bc0b
https://siesgst.edu.in/images/CO_CSE-IoT_21-22.pdf,CO_CSE-IoT_21-22.pdf,https://siesgst.edu.in/undergraduate-program-computer-science-engineering,SIES | GST,Course Outcomes | Objectives | Future Prospects | Vision | Mission | Program Educational Objectives (PEO) | Program Specific Outcomes (PSO) | Program Outcomes (PO) | Course Outcome (CO) | Undergraduate Program Computer Science and Engineering (Internet of Things and Cyber Security including Block Ch,Course Outcomes,3396854,application/pdf,"Fri, 12 May 2023 06:17:23 GMT",2026-08-21T19:02:10.118974,1,SIES | GST,CSE (IoT & Cyber Security),exam,570c6ffc218b0916
https://siesgst.edu.in/images/Autonomy/CSE(IoT)_BoS_24-25.pdf,CSE(IoT)_BoS_24-25.pdf,https://siesgst.edu.in/undergraduate-program-computer-science-engineering,SIES | GST,Academic Year 2024-25 | Objectives | Future Prospects | Vision | Mission | Program Educational Objectives (PEO) | Program Specific Outcomes (PSO) | Program Outcomes (PO) | Course Outcome (CO) | Undergraduate Program Computer Science and Engineering (Internet of Things and Cyber Security including Bl,Academic Year 2024-25,1382290,application/pdf,"Wed, 25 Jun 2025 04:46:29 GMT",2026-08-21T19:02:10.294560,1,SIES | GST,CSE (IoT & Cyber Security),exam,e1652a724d958673
https://siesgst.edu.in/images/CSE-IoT_Third Year _R24_Syllabus.pdf,CSE-IoT_Third Year _R24_Syllabus.pdf,https://siesgst.edu.in/undergraduate-program-computer-science-engineering,SIES | GST,Third Year Syllabus R-2024 (Autonomous) | Objectives | Future Prospects | Vision | Mission | Program Educational Objectives (PEO) | Program Specific Outcomes (PSO) | Program Outcomes (PO) | Course Outcome (CO) | Undergraduate Program Computer Science and Engineering (Internet of Things and Cyber Sec,Third Year Syllabus R-2024 (Autonomous),8190012,application/pdf,"Tue, 18 Aug 2026 10:42:30 GMT",2026-08-21T19:02:10.471659,1,SIES | GST,CSE (IoT & Cyber Security),syllabus,d9bfdc9427fff5ad
https://siesgst.edu.in/images/SIESGST_CSE_IoT_SYLLABUS_SE_R24.pdf,SIESGST_CSE_IoT_SYLLABUS_SE_R24.pdf,https://siesgst.edu.in/undergraduate-program-computer-science-engineering,SIES | GST,Second Year Syllabus R-2024 (Autonomous) | Objectives | Future Prospects | Vision | Mission | Program Educational Objectives (PEO) | Program Specific Outcomes (PSO) | Program Outcomes (PO) | Course Outcome (CO) | Undergraduate Program Computer Science and Engineering (Internet of Things and Cyber Se,Second Year Syllabus R-2024 (Autonomous),3547071,application/pdf,"Mon, 23 Jun 2025 03:31:48 GMT",2026-08-21T19:02:10.664325,1,SIES | GST,CSE (IoT & Cyber Security),syllabus,2a3cf27a2d36a30d
https://siesgst.edu.in/images/Computer_SE_New_8_Branch_R2019_1.7.2021 (1).pdf,Computer_SE_New_8_Branch_R2019_1.7.2021 (1).pdf,https://siesgst.edu.in/undergraduate-program-computer-science-engineering,SIES | GST,SE Syllabus | Objectives | Future Prospects | Vision | Mission | Program Educational Objectives (PEO) | Program Specific Outcomes (PSO) | Program Outcomes (PO) | Course Outcome (CO) | Undergraduate Program Computer Science and Engineering (Internet of Things and Cyber Security including Block Chain ,SE Syllabus,1066280,application/pdf,"Wed, 03 May 2023 02:20:11 GMT",2026-08-21T19:02:10.840686,1,SIES | GST,Computer Engineering,syllabus,1b3ae01ddef3f119
https://siesgst.edu.in/images/6.24 TE_Internet of thing CS_BC-R2019-Final_Syllabus1 (1).pdf,6.24 TE_Internet of thing CS_BC-R2019-Final_Syllabus1 (1).pdf,https://siesgst.edu.in/undergraduate-program-computer-science-engineering,SIES | GST,TE Syllabus | Objectives | Future Prospects | Vision | Mission | Program Educational Objectives (PEO) | Program Specific Outcomes (PSO) | Program Outcomes (PO) | Course Outcome (CO) | Undergraduate Program Computer Science and Engineering (Internet of Things and Cyber Security including Block Chain ,TE Syllabus,1617448,application/pdf,"Wed, 03 May 2023 02:20:59 GMT",2026-08-21T19:02:11.036342,1,SIES | GST,,syllabus,f1565fa54fb64bbf
https://siesgst.edu.in/images/6.6-N-B.E.-Computer-Science-and-Engineering-internet-of-Things-and-Cyber-Security-Including-Block-Chain-Technology-Sem-VII-VIII.pdf,6.6-N-B.E.-Computer-Science-and-Engineering-internet-of-Things-and-Cyber-Security-Including-Block-Chain-Technology-Sem-VII-VIII.pdf,https://siesgst.edu.in/undergraduate-program-computer-science-engineering,SIES | GST,BE Syllabus | Objectives | Future Prospects | Vision | Mission | Program Educational Objectives (PEO) | Program Specific Outcomes (PSO) | Program Outcomes (PO) | Course Outcome (CO) | Undergraduate Program Computer Science and Engineering (Internet of Things and Cyber Security including Block Chain ,BE Syllabus,3849024,application/pdf,"Mon, 01 Jul 2024 10:19:55 GMT",2026-08-21T19:02:11.213985,1,SIES | GST,Computer Engineering,syllabus,38e96fbc40ab7ade
https://siesgst.edu.in/images/IOT_TT_FH2026.pdf,IOT_TT_FH2026.pdf,https://siesgst.edu.in/undergraduate-program-computer-science-engineering,SIES | GST,Time Table FH2026 | Objectives | Future Prospects | Vision | Mission | Program Educational Objectives (PEO) | Program Specific Outcomes (PSO) | Program Outcomes (PO) | Course Outcome (CO) | Undergraduate Program Computer Science and Engineering (Internet of Things and Cyber Security including Block ,Time Table FH2026,1140684,application/pdf,"Thu, 12 Mar 2026 04:17:28 GMT",2026-08-21T19:02:11.392109,1,SIES | GST,Mechanical,timetable,bddf31a666afff8e
https://siesgst.edu.in/images/CSE-IOT Annual report 2024-25.pdf,CSE-IOT Annual report 2024-25.pdf,https://siesgst.edu.in/undergraduate-program-computer-science-engineering,SIES | GST,Annual Report 2024-25 Annual Report 2023-24 | Objectives | Future Prospects | Vision | Mission | Program Educational Objectives (PEO) | Program Specific Outcomes (PSO) | Program Outcomes (PO) | Course Outcome (CO) | Undergraduate Program Computer Science and Engineering (Internet of Things and Cyber,Annual Report 2024-25,539856,application/pdf,"Mon, 23 Jun 2025 04:29:56 GMT",2026-08-21T19:02:11.573847,1,SIES | GST,CSE (IoT & Cyber Security),report,b01675c942ec7b9d
https://siesgst.edu.in/images/CSE-IOT Annual report 2023-24.pdf,CSE-IOT Annual report 2023-24.pdf,https://siesgst.edu.in/undergraduate-program-computer-science-engineering,SIES | GST,Annual Report 2024-25 Annual Report 2023-24 | Objectives | Future Prospects | Vision | Mission | Program Educational Objectives (PEO) | Program Specific Outcomes (PSO) | Program Outcomes (PO) | Course Outcome (CO) | Undergraduate Program Computer Science and Engineering (Internet of Things and Cyber,Annual Report 2023-24,245525,application/pdf,"Mon, 30 Jun 2025 00:52:54 GMT",2026-08-21T19:02:11.751117,1,SIES | GST,CSE (IoT & Cyber Security),report,81e123112c4548f2
https://siesgst.edu.in/images/SIESGST OSWAP Student Chapter Committee Members 2025-26.pdf,SIESGST OSWAP Student Chapter Committee Members 2025-26.pdf,https://siesgst.edu.in/undergraduate-program-computer-science-engineering,SIES | GST,Student Chapter Committee Members List 2025-26 | Objectives | Future Prospects | Vision | Mission | Program Educational Objectives (PEO) | Program Specific Outcomes (PSO) | Program Outcomes (PO) | Course Outcome (CO) | Undergraduate Program Computer Science and Engineering (Internet of Things and Cy,Student Chapter Committee Members List 2025-26,202381,application/pdf,"Wed, 10 Dec 2025 06:55:46 GMT",2026-08-21T19:02:11.928165,1,SIES | GST,,department,dce78245ca038a9b
https://siesgst.edu.in/images/CSEIOT_sdp fh 25.pdf,CSEIOT_sdp fh 25.pdf,https://siesgst.edu.in/undergraduate-program-computer-science-engineering,SIES | GST,"Value Added program on Exploring Cloud Computing from jan 6 to jan 11, 2025. | Objectives | Future Prospects | Vision | Mission | Program Educational Objectives (PEO) | Program Specific Outcomes (PSO) | Program Outcomes (PO) | Course Outcome (CO) | Undergraduate Program Computer Science and Engineer","Value Added program on Exploring Cloud Computing from jan 6 to jan 11, 2025.",1747214,application/pdf,"Mon, 30 Jun 2025 01:00:59 GMT",2026-08-21T19:02:12.106729,1,SIES | GST,Computer Engineering,exam,d48214aac37a26fd
https://siesgst.edu.in/images/CSEIOT_Report_On_SDP-ADS.pdf,CSEIOT_Report_On_SDP-ADS.pdf,https://siesgst.edu.in/undergraduate-program-computer-science-engineering,SIES | GST,"Value Added program on Advance Data Structures from jun 24 to jun 29,  2024. | Objectives | Future Prospects | Vision | Mission | Program Educational Objectives (PEO) | Program Specific Outcomes (PSO) | Program Outcomes (PO) | Course Outcome (CO) | Undergraduate Program Computer Science and Engineer","Value Added program on Advance Data Structures from jun 24 to jun 29,  2024.",271076,application/pdf,"Mon, 30 Jun 2025 01:03:49 GMT",2026-08-21T19:02:12.308274,1,SIES | GST,Computer Engineering,event,3154fff611b7c40f
https://siesgst.edu.in/images/CSEIOT_sdp sh22.pdf,CSEIOT_sdp sh22.pdf,https://siesgst.edu.in/undergraduate-program-computer-science-engineering,SIES | GST,"Value Added program on Cloud Computing from dec 17 to dec 23,  2022. | Objectives | Future Prospects | Vision | Mission | Program Educational Objectives (PEO) | Program Specific Outcomes (PSO) | Program Outcomes (PO) | Course Outcome (CO) | Undergraduate Program Computer Science and Engineering (Int","Value Added program on Cloud Computing from dec 17 to dec 23,  2022.",942753,application/pdf,"Mon, 30 Jun 2025 01:06:01 GMT",2026-08-21T19:02:12.485871,1,SIES | GST,Computer Engineering,exam,25661c0167aa5336
https://siesgst.edu.in/images/IoT FH25 Newsletter final.pdf,IoT FH25 Newsletter final.pdf,https://siesgst.edu.in/undergraduate-program-computer-science-engineering,SIES | GST,Department Newsletter FH2025 | Objectives | Future Prospects | Vision | Mission | Program Educational Objectives (PEO) | Program Specific Outcomes (PSO) | Program Outcomes (PO) | Course Outcome (CO) | Undergraduate Program Computer Science and Engineering (Internet of Things and Cyber Security inclu,Department Newsletter FH2025,1961239,application/pdf,"Mon, 23 Jun 2025 04:25:43 GMT",2026-08-21T19:02:12.664545,1,SIES | GST,CSE (IoT & Cyber Security),department,8598edb4d0c80507
https://siesgst.edu.in/images/IoT SH24 Newsletter final.pdf,IoT SH24 Newsletter final.pdf,https://siesgst.edu.in/undergraduate-program-computer-science-engineering,SIES | GST,Department Newsletter SH2024 | Objectives | Future Prospects | Vision | Mission | Program Educational Objectives (PEO) | Program Specific Outcomes (PSO) | Program Outcomes (PO) | Course Outcome (CO) | Undergraduate Program Computer Science and Engineering (Internet of Things and Cyber Security inclu,Department Newsletter SH2024,2088445,application/pdf,"Mon, 23 Jun 2025 04:25:03 GMT",2026-08-21T19:02:12.842463,1,SIES | GST,CSE (IoT & Cyber Security),department,7e1dbe94e3bd2ccc
https://siesgst.edu.in/images/IoT FH24 Newsletter final.pdf,IoT FH24 Newsletter final.pdf,https://siesgst.edu.in/undergraduate-program-computer-science-engineering,SIES | GST,Department Newsletter FH2024 | Objectives | Future Prospects | Vision | Mission | Program Educational Objectives (PEO) | Program Specific Outcomes (PSO) | Program Outcomes (PO) | Course Outcome (CO) | Undergraduate Program Computer Science and Engineering (Internet of Things and Cyber Security inclu,Department Newsletter FH2024,1977935,application/pdf,"Mon, 23 Jun 2025 04:24:21 GMT",2026-08-21T19:02:13.020141,1,SIES | GST,CSE (IoT & Cyber Security),department,09b935f916ea105b
https://siesgst.edu.in/images/IoT SH23 Newsletter final .pdf,IoT SH23 Newsletter final .pdf,https://siesgst.edu.in/undergraduate-program-computer-science-engineering,SIES | GST,Department Newsletter SH2023 | Objectives | Future Prospects | Vision | Mission | Program Educational Objectives (PEO) | Program Specific Outcomes (PSO) | Program Outcomes (PO) | Course Outcome (CO) | Undergraduate Program Computer Science and Engineering (Internet of Things and Cyber Security inclu,Department Newsletter SH2023,1523417,application/pdf,"Mon, 23 Jun 2025 04:23:27 GMT",2026-08-21T19:02:13.199088,1,SIES | GST,CSE (IoT & Cyber Security),department,47b532e66abf36fd
https://siesgst.edu.in/images/Newsletter FH2023 Updated.pdf,Newsletter FH2023 Updated.pdf,https://siesgst.edu.in/undergraduate-program-computer-science-engineering,SIES | GST,Department Newsletter FH2023 | Objectives | Future Prospects | Vision | Mission | Program Educational Objectives (PEO) | Program Specific Outcomes (PSO) | Program Outcomes (PO) | Course Outcome (CO) | Undergraduate Program Computer Science and Engineering (Internet of Things and Cyber Security inclu,Department Newsletter FH2023,769629,application/pdf,"Sun, 14 May 2023 16:14:20 GMT",2026-08-21T19:02:13.378308,1,SIES | GST,,department,a8a3406fb33aa7ad
https://siesgst.edu.in/images/Newsletter SH2022.pdf,Newsletter SH2022.pdf,https://siesgst.edu.in/undergraduate-program-computer-science-engineering,SIES | GST,Department Newsletter SH2022 | Objectives | Future Prospects | Vision | Mission | Program Educational Objectives (PEO) | Program Specific Outcomes (PSO) | Program Outcomes (PO) | Course Outcome (CO) | Undergraduate Program Computer Science and Engineering (Internet of Things and Cyber Security inclu,Department Newsletter SH2022,820183,application/pdf,"Sun, 14 May 2023 16:14:51 GMT",2026-08-21T19:02:13.641674,1,SIES | GST,,department,5495f06a59f6652b
https://siesgst.edu.in/images/Vide-Item-No.6.28-R-M.E.-Information-Security-Sem.-I-to-IV-CBCS (1) (1) (1).pdf,Vide-Item-No.6.28-R-M.E.-Information-Security-Sem.-I-to-IV-CBCS (1) (1) (1).pdf,https://siesgst.edu.in/me-information-technology-information-security,SIES | GST,SYLLABUS Revised 2022 | The course is designed to | Important Links,SYLLABUS Revised 2022,3566730,application/pdf,"Mon, 22 May 2023 08:23:30 GMT",2026-08-21T19:02:15.052150,1,SIES | GST,,syllabus,2a290e38122d5f6d
https://siesgst.edu.in/images/6.29 ME-IT-IS-2022-23- final-syllabus-21.pdf,6.29 ME-IT-IS-2022-23- final-syllabus-21.pdf,https://siesgst.edu.in/me-information-technology-information-security,SIES | GST,SYLLABUS for 2022-23 | The course is designed to | Important Links,SYLLABUS for 2022-23,1291453,application/pdf,"Wed, 03 May 2023 02:41:24 GMT",2026-08-21T19:02:15.226237,1,SIES | GST,,syllabus,fd82989280cb577f
https://siesgst.edu.in/images/pgsyllabus.pdf,pgsyllabus.pdf,https://siesgst.edu.in/me-artificial-intelligence-and-data-science,SIES | GST,View Syllabus | Total Intake 18 | Objectives | Future Prospects in AI & DS | Program Outcomes | Important Links,View Syllabus,40102877,application/pdf,"Thu, 22 Jun 2023 04:08:54 GMT",2026-08-21T19:02:16.635061,1,SIES | GST,,syllabus,f77656051518189a
https://siesgst.edu.in/images/Fee structure_UG Courses_2026-27.pdf,Fee structure_UG Courses_2026-27.pdf,https://siesgst.edu.in/admissions-ug-engineering,SIES | GST,FEE PAYMENT & DOCUMENTS DETAILS OF FIRST YEAR CAP ALLOTTED STUDENTS 2026-27 | Important Links,,149688,application/pdf,"Mon, 06 Jul 2026 08:24:58 GMT",2026-08-21T19:02:18.067586,1,SIES | GST,,admission,ac4b4a29487d11e5
https://siesgst.edu.in/images/FEE PAYMENT & DOCUMENTS DETAILS OF FIRST YEAR CAP ALLOTTED STUDENTS 2026-27.pdf,FEE PAYMENT & DOCUMENTS DETAILS OF FIRST YEAR CAP ALLOTTED STUDENTS 2026-27.pdf,https://siesgst.edu.in/admissions-ug-engineering,SIES | GST,FEE PAYMENT & DOCUMENTS DETAILS OF FIRST YEAR CAP ALLOTTED STUDENTS 2026-27 | Important Links,FEE PAYMENT & DOCUMENTS DETAILS OF FIRST YEAR CAP ALLOTTED STUDENTS 2026-27,1334273,application/pdf,"Sat, 01 Aug 2026 08:31:38 GMT",2026-08-21T19:02:18.244993,1,SIES | GST,,admission,45090189e92c98ff
https://siesgst.edu.in/images/SCHDULE OF FIRST YEAR ENGINEERING (INSTITUTE LEVEL & AGAINST CAP SEATS).pdf,SCHDULE OF FIRST YEAR ENGINEERING (INSTITUTE LEVEL & AGAINST CAP SEATS).pdf,https://siesgst.edu.in/admissions-ug-engineering,SIES | GST,Notification for the First-Year Engineering Institute Level/Management quota | Important Links,Notification for the First-Year Engineering Institute Level/Management quota,243747,application/pdf,"Wed, 05 Aug 2026 12:45:18 GMT",2026-08-21T19:02:18.427772,1,SIES | GST,,notice,02dc59255b356816
https://siesgst.edu.in/images/Information_Brochure_UG_PG_2026_27_dt_2_7_2026.pdf,Information_Brochure_UG_PG_2026_27_dt_2_7_2026.pdf,https://siesgst.edu.in/admissions-ug-engineering,SIES | GST,Information brochure of CET Cell 2026-27 | Important Links,Information brochure of CET Cell 2026-27,733268,application/pdf,"Mon, 06 Jul 2026 08:28:59 GMT",2026-08-21T19:02:18.608704,1,SIES | GST,Computer Engineering,brochure,f5cc239ab1449099
https://siesgst.edu.in/images/SIES Information Brochure 2026-27.pdf,SIES Information Brochure 2026-27.pdf,https://siesgst.edu.in/admissions-ug-engineering,SIES | GST,SIES GST Information Brochure 2026-27 | Important Links,SIES GST Information Brochure 2026-27,14294036,application/pdf,"Thu, 30 Jul 2026 05:06:42 GMT",2026-08-21T19:02:18.787873,1,SIES | GST,,brochure,34b127ea11c95db2
https://siesgst.edu.in/images/Fee payment and documents details of Direct Second Year Engg. students allotted through CAP 2026-27.pdf,Fee payment and documents details of Direct Second Year Engg. students allotted through CAP 2026-27.pdf,https://siesgst.edu.in/admissions-direct-second-year,SIES | GST,Fee Payment details and documents requirements for the Direct Second Year Engineering 2026-27 (allotted through CAP) | Admission 2026-27 | Important Links,Fee Payment details and documents requirements for the Direct Second Year Engineering 2026-27 (allotted through CAP),892323,application/pdf,"Tue, 04 Aug 2026 08:01:56 GMT",2026-08-21T19:02:20.212195,1,SIES | GST,,admission,446ace0214ba4d40
https://siesgst.edu.in/images/FEE PAYMENT AND DOCUMENTS REQMT. DETAILS OF PG COURSES_2026-27.pdf,FEE PAYMENT AND DOCUMENTS REQMT. DETAILS OF PG COURSES_2026-27.pdf,https://siesgst.edu.in/admissions-pg-engineering,SIES | GST,Fee payment details and documents requirements for the Postgraduate (MTech.) courses 2026-27 (Allotted through CAP). | Admission 2026-27 | Important Links,Fee payment details and documents requirements for the Postgraduate (MTech.) courses 2026-27 (Allotted through CAP).,819925,application/pdf,"Mon, 10 Aug 2026 06:10:33 GMT",2026-08-21T19:02:21.644201,1,SIES | GST,,admission,fdc7377ee6ec6a6b
https://siesgst.edu.in/images/Fee structure_PG Courses_2026-27.pdf,Fee structure_PG Courses_2026-27.pdf,https://siesgst.edu.in/admissions-pg-engineering,SIES | GST,Fee Details 2026-27 (ME/M.Tech). | Admission 2026-27 | Important Links,Fee Details 2026-27 (ME/M.Tech).,150237,application/pdf,"Mon, 06 Jul 2026 10:05:15 GMT",2026-08-21T19:02:21.826166,1,SIES | GST,,admission,29f4f6ee6a11d0e4
https://siesgst.edu.in/docs/scholarship.pdf,scholarship.pdf,https://siesgst.edu.in/information-brochure,SIES | GST,AICTE Scholarship Schemes | Information Brochure | Important Links,AICTE Scholarship Schemes,9311,application/pdf,"Fri, 13 Aug 2021 10:21:13 GMT",2026-08-21T19:02:24.193912,1,SIES | GST,,syllabus,845c8ddae3ebda72
https://siesgst.edu.in/images/RESEARCH PROJECT 24-25.pdf,RESEARCH PROJECT 24-25.pdf,https://siesgst.edu.in/funded-projects,SIES | GST,Funded Research-Grant-2024-25 Funded Research-Grant-2023-24 Funded Research-Grant-2022-23 Minor-Research-Grant-2020-21 Minor-Research-Grant-2019-20 | Important Links,Funded Research-Grant-2024-25,104949,application/pdf,"Thu, 03 Jul 2025 08:36:13 GMT",2026-08-21T19:02:28.216080,1,SIES | GST,,general,f0024c2ff04ec3aa
https://siesgst.edu.in/images/Project 23-24.pdf,Project 23-24.pdf,https://siesgst.edu.in/funded-projects,SIES | GST,Funded Research-Grant-2024-25 Funded Research-Grant-2023-24 Funded Research-Grant-2022-23 Minor-Research-Grant-2020-21 Minor-Research-Grant-2019-20 | Important Links,Funded Research-Grant-2023-24,89334,application/pdf,"Tue, 25 Feb 2025 07:01:47 GMT",2026-08-21T19:02:28.396860,1,SIES | GST,,general,862e8ca6a658e2dc
https://siesgst.edu.in/images/funded project 22-23 (1).pdf,funded project 22-23 (1).pdf,https://siesgst.edu.in/funded-projects,SIES | GST,Funded Research-Grant-2024-25 Funded Research-Grant-2023-24 Funded Research-Grant-2022-23 Minor-Research-Grant-2020-21 Minor-Research-Grant-2019-20 | Important Links,Funded Research-Grant-2022-23,109984,application/pdf,"Fri, 19 Apr 2024 13:17:57 GMT",2026-08-21T19:02:28.573642,1,SIES | GST,,general,edd47a38b53cf96c
https://siesgst.edu.in/images/Research Grant 20-21.pdf,Research Grant 20-21.pdf,https://siesgst.edu.in/funded-projects,SIES | GST,Funded Research-Grant-2024-25 Funded Research-Grant-2023-24 Funded Research-Grant-2022-23 Minor-Research-Grant-2020-21 Minor-Research-Grant-2019-20 | Important Links,Minor-Research-Grant-2020-21,101100,application/pdf,"Thu, 11 May 2023 06:37:36 GMT",2026-08-21T19:02:28.754722,1,SIES | GST,,general,55fec6ecbd2ab84a
https://siesgst.edu.in/images/minor_search_grant_1920.pdf,minor_search_grant_1920.pdf,https://siesgst.edu.in/funded-projects,SIES | GST,Funded Research-Grant-2024-25 Funded Research-Grant-2023-24 Funded Research-Grant-2022-23 Minor-Research-Grant-2020-21 Minor-Research-Grant-2019-20 | Important Links,Minor-Research-Grant-2019-20,58694,application/pdf,"Tue, 23 Nov 2021 10:22:37 GMT",2026-08-21T19:02:28.935257,1,SIES | GST,,general,8121dac3d5652c22
https://siesgst.edu.in/images/PATENTS DATA 2024-25.pdf,PATENTS DATA 2024-25.pdf,https://siesgst.edu.in/ipr-cell-patent,SIES | GST,Patents Data 2024-25 | Important Links,Patents Data 2024-25,246516,application/pdf,"Thu, 03 Jul 2025 09:59:59 GMT",2026-08-21T19:02:31.540625,1,SIES | GST,,general,5f56d0b6ac99184f
https://siesgst.edu.in/images/Patent Data 2023-24.pdf,Patent Data 2023-24.pdf,https://siesgst.edu.in/ipr-cell-patent,SIES | GST,Patents Data 2023-24 | Important Links,Patents Data 2023-24,36170,application/pdf,"Thu, 03 Jul 2025 09:55:41 GMT",2026-08-21T19:02:31.719324,1,SIES | GST,,general,4ac292a90ddfe0b0
https://siesgst.edu.in/images/COPYRIGHTS DATA 2024-25.pdf,COPYRIGHTS DATA 2024-25.pdf,https://siesgst.edu.in/ipr-cell-copyrights,SIES | GST,Copyrights 2024-25 | Copyrights prior to 2023 | Important Links,Copyrights 2024-25,104979,application/pdf,"Thu, 03 Jul 2025 09:46:01 GMT",2026-08-21T19:02:33.156324,1,SIES | GST,,general,1f36549dbdf48720
https://siesgst.edu.in/images/Copyrights 2023-24.pdf,Copyrights 2023-24.pdf,https://siesgst.edu.in/ipr-cell-copyrights,SIES | GST,Copyrights 2023-24 | Copyrights prior to 2023 | Important Links,Copyrights 2023-24,34432,application/pdf,"Thu, 03 Jul 2025 09:46:47 GMT",2026-08-21T19:02:33.335918,1,SIES | GST,,general,fe0ff283c1080bb6
https://siesgst.edu.in/images/CONFERENCE DATA 2024-25.pdf,CONFERENCE DATA 2024-25.pdf,https://siesgst.edu.in/book-publications,SIES | GST,Conference Publications 2024-25 | Important Links,Conference Publications 2024-25,300221,application/pdf,"Thu, 03 Jul 2025 09:35:28 GMT",2026-08-21T19:02:34.774099,1,SIES | GST,Computer Engineering,event,ac2bec4ed3cc8a3c
"https://siesgst.edu.in/images/BOOK ,BOOK CHAPTER DATA 2024-25.pdf","BOOK ,BOOK CHAPTER DATA 2024-25.pdf",https://siesgst.edu.in/book-publications,SIES | GST,Book / Book-Chapter Publications 2024-25 | Important Links,Book / Book-Chapter Publications 2024-25,344945,application/pdf,"Thu, 03 Jul 2025 09:36:44 GMT",2026-08-21T19:02:34.953103,1,SIES | GST,,library,1238b93912b301d0
https://siesgst.edu.in/images/3.2.2 Book and Conference 2023-24.pdf,3.2.2 Book and Conference 2023-24.pdf,https://siesgst.edu.in/book-publications,SIES | GST,Book-Conference Publications 2023-24 | Important Links,Book-Conference Publications 2023-24,267721,application/pdf,"Tue, 25 Feb 2025 05:58:20 GMT",2026-08-21T19:02:35.129965,1,SIES | GST,Computer Engineering,event,1814f5f3625febe4
https://siesgst.edu.in/images/Books & conference paper 22-23 (1).pdf,Books & conference paper 22-23 (1).pdf,https://siesgst.edu.in/book-publications,SIES | GST,Book-Conference Publications 2022-23 | Important Links,Book-Conference Publications 2022-23,245632,application/pdf,"Fri, 19 Apr 2024 13:15:56 GMT",2026-08-21T19:02:35.306968,1,SIES | GST,Computer Engineering,event,b412ab0aa84ee215
https://siesgst.edu.in/images/2021-22_Book-Conference Publications.pdf,2021-22_Book-Conference Publications.pdf,https://siesgst.edu.in/book-publications,SIES | GST,Book-Conference Publications 2021-22 | Important Links,Book-Conference Publications 2021-22,120161,application/pdf,"Tue, 09 May 2023 09:17:30 GMT",2026-08-21T19:02:35.484002,1,SIES | GST,Computer Engineering,event,bdf7ea36e1a8ec65
https://siesgst.edu.in/images/2020-21_Book-Conference Publications.pdf,2020-21_Book-Conference Publications.pdf,https://siesgst.edu.in/book-publications,SIES | GST,Book-Conference Publications 2020-21 | Important Links,Book-Conference Publications 2020-21,116550,application/pdf,"Tue, 09 May 2023 09:17:56 GMT",2026-08-21T19:02:35.663200,1,SIES | GST,Computer Engineering,event,78128db8fc0aaf2a
https://siesgst.edu.in/images/JOURNALS DATA 2024-25.pdf,JOURNALS DATA 2024-25.pdf,https://siesgst.edu.in/journal-publications,SIES | GST,Journal Publications 2024-25 | Important Links,Journal Publications 2024-25,309859,application/pdf,"Thu, 03 Jul 2025 08:39:09 GMT",2026-08-21T19:02:37.192617,1,SIES | GST,,library,fac2696b6f4d3fc1
https://siesgst.edu.in/images/Journal paper 23-24 (1).pdf,Journal paper 23-24 (1).pdf,https://siesgst.edu.in/journal-publications,SIES | GST,Journal Publications 2023-24 | Important Links,Journal Publications 2023-24,225057,application/pdf,"Fri, 19 Apr 2024 13:20:21 GMT",2026-08-21T19:02:37.369584,1,SIES | GST,,library,85f6f9a7d9e32063
https://siesgst.edu.in/images/JOURNAL 2022-23 (1).pdf,JOURNAL 2022-23 (1).pdf,https://siesgst.edu.in/journal-publications,SIES | GST,Journal Publications 2022-23 | Important Links,Journal Publications 2022-23,796550,application/pdf,"Fri, 19 Apr 2024 13:19:37 GMT",2026-08-21T19:02:37.548245,1,SIES | GST,,library,583aa2f317cabffd
https://siesgst.edu.in/images/2021-22_Journal Publications.pdf,2021-22_Journal Publications.pdf,https://siesgst.edu.in/journal-publications,SIES | GST,Journal Publications 2021-22 | Important Links,Journal Publications 2021-22,128724,application/pdf,"Tue, 09 May 2023 09:07:50 GMT",2026-08-21T19:02:37.725939,1,SIES | GST,,library,c2dd7e399346eaf5
https://siesgst.edu.in/images/2020-21_Journal Publications .pdf,2020-21_Journal Publications .pdf,https://siesgst.edu.in/journal-publications,SIES | GST,Journal Publications 2020-21 | Important Links,Journal Publications 2020-21,164717,application/pdf,"Tue, 09 May 2023 09:03:41 GMT",2026-08-21T19:02:37.902280,1,SIES | GST,,library,30a62d17dfba282a
https://siesgst.edu.in/images/INDUSRTY PROJECTS 24-25.pdf,INDUSRTY PROJECTS 24-25.pdf,https://siesgst.edu.in/consultancy,SIES | GST,Consultancy/Industry Projects 2024-25 Consultancy/Industry Projects 2023-24 Live Projects 2024-25 Live Projects 2023-24 | Important Links,Consultancy/Industry Projects 2024-25,118985,application/pdf,"Thu, 03 Jul 2025 09:24:35 GMT",2026-08-21T19:02:41.151548,1,SIES | GST,,general,a522c1383bc22a10
https://siesgst.edu.in/images/Consultancy _ Live Projects.pdf,Consultancy _ Live Projects.pdf,https://siesgst.edu.in/consultancy,SIES | GST,Consultancy/Industry Projects 2024-25 Consultancy/Industry Projects 2023-24 Live Projects 2024-25 Live Projects 2023-24 | Important Links,Consultancy/Industry Projects 2023-24,47428,application/pdf,"Sat, 13 May 2023 08:28:08 GMT",2026-08-21T19:02:41.374784,1,SIES | GST,,general,169e009a90ea8421
https://siesgst.edu.in/images/LIVE PROJECTS 24-25.pdf,LIVE PROJECTS 24-25.pdf,https://siesgst.edu.in/consultancy,SIES | GST,Consultancy/Industry Projects 2024-25 Consultancy/Industry Projects 2023-24 Live Projects 2024-25 Live Projects 2023-24 | Important Links,,62996,application/pdf,"Thu, 03 Jul 2025 09:19:16 GMT",2026-08-21T19:02:41.581143,1,SIES | GST,,general,0f4ed61a6b5760dc
https://siesgst.edu.in/images/live projects 23-24 (2).pdf,live projects 23-24 (2).pdf,https://siesgst.edu.in/consultancy,SIES | GST,Consultancy/Industry Projects 2024-25 Consultancy/Industry Projects 2023-24 Live Projects 2024-25 Live Projects 2023-24 | Important Links,Live Projects 2023-24,113700,application/pdf,"Fri, 19 Apr 2024 13:22:21 GMT",2026-08-21T19:02:41.769564,1,SIES | GST,,general,02214f52e9694db8
https://siesgst.edu.in/images/SOP_STUDENT COUNCIL_SIESGST.pdf,SOP_STUDENT COUNCIL_SIESGST.pdf,https://siesgst.edu.in/student-council,SIES | GST,"SOP of Student
          Council | Important Links","SOP of Student
          Council",164635,application/pdf,"Sat, 12 Nov 2022 08:48:09 GMT",2026-08-21T19:02:43.198095,1,SIES | GST,,general,4e01b22412e78729
https://siesgst.edu.in/images/Core Council 2025-26.pdf,Core Council 2025-26.pdf,https://siesgst.edu.in/student-council,SIES | GST,"Core
                        Council Members 2025-26 | Important Links","Core
                        Council Members 2025-26",286218,application/pdf,"Wed, 02 Jul 2025 03:29:33 GMT",2026-08-21T19:02:43.376581,1,SIES | GST,,department,ede850d877900de3
https://siesgst.edu.in/images/2024-25 Core Council Members.pdf,2024-25 Core Council Members.pdf,https://siesgst.edu.in/student-council,SIES | GST,"Core
                        Council Members 2024-25 | Important Links","Core
                        Council Members 2024-25",306787,application/pdf,"Sat, 07 Dec 2024 04:02:05 GMT",2026-08-21T19:02:43.552276,1,SIES | GST,,department,a7afedcc5db99d54
https://siesgst.edu.in/images/2023-24 Core Council List.pdf,2023-24 Core Council List.pdf,https://siesgst.edu.in/student-council,SIES | GST,"Core
                        Council Members 2023-24 | Important Links","Core
                        Council Members 2023-24",523546,application/pdf,"Sat, 07 Dec 2024 04:01:39 GMT",2026-08-21T19:02:43.729175,1,SIES | GST,,department,33baf9874f32ce41
https://siesgst.edu.in/images/Core council members 2022-23.pdf,Core council members 2022-23.pdf,https://siesgst.edu.in/student-council,SIES | GST,"Core
                        Council Members 2022-23 | Important Links","Core
                        Council Members 2022-23",1285684,application/pdf,"Fri, 12 May 2023 05:05:53 GMT",2026-08-21T19:02:43.906222,1,SIES | GST,,department,366e8dd9e9cf87d2
https://siesgst.edu.in/images/Core council members 2021-22.pdf,Core council members 2021-22.pdf,https://siesgst.edu.in/student-council,SIES | GST,"Core
                        Council Members 2021-22 | Important Links","Core
                        Council Members 2021-22",78727,application/pdf,"Fri, 12 May 2023 05:06:38 GMT",2026-08-21T19:02:44.084210,1,SIES | GST,,department,1dc06f7d722cf3eb
https://siesgst.edu.in/images/Core council members 2020-21.pdf,Core council members 2020-21.pdf,https://siesgst.edu.in/student-council,SIES | GST,"Core
                        Council Members 2020-21 | Important Links","Core
                        Council Members 2020-21",457257,application/pdf,"Fri, 12 May 2023 05:07:09 GMT",2026-08-21T19:02:44.262488,1,SIES | GST,,department,27fe0a9f8f1046d1
https://siesgst.edu.in/images/2024-25 Tech Annual Report.pdf,2024-25 Tech Annual Report.pdf,https://siesgst.edu.in/student-council,SIES | GST,"Technical Report
                        2024-25 | Important Links","Technical Report
                        2024-25",2221939,application/pdf,"Sun, 29 Jun 2025 09:16:10 GMT",2026-08-21T19:02:44.453061,1,SIES | GST,,report,d9af38ff82946798
https://siesgst.edu.in/images/2023-24 Tech Annual Report.pdf,2023-24 Tech Annual Report.pdf,https://siesgst.edu.in/student-council,SIES | GST,"Technical Report
                        2023-24 | Important Links","Technical Report
                        2023-24",1350812,application/pdf,"Sun, 29 Jun 2025 09:16:17 GMT",2026-08-21T19:02:45.056186,1,SIES | GST,,report,ee33d8fcf5949901
https://siesgst.edu.in/images/2022-23 Tech Annual Report.pdf,2022-23 Tech Annual Report.pdf,https://siesgst.edu.in/student-council,SIES | GST,"Technical Report
                        2022-23 | Important Links","Technical Report
                        2022-23",2463221,application/pdf,"Sun, 29 Jun 2025 09:16:24 GMT",2026-08-21T19:02:45.257351,1,SIES | GST,,report,9d0fda484365c618
https://siesgst.edu.in/images/2021-22 Tech Annual Report.pdf,2021-22 Tech Annual Report.pdf,https://siesgst.edu.in/student-council,SIES | GST,"Technical Report
                        2021-22 | Important Links","Technical Report
                        2021-22",4217162,application/pdf,"Sun, 29 Jun 2025 09:16:30 GMT",2026-08-21T19:02:45.459465,1,SIES | GST,,report,37cf04524d15e39d
https://siesgst.edu.in/images/Sports and Cultural Photos 2024-25.pdf,Sports and Cultural Photos 2024-25.pdf,https://siesgst.edu.in/student-council,SIES | GST,"Sports and
                        Cultural Photos 2024-25 | Important Links","Sports and
                        Cultural Photos 2024-25",1326714,application/pdf,"Fri, 27 Jun 2025 13:14:49 GMT",2026-08-21T19:02:45.661235,1,SIES | GST,,general,4eda8e62bc4f3b3d
https://siesgst.edu.in/images/Sports and Cultural Photos 2023-24.pdf,Sports and Cultural Photos 2023-24.pdf,https://siesgst.edu.in/student-council,SIES | GST,"Sports and
                        Cultural Photos 2023-24 | Important Links","Sports and
                        Cultural Photos 2023-24",1522400,application/pdf,"Thu, 18 Apr 2024 09:27:19 GMT",2026-08-21T19:02:45.864370,1,SIES | GST,,general,1c1b357f11f46fbd
https://siesgst.edu.in/images/AQAR_2021-22/Events_Sports_and_Cultural_2021-2022.pdf,Events_Sports_and_Cultural_2021-2022.pdf,https://siesgst.edu.in/student-council,SIES | GST,Sports and Cultural Photos 2021-22 | Important Links,Sports and Cultural Photos 2021-22,2460074,application/pdf,"Mon, 05 Dec 2022 07:56:08 GMT",2026-08-21T19:02:46.075103,1,SIES | GST,,event,6d8897cd38840257
https://siesgst.edu.in/images/Events Sports _Cultural_2019-20.pdf,Events Sports _Cultural_2019-20.pdf,https://siesgst.edu.in/student-council,SIES | GST,Sports and Cultural Photo 2019-20 | Important Links,Sports and Cultural Photo 2019-20,1013994,application/pdf,"Thu, 08 Dec 2022 04:09:07 GMT",2026-08-21T19:02:46.277000,1,SIES | GST,,event,a52ed6051fbaea67
https://siesgst.edu.in/images/Events Sports _Cultural_2018-19.pdf,Events Sports _Cultural_2018-19.pdf,https://siesgst.edu.in/student-council,SIES | GST,Sports and Cultural Photo 2018-19 | Important Links,Sports and Cultural Photo 2018-19,670141,application/pdf,"Thu, 08 Dec 2022 04:09:01 GMT",2026-08-21T19:02:46.478740,1,SIES | GST,,event,c29d94e4a94d08ab
https://siesgst.edu.in/images/Events Sports _Cultural_2017-18.pdf,Events Sports _Cultural_2017-18.pdf,https://siesgst.edu.in/student-council,SIES | GST,Sports and Cultural Photo 2017-18 | Important Links,Sports and Cultural Photo 2017-18,933494,application/pdf,"Thu, 08 Dec 2022 04:08:57 GMT",2026-08-21T19:02:46.680707,1,SIES | GST,,event,48a4b7f97c819bfe
https://siesgst.edu.in/images/SPORTS ANNUAL REPORT 2024-25.pdf,SPORTS ANNUAL REPORT 2024-25.pdf,https://siesgst.edu.in/student-council,SIES | GST,"Sports Report
                        2024-25 | Important Links","Sports Report
                        2024-25",2886701,application/pdf,"Fri, 27 Jun 2025 13:28:13 GMT",2026-08-21T19:02:46.884030,1,SIES | GST,,report,2444d297e510ef5d
https://siesgst.edu.in/images/2023-24_Sports Report.pdf,2023-24_Sports Report.pdf,https://siesgst.edu.in/student-council,SIES | GST,"Sports Report
                        2023-24 | Important Links","Sports Report
                        2023-24",3919715,application/pdf,"Tue, 03 Sep 2024 07:08:52 GMT",2026-08-21T19:02:47.089817,1,SIES | GST,,report,e194d6fa16383be4
https://siesgst.edu.in/images/2022-23_Sports Annual Report.pdf,2022-23_Sports Annual Report.pdf,https://siesgst.edu.in/student-council,SIES | GST,"Sports
                        Report
                        2022-23 | Important Links","Sports
                        Report
                        2022-23",3124009,application/pdf,"Tue, 03 Sep 2024 07:08:26 GMT",2026-08-21T19:02:47.295903,1,SIES | GST,,report,f4fbf82c598039b7
https://siesgst.edu.in/images/2021-22_Sports report.pdf,2021-22_Sports report.pdf,https://siesgst.edu.in/student-council,SIES | GST,"Sports Report
                        2021-22 | Important Links","Sports Report
                        2021-22",1362795,application/pdf,"Tue, 03 Sep 2024 07:07:56 GMT",2026-08-21T19:02:47.497048,1,SIES | GST,,report,e458dd41f9476822
https://siesgst.edu.in/images/Cult_Annual Report 24-25.pdf,Cult_Annual Report 24-25.pdf,https://siesgst.edu.in/student-council,SIES | GST,"Cultural
                        Report 2024-25 | Important Links","Cultural
                        Report 2024-25",1031072,application/pdf,"Sun, 29 Jun 2025 08:10:38 GMT",2026-08-21T19:02:47.698404,1,SIES | GST,,report,73bbc378186074f3
https://siesgst.edu.in/images/2023-24- Cultural Annual Report.pdf,2023-24- Cultural Annual Report.pdf,https://siesgst.edu.in/student-council,SIES | GST,"Cultural
                        Report
                        2023-24 | Important Links","Cultural
                        Report
                        2023-24",917618,application/pdf,"Sun, 29 Jun 2025 08:10:36 GMT",2026-08-21T19:02:47.899905,1,SIES | GST,,report,9823ac4623cec9ae
https://siesgst.edu.in/images/2022-23_Cult Annual report.pdf,2022-23_Cult Annual report.pdf,https://siesgst.edu.in/student-council,SIES | GST,"Cultural
                        Report
                        2022-23 | Important Links","Cultural
                        Report
                        2022-23",1478024,application/pdf,"Tue, 03 Sep 2024 07:11:57 GMT",2026-08-21T19:02:48.103073,1,SIES | GST,,report,2446f5234955899c
https://siesgst.edu.in/images/2021-22_Cultural Report.pdf,2021-22_Cultural Report.pdf,https://siesgst.edu.in/student-council,SIES | GST,"Cultural
                        Report
                        2021-22 | Important Links","Cultural
                        Report
                        2021-22",1657032,application/pdf,"Tue, 03 Sep 2024 07:11:32 GMT",2026-08-21T19:02:48.415627,1,SIES | GST,,report,205bdda7525cbe25
https://siesgst.edu.in/images/MUN_Report_2024-25.pdf,MUN_Report_2024-25.pdf,https://siesgst.edu.in/student-council,SIES | GST,"Mun Report
                        2024-25 | Important Links","Mun Report
                        2024-25",1987415,application/pdf,"Fri, 27 Jun 2025 13:17:19 GMT",2026-08-21T19:02:48.618727,1,SIES | GST,,report,e7c3300c3317fab0
https://siesgst.edu.in/images/2023-24_MUN Report.pdf,2023-24_MUN Report.pdf,https://siesgst.edu.in/student-council,SIES | GST,"Mun Report
                        2023-24 | Important Links","Mun Report
                        2023-24",1038727,application/pdf,"Tue, 03 Sep 2024 07:14:54 GMT",2026-08-21T19:02:48.854192,1,SIES | GST,,report,cda0e04fc55362df
https://siesgst.edu.in/images/2022-23_MUN Report.pdf,2022-23_MUN Report.pdf,https://siesgst.edu.in/student-council,SIES | GST,"Mun Report
                        2022-23 | Important Links","Mun Report
                        2022-23",1385885,application/pdf,"Tue, 03 Sep 2024 07:14:00 GMT",2026-08-21T19:02:49.103845,1,SIES | GST,,report,19292aa1a43bf70c
https://siesgst.edu.in/images/2021-22_MUN Report.pdf,2021-22_MUN Report.pdf,https://siesgst.edu.in/student-council,SIES | GST,"Mun Report
                        2021-22 | Important Links","Mun Report
                        2021-22",1246260,application/pdf,"Tue, 03 Sep 2024 07:13:35 GMT",2026-08-21T19:02:49.306987,1,SIES | GST,,report,6765624bba964d88
https://siesgst.edu.in/images/SAMANVAY_26.pdf,SAMANVAY_26.pdf,https://siesgst.edu.in/student-council,SIES | GST,Samanvay 2026 | Important Links,Samanvay 2026,178126349,application/pdf,"Wed, 25 Feb 2026 07:52:31 GMT",2026-08-21T19:02:49.641433,1,SIES | GST,,general,f2eb8fce94d2d588
https://siesgst.edu.in/images/SAMANVAY_25.pdf,SAMANVAY_25.pdf,https://siesgst.edu.in/student-council,SIES | GST,Samanvay 2025 | Important Links,Samanvay 2025,4145898,application/pdf,"Fri, 07 Feb 2025 06:22:42 GMT",2026-08-21T19:02:49.844489,1,SIES | GST,,general,34f9aa71712b8259
https://siesgst.edu.in/images/SAMANVAY_24.pdf,SAMANVAY_24.pdf,https://siesgst.edu.in/student-council,SIES | GST,Samanvay 2024 | Important Links,Samanvay 2024,21240484,application/pdf,"Fri, 29 Nov 2024 03:39:51 GMT",2026-08-21T19:02:50.049400,1,SIES | GST,,general,96fb88d0759caf7e
https://siesgst.edu.in/images/Samanvay_23.pdf,Samanvay_23.pdf,https://siesgst.edu.in/student-council,SIES | GST,Samanvay 2023 | Important Links,Samanvay 2023,15005551,application/pdf,"Fri, 29 Nov 2024 03:41:06 GMT",2026-08-21T19:02:50.255136,1,SIES | GST,,general,dbbe3da393040574
https://siesgst.edu.in/docs/Samanvay_2022.pdf,Samanvay_2022.pdf,https://siesgst.edu.in/student-council,SIES | GST,Samanvay 2022 | Important Links,Samanvay 2022,302082386,application/pdf,"Thu, 15 Sep 2022 01:14:22 GMT",2026-08-21T19:02:50.458391,1,SIES | GST,,general,dd2030a65dd1bdee
https://siesgst.edu.in/docs/samanvay2020.pdf,samanvay2020.pdf,https://siesgst.edu.in/student-council,SIES | GST,Samanvay 2020 | Important Links,Samanvay 2020,399691741,application/pdf,"Thu, 12 Aug 2021 11:49:38 GMT",2026-08-21T19:02:50.661348,1,SIES | GST,,general,c8b004587b24da80
https://siesgst.edu.in/docs/TML_Gazette-2022.pdf,TML_Gazette-2022.pdf,https://siesgst.edu.in/student-council,SIES | GST,TML Gazette 2022 | Important Links,TML Gazette 2022,12244540,application/pdf,"Thu, 15 Sep 2022 01:16:33 GMT",2026-08-21T19:02:50.867607,1,SIES | GST,,general,a4a9960d2d7f75bd
https://siesgst.edu.in/docs/TML_gazette.pdf,TML_gazette.pdf,https://siesgst.edu.in/student-council,SIES | GST,"GST Gazette - TML
                        edition | Important Links","GST Gazette - TML
                        edition",9564252,application/pdf,"Thu, 12 Aug 2021 11:50:26 GMT",2026-08-21T19:02:51.073990,1,SIES | GST,,department,ca633aa4b93a0bc1
https://siesgst.edu.in/docs/End_Sem_Gazette_Volume_1.pdf,End_Sem_Gazette_Volume_1.pdf,https://siesgst.edu.in/student-council,SIES | GST,"End Sem
                        Gazette (SH20) | Important Links","End Sem
                        Gazette (SH20)",1882329,application/pdf,"Thu, 12 Aug 2021 11:44:49 GMT",2026-08-21T19:02:51.282043,1,SIES | GST,,department,2504d3b6360bf550
https://siesgst.edu.in/docs/International_pets_day.pdf,International_pets_day.pdf,https://siesgst.edu.in/student-council,SIES | GST,"International
                        Pets day | Important Links","International
                        Pets day",1638300,application/pdf,"Thu, 12 Aug 2021 11:45:54 GMT",2026-08-21T19:02:51.487591,1,SIES | GST,,general,df2994cd01fdc7fd
https://siesgst.edu.in/docs/MUN gazette.pdf,MUN gazette.pdf,https://siesgst.edu.in/student-council,SIES | GST,GST MUN Gazette | Important Links,GST MUN Gazette,1199540,application/pdf,"Thu, 12 Aug 2021 11:46:19 GMT",2026-08-21T19:02:51.693895,1,SIES | GST,,general,46b9257f8b042eda
https://siesgst.edu.in/docs/Republic Day Gazette.pdf,Republic Day Gazette.pdf,https://siesgst.edu.in/student-council,SIES | GST,"Republic day
                        Gazette | Important Links","Republic day
                        Gazette",619698,application/pdf,"Thu, 12 Aug 2021 11:46:41 GMT",2026-08-21T19:02:51.902806,1,SIES | GST,,general,6b7a69d30f97e399
https://siesgst.edu.in/docs/Student's Day Gazette.pdf,Student's Day Gazette.pdf,https://siesgst.edu.in/student-council,SIES | GST,"Student's day
                        Gazette | Important Links","Student's day
                        Gazette",896688,application/pdf,"Thu, 12 Aug 2021 11:50:08 GMT",2026-08-21T19:02:52.115218,1,SIES | GST,,general,8ecb87b2a455f88f
https://siesgst.edu.in/docs/Teacher's day gazette.pdf,Teacher's day gazette.pdf,https://siesgst.edu.in/student-council,SIES | GST,"Teacher's day
                        Gazette | Important Links","Teacher's day
                        Gazette",18719867,application/pdf,"Thu, 12 Aug 2021 11:50:16 GMT",2026-08-21T19:02:52.323902,1,SIES | GST,,general,f946b8661dfb7a12
https://siesgst.edu.in/docs/End Sem Gazette.pdf,End Sem Gazette.pdf,https://siesgst.edu.in/student-council,SIES | GST,"End Sem Gazette
                        (FH20) | Important Links","End Sem Gazette
                        (FH20)",1506519,application/pdf,"Thu, 12 Aug 2021 11:44:47 GMT",2026-08-21T19:02:52.532631,1,SIES | GST,,general,b762d977ef047c37
https://siesgst.edu.in/docs/covid19-gazette.pdf,covid19-gazette.pdf,https://siesgst.edu.in/student-council,SIES | GST,Covid-19 Gazette | Important Links,Covid-19 Gazette,59295997,application/pdf,"Thu, 12 Aug 2021 11:44:31 GMT",2026-08-21T19:02:52.741367,1,SIES | GST,,general,c194158d420cbd64
https://siesgst.edu.in/images/AQAR_2021-22/Extenstion_Activities_Instagram_Links.pdf,Extenstion_Activities_Instagram_Links.pdf,https://siesgst.edu.in/extensions,SIES | GST,Social media Links | Important Links,Social media Links,454665,application/pdf,"Mon, 14 Nov 2022 14:06:00 GMT",2026-08-21T19:02:58.749540,1,SIES | GST,,exam,2aa0f444458cb166
https://siesgst.edu.in/topbar/images/Annual report_2024-25.pdf,Annual report_2024-25.pdf,https://siesgst.edu.in/topbar/naac.php,SIES | GST,Annual Report | EXTENDED PROFILE | QIF Table | EXTENDED DVV | Findings of DVV and Related HEI response links | Findings of DVV and Related HEI response links-METRIC | Important Links,Annual Report,,text/html; charset=iso-8859-1,,2026-08-21T19:03:13.812286,1,SIES | GST,,report,9bfcc2be5f9eb244
https://siesgst.edu.in/topbar/images/MANDATORY DISCLOSURE April 2024.pdf,MANDATORY DISCLOSURE April 2024.pdf,https://siesgst.edu.in/topbar/naac.php,SIES | GST,Mandatory Disclosure | EXTENDED PROFILE | QIF Table | EXTENDED DVV | Findings of DVV and Related HEI response links | Findings of DVV and Related HEI response links-METRIC | Important Links,Mandatory Disclosure,,text/html; charset=iso-8859-1,,2026-08-21T19:03:14.004613,1,SIES | GST,,general,09d56156f921d884
https://siesgst.edu.in/naac/NAAC-SSR.pdf,NAAC-SSR.pdf,https://siesgst.edu.in/topbar/naac.php,SIES | GST,To download SSR Report click here: NAAC SSR | EXTENDED PROFILE | QIF Table | EXTENDED DVV | Findings of DVV and Related HEI response links | Findings of DVV and Related HEI response links-METRIC | Important Links,NAAC SSR,383010,application/pdf,"Mon, 24 Apr 2023 04:56:46 GMT",2026-08-21T19:03:14.213428,1,SIES | GST,,general,9bc8351d2c00ce8b
https://siesgst.edu.in/ssr-cycle2/MHCOGN100663.pdf,MHCOGN100663.pdf,https://siesgst.edu.in/topbar/naac.php,SIES | GST,Self Study Report | EXTENDED PROFILE | QIF Table | EXTENDED DVV | Findings of DVV and Related HEI response links | Findings of DVV and Related HEI response links-METRIC | Important Links,Self Study Report,1686568,application/pdf,"Wed, 05 Jul 2023 03:56:12 GMT",2026-08-21T19:03:14.418677,1,SIES | GST,,report,879c1791884ec74b
https://siesgst.edu.in/ssr-cycle2/Extended%20Profile/Students%20list%20last%20five%20years.pdf,Students%20list%20last%20five%20years.pdf,https://siesgst.edu.in/topbar/naac.php,SIES | GST,1.1 | EXTENDED PROFILE | QIF Table | EXTENDED DVV | Findings of DVV and Related HEI response links | Findings of DVV and Related HEI response links-METRIC | Important Links,1.1,28174,application/pdf,"Tue, 18 Apr 2023 11:04:24 GMT",2026-08-21T19:03:14.622778,1,SIES | GST,,general,3121d5af777216e1
https://siesgst.edu.in/ssr-cycle2/Extended%20Profile/ssr_ext_2.1.pdf,ssr_ext_2.1.pdf,https://siesgst.edu.in/topbar/naac.php,SIES | GST,2.1 2.2 | EXTENDED PROFILE | QIF Table | EXTENDED DVV | Findings of DVV and Related HEI response links | Findings of DVV and Related HEI response links-METRIC | Important Links,2.1,2534526,application/pdf,"Thu, 08 Jun 2023 15:40:21 GMT",2026-08-21T19:03:14.826766,1,SIES | GST,,general,398e420b23441315
https://siesgst.edu.in/ssr-cycle2/Extended%20Profile/ssr_ext_2.2.pdf,ssr_ext_2.2.pdf,https://siesgst.edu.in/topbar/naac.php,SIES | GST,2.1 2.2 | EXTENDED PROFILE | QIF Table | EXTENDED DVV | Findings of DVV and Related HEI response links | Findings of DVV and Related HEI response links-METRIC | Important Links,2.2,2056154,application/pdf,"Thu, 08 Jun 2023 15:40:16 GMT",2026-08-21T19:03:15.031454,1,SIES | GST,,general,dcf73d6c00ed060d
https://siesgst.edu.in/ssr-cycle2/Extended%20Profile/ssr_ext_3.1.pdf,ssr_ext_3.1.pdf,https://siesgst.edu.in/topbar/naac.php,SIES | GST,3.1 | EXTENDED PROFILE | QIF Table | EXTENDED DVV | Findings of DVV and Related HEI response links | Findings of DVV and Related HEI response links-METRIC | Important Links,3.1,3575204,application/pdf,"Thu, 08 Jun 2023 15:40:17 GMT",2026-08-21T19:03:15.237442,1,SIES | GST,,general,a9e6ab5f9ec41567
https://siesgst.edu.in/ssr-cycle2/Criteria1/1.1/1.1.1c/1.1_index_final.pdf,1.1_index_final.pdf,https://siesgst.edu.in/topbar/naac.php,SIES | GST,1.1 | EXTENDED PROFILE | QIF Table | EXTENDED DVV | Findings of DVV and Related HEI response links | Findings of DVV and Related HEI response links-METRIC | Important Links,1.1,147896,application/pdf,"Sat, 08 Apr 2023 05:48:57 GMT",2026-08-21T19:03:15.448025,1,SIES | GST,,exam,097fbaafab7d1a19
https://siesgst.edu.in/ssr-cycle2/Criteria1/1.2/NAAC%2023%20March%202023/1.2.1%20/1.2.1%20Links.pdf,1.2.1%20Links.pdf,https://siesgst.edu.in/topbar/naac.php,SIES | GST,1.2.1 | EXTENDED PROFILE | QIF Table | EXTENDED DVV | Findings of DVV and Related HEI response links | Findings of DVV and Related HEI response links-METRIC | Important Links,1.2.1,155831,application/pdf,"Tue, 28 Mar 2023 22:15:00 GMT",2026-08-21T19:03:15.681882,1,SIES | GST,,exam,14ac3b5e7c7d972c
https://siesgst.edu.in/ssr-cycle2/Criteria1/1.2/NAAC%2023%20March%202023/1.2.2/1.2.2%20Link%20for%20Supporting%20Documents.pdf,1.2.2%20Link%20for%20Supporting%20Documents.pdf,https://siesgst.edu.in/topbar/naac.php,SIES | GST,1.2.2 | EXTENDED PROFILE | QIF Table | EXTENDED DVV | Findings of DVV and Related HEI response links | Findings of DVV and Related HEI response links-METRIC | Important Links,1.2.2,226117,application/pdf,"Sat, 15 Apr 2023 05:25:23 GMT",2026-08-21T19:03:15.954990,1,SIES | GST,,exam,4f028501737d2a89
https://siesgst.edu.in/ssr-cycle2/Criteria1/1.3/1.3.1/1.3.1%20b-index.pdf,1.3.1%20b-index.pdf,https://siesgst.edu.in/topbar/naac.php,SIES | GST,1.3.1 | EXTENDED PROFILE | QIF Table | EXTENDED DVV | Findings of DVV and Related HEI response links | Findings of DVV and Related HEI response links-METRIC | Important Links,1.3.1,163768,application/pdf,"Mon, 10 Apr 2023 12:18:02 GMT",2026-08-21T19:03:16.166903,1,SIES | GST,,exam,5c137cf7a46bc556
https://siesgst.edu.in/ssr-cycle2/Criteria1/1.3/1.3.2%20new/1.3.2-Index-new.pdf,1.3.2-Index-new.pdf,https://siesgst.edu.in/topbar/naac.php,SIES | GST,1.3.2 | EXTENDED PROFILE | QIF Table | EXTENDED DVV | Findings of DVV and Related HEI response links | Findings of DVV and Related HEI response links-METRIC | Important Links,1.3.2,177981,application/pdf,"Sat, 15 Apr 2023 03:43:48 GMT",2026-08-21T19:03:16.386723,1,SIES | GST,,exam,f110f49509c72a5e
https://siesgst.edu.in/ssr-cycle2/Criteria1/1.4/a1.4.1-Index.pdf,a1.4.1-Index.pdf,https://siesgst.edu.in/topbar/naac.php,SIES | GST,1.4.1 | EXTENDED PROFILE | QIF Table | EXTENDED DVV | Findings of DVV and Related HEI response links | Findings of DVV and Related HEI response links-METRIC | Important Links,1.4.1,310399,application/pdf,"Wed, 12 Apr 2023 11:10:50 GMT",2026-08-21T19:03:16.609995,1,SIES | GST,,exam,6e23105d0612f538
https://siesgst.edu.in/ssr-cycle2/Criteria2/2.1/index%202.1%20(6).pdf,index%202.1%20(6).pdf,https://siesgst.edu.in/topbar/naac.php,SIES | GST,2.1.1 | EXTENDED PROFILE | QIF Table | EXTENDED DVV | Findings of DVV and Related HEI response links | Findings of DVV and Related HEI response links-METRIC | Important Links,2.1.1,324045,application/pdf,"Sat, 08 Apr 2023 09:20:15 GMT",2026-08-21T19:03:16.829551,1,SIES | GST,,exam,c5490cfe4e661a9c
https://siesgst.edu.in/ssr-cycle2/Criteria2/2.1/2.1.2_additional.pdf/2.1.1-2.1.2-Final-Copy.pdf,2.1.1-2.1.2-Final-Copy.pdf,https://siesgst.edu.in/topbar/naac.php,SIES | GST,2.1.2 | EXTENDED PROFILE | QIF Table | EXTENDED DVV | Findings of DVV and Related HEI response links | Findings of DVV and Related HEI response links-METRIC | Important Links,2.1.2,,text/html; charset=iso-8859-1,,2026-08-21T19:03:17.048229,1,SIES | GST,,exam,67f0658de9748b7c
https://siesgst.edu.in/ssr-cycle2/Criteria2/2.3/2.3-Teaching_Learning_Process.pdf,2.3-Teaching_Learning_Process.pdf,https://siesgst.edu.in/topbar/naac.php,SIES | GST,2.3.1 | EXTENDED PROFILE | QIF Table | EXTENDED DVV | Findings of DVV and Related HEI response links | Findings of DVV and Related HEI response links-METRIC | Important Links,2.3.1,7004026,application/pdf,"Thu, 23 Mar 2023 10:34:53 GMT",2026-08-21T19:03:17.264787,1,SIES | GST,Computer Engineering,exam,428093077fe1b33c
https://siesgst.edu.in/ssr-cycle2/Criteria2/2.4/2.4.1/AICTE_Sanctioned%20Letters%20and%20List%20of%20Faculties%20(1).pdf.pdf,AICTE_Sanctioned%20Letters%20and%20List%20of%20Faculties%20(1).pdf.pdf,https://siesgst.edu.in/topbar/naac.php,SIES | GST,2.4.1 | EXTENDED PROFILE | QIF Table | EXTENDED DVV | Findings of DVV and Related HEI response links | Findings of DVV and Related HEI response links-METRIC | Important Links,2.4.1,4364810,application/pdf,"Thu, 20 Apr 2023 06:04:15 GMT",2026-08-21T19:03:17.481858,1,SIES | GST,,exam,4fc14c2a527051b9
https://siesgst.edu.in/ssr-cycle2/Criteria2/2.4/2.4.2/2.4.2-Index%20(1).pdf,2.4.2-Index%20(1).pdf,https://siesgst.edu.in/topbar/naac.php,SIES | GST,2.4.2 | EXTENDED PROFILE | QIF Table | EXTENDED DVV | Findings of DVV and Related HEI response links | Findings of DVV and Related HEI response links-METRIC | Important Links,2.4.2,311121,application/pdf,"Sat, 08 Apr 2023 09:36:04 GMT",2026-08-21T19:03:17.699084,1,SIES | GST,,exam,423f85262867fa21
http://siesgst.edu.in/ssr-cycle2/Criteria2/2.5/criteria%202.5_proofs_with%20link.pdf,criteria%202.5_proofs_with%20link.pdf,https://siesgst.edu.in/topbar/naac.php,SIES | GST,2.5.1 | EXTENDED PROFILE | QIF Table | EXTENDED DVV | Findings of DVV and Related HEI response links | Findings of DVV and Related HEI response links-METRIC | Important Links,2.5.1,3191287,application/pdf,"Sat, 25 Mar 2023 10:20:10 GMT",2026-08-21T19:03:18.339966,1,SIES | GST,,exam,5d78d8030abc4755
https://siesgst.edu.in/ssr-cycle2/Criteria2/2.6/2.6.1/2.6.1%20with%20links.pdf,2.6.1%20with%20links.pdf,https://siesgst.edu.in/topbar/naac.php,SIES | GST,2.6.1 | EXTENDED PROFILE | QIF Table | EXTENDED DVV | Findings of DVV and Related HEI response links | Findings of DVV and Related HEI response links-METRIC | Important Links,2.6.1,1192404,application/pdf,"Wed, 22 Mar 2023 22:14:52 GMT",2026-08-21T19:03:18.758861,1,SIES | GST,,exam,a7e5a215e587ab05
https://siesgst.edu.in/ssr-cycle2/Criteria2/2.6/2.6.2/2.6.2%20process%20of%20CO-PO%20attainment%20final%20with%20links.pdf,2.6.2%20process%20of%20CO-PO%20attainment%20final%20with%20links.pdf,https://siesgst.edu.in/topbar/naac.php,SIES | GST,2.6.2 | EXTENDED PROFILE | QIF Table | EXTENDED DVV | Findings of DVV and Related HEI response links | Findings of DVV and Related HEI response links-METRIC | Important Links,2.6.2,3819258,application/pdf,"Wed, 22 Mar 2023 23:26:46 GMT",2026-08-21T19:03:18.968702,1,SIES | GST,Computer Engineering,exam,23e180a097d8f137
https://siesgst.edu.in/ssr-cycle2/Criteria2/2.6/2.6.3/2.6.3_%20Index.pdf,2.6.3_%20Index.pdf,https://siesgst.edu.in/topbar/naac.php,SIES | GST,2.6.3 | EXTENDED PROFILE | QIF Table | EXTENDED DVV | Findings of DVV and Related HEI response links | Findings of DVV and Related HEI response links-METRIC | Important Links,2.6.3,87384,application/pdf,"Mon, 03 Apr 2023 11:20:04 GMT",2026-08-21T19:03:19.182325,1,SIES | GST,,exam,db1bc3c2da8acd14
https://siesgst.edu.in/ssr-cycle2/Criteria3/3.1/3.1.1/3.1.1.a/Links%203.1%20Upload%20supporting%20documents.pdf,Links%203.1%20Upload%20supporting%20documents.pdf,https://siesgst.edu.in/topbar/naac.php,SIES | GST,3.1.1 | EXTENDED PROFILE | QIF Table | EXTENDED DVV | Findings of DVV and Related HEI response links | Findings of DVV and Related HEI response links-METRIC | Important Links,3.1.1,513127,application/pdf,"Sat, 25 Mar 2023 10:36:00 GMT",2026-08-21T19:03:19.400274,1,SIES | GST,,exam,9e68cc690e306522
https://siesgst.edu.in/ssr-cycle2/Criteria3/3.2/3.2.1/3.2.1.c/3.2.1_Extension%20activity.pdf,3.2.1_Extension%20activity.pdf,https://siesgst.edu.in/topbar/naac.php,SIES | GST,3.2.1 | EXTENDED PROFILE | QIF Table | EXTENDED DVV | Findings of DVV and Related HEI response links | Findings of DVV and Related HEI response links-METRIC | Important Links,3.2.1,423314,application/pdf,"Wed, 19 Apr 2023 01:40:28 GMT",2026-08-21T19:03:19.613365,1,SIES | GST,,exam,b2e6189be1b260f2
https://siesgst.edu.in/ssr-cycle2/3.2.2_supporting%20doc.pdf,3.2.2_supporting%20doc.pdf,https://siesgst.edu.in/topbar/naac.php,SIES | GST,3.2.2 | EXTENDED PROFILE | QIF Table | EXTENDED DVV | Findings of DVV and Related HEI response links | Findings of DVV and Related HEI response links-METRIC | Important Links,3.2.2,394734,application/pdf,"Sat, 10 Jun 2023 00:07:48 GMT",2026-08-21T19:03:19.837551,1,SIES | GST,,general,f3e57c2429ef12d8
http://siesgst.edu.in/ssr-cycle2/Criteria3/3.3/3.3.1%20New/3.3.1%20(a)%20sies-letter-head%5b5097%5d.pdf,3.3.1%20(a)%20sies-letter-head%5b5097%5d.pdf,https://siesgst.edu.in/topbar/naac.php,SIES | GST,3.3.1 | EXTENDED PROFILE | QIF Table | EXTENDED DVV | Findings of DVV and Related HEI response links | Findings of DVV and Related HEI response links-METRIC | Important Links,3.3.1,190737,application/pdf,"Sat, 15 Apr 2023 07:20:58 GMT",2026-08-21T19:03:20.240179,1,SIES | GST,,exam,e77efb8fa89d5bf4
http://siesgst.edu.in/ssr-cycle2/Criteria3/3.3/3.3.2%20New/3.3.2%20(a)%20Sies%20letter%20head.pdf,3.3.2%20(a)%20Sies%20letter%20head.pdf,https://siesgst.edu.in/topbar/naac.php,SIES | GST,3.3.2 | EXTENDED PROFILE | QIF Table | EXTENDED DVV | Findings of DVV and Related HEI response links | Findings of DVV and Related HEI response links-METRIC | Important Links,3.3.2,188775,application/pdf,"Wed, 12 Apr 2023 06:07:26 GMT",2026-08-21T19:03:20.659716,1,SIES | GST,,exam,d19885875ae5b982
https://siesgst.edu.in/images/3.4.2.c%20e-copy%20of%20the%20awards%202017-22.pdf,3.4.2.c%20e-copy%20of%20the%20awards%202017-22.pdf,https://siesgst.edu.in/topbar/naac.php,SIES | GST,3.4.2 | EXTENDED PROFILE | QIF Table | EXTENDED DVV | Findings of DVV and Related HEI response links | Findings of DVV and Related HEI response links-METRIC | Important Links,3.4.2,13314548,application/pdf,"Mon, 27 Mar 2023 15:35:56 GMT",2026-08-21T19:03:20.895622,1,SIES | GST,,general,6495cd6be16e56f6
https://siesgst.edu.in/ssr-cycle2/Criteria3/3%2C4/3.4%20Extension%20Activities%20(Index%20Page).pdf,3.4%20Extension%20Activities%20(Index%20Page).pdf,https://siesgst.edu.in/topbar/naac.php,SIES | GST,3.4.3 | EXTENDED PROFILE | QIF Table | EXTENDED DVV | Findings of DVV and Related HEI response links | Findings of DVV and Related HEI response links-METRIC | Important Links,3.4.3,195496,application/pdf,"Wed, 29 Mar 2023 09:24:15 GMT",2026-08-21T19:03:21.112917,1,SIES | GST,,exam,a148da352778fbca
https://siesgst.edu.in/ssr-cycle2/Criteria5/Mainlinkdoc/5.1.1%20letterheadMainlinkdocument.pdf,5.1.1%20letterheadMainlinkdocument.pdf,https://siesgst.edu.in/topbar/naac.php,SIES | GST,5.1.1 | EXTENDED PROFILE | QIF Table | EXTENDED DVV | Findings of DVV and Related HEI response links | Findings of DVV and Related HEI response links-METRIC | Important Links,5.1.1,177749,application/pdf,"Tue, 18 Apr 2023 03:11:52 GMT",2026-08-21T19:03:21.318135,1,SIES | GST,,exam,1ae0c478fa21b076
https://siesgst.edu.in/ssr-cycle2/Criteria5/Mainlinkdoc/5.1.2%20letterheadMainlinkdocument.pdf,5.1.2%20letterheadMainlinkdocument.pdf,https://siesgst.edu.in/topbar/naac.php,SIES | GST,5.1.2 | EXTENDED PROFILE | QIF Table | EXTENDED DVV | Findings of DVV and Related HEI response links | Findings of DVV and Related HEI response links-METRIC | Important Links,5.1.2,220523,application/pdf,"Tue, 18 Apr 2023 03:22:10 GMT",2026-08-21T19:03:21.524377,1,SIES | GST,,exam,f6d18565c035935e
https://siesgst.edu.in/ssr-cycle2/Criteria5/Mainlinkdoc/5.1.3%20letterheadMainlinkdocument.pdf,5.1.3%20letterheadMainlinkdocument.pdf,https://siesgst.edu.in/topbar/naac.php,SIES | GST,5.1.3 | EXTENDED PROFILE | QIF Table | EXTENDED DVV | Findings of DVV and Related HEI response links | Findings of DVV and Related HEI response links-METRIC | Important Links,5.1.3,211878,application/pdf,"Tue, 18 Apr 2023 03:27:46 GMT",2026-08-21T19:03:21.729677,1,SIES | GST,,exam,2896380a097fd2c9
https://siesgst.edu.in/ssr-cycle2/Criteria5/Mainlinkdoc/5.1.4%20letterheadMainlinkdocument.pdf,5.1.4%20letterheadMainlinkdocument.pdf,https://siesgst.edu.in/topbar/naac.php,SIES | GST,5.1.4 | EXTENDED PROFILE | QIF Table | EXTENDED DVV | Findings of DVV and Related HEI response links | Findings of DVV and Related HEI response links-METRIC | Important Links,5.1.4,222370,application/pdf,"Tue, 18 Apr 2023 17:46:48 GMT",2026-08-21T19:03:21.935590,1,SIES | GST,,exam,489e9376253633c3
https://siesgst.edu.in/ssr-cycle2/5.2.1%20letterheadMainlinkdocument.pdf,5.2.1%20letterheadMainlinkdocument.pdf,https://siesgst.edu.in/topbar/naac.php,SIES | GST,5.2.1 | EXTENDED PROFILE | QIF Table | EXTENDED DVV | Findings of DVV and Related HEI response links | Findings of DVV and Related HEI response links-METRIC | Important Links,5.2.1,127683,application/pdf,"Sat, 10 Jun 2023 11:33:45 GMT",2026-08-21T19:03:22.144442,1,SIES | GST,,department,fc26421bdeda9d13
https://siesgst.edu.in/ssr-cycle2/5.2.2%20letterheadMainlinkdocument.pdf,5.2.2%20letterheadMainlinkdocument.pdf,https://siesgst.edu.in/topbar/naac.php,SIES | GST,5.2.2 | EXTENDED PROFILE | QIF Table | EXTENDED DVV | Findings of DVV and Related HEI response links | Findings of DVV and Related HEI response links-METRIC | Important Links,5.2.2,429043,application/pdf,"Sat, 10 Jun 2023 00:07:48 GMT",2026-08-21T19:03:22.376430,1,SIES | GST,,department,25bdc59ebe885a91
https://siesgst.edu.in/ssr-cycle2/Criteria5/Mainlinkdoc/5.3.1%20Mail%20link%20document.pdf,5.3.1%20Mail%20link%20document.pdf,https://siesgst.edu.in/topbar/naac.php,SIES | GST,5.3.1 | EXTENDED PROFILE | QIF Table | EXTENDED DVV | Findings of DVV and Related HEI response links | Findings of DVV and Related HEI response links-METRIC | Important Links,5.3.1,177158,application/pdf,"Tue, 18 Apr 2023 18:22:58 GMT",2026-08-21T19:03:22.582438,1,SIES | GST,,exam,f01d2789fbca796e
https://siesgst.edu.in/ssr-cycle2/Criteria5/Mainlinkdoc/5.3.2%20Main%20link%20Document.pdf,5.3.2%20Main%20link%20Document.pdf,https://siesgst.edu.in/topbar/naac.php,SIES | GST,5.3.2 | EXTENDED PROFILE | QIF Table | EXTENDED DVV | Findings of DVV and Related HEI response links | Findings of DVV and Related HEI response links-METRIC | Important Links,5.3.2,174529,application/pdf,"Tue, 18 Apr 2023 04:08:26 GMT",2026-08-21T19:03:22.788036,1,SIES | GST,,exam,cd1739ee3d49416b
https://siesgst.edu.in/ssr-cycle2/Criteria5/Mainlinkdoc/5.4.1%20letterheadMainlinkdocument.pdf,5.4.1%20letterheadMainlinkdocument.pdf,https://siesgst.edu.in/topbar/naac.php,SIES | GST,5.4.1 | EXTENDED PROFILE | QIF Table | EXTENDED DVV | Findings of DVV and Related HEI response links | Findings of DVV and Related HEI response links-METRIC | Important Links,5.4.1,190555,application/pdf,"Tue, 18 Apr 2023 04:02:10 GMT",2026-08-21T19:03:22.997009,1,SIES | GST,,exam,c1f4410bacd2d88d
https://siesgst.edu.in/ssr-cycle2/Criteria6/6.1/6.1.1/6.1.1.b/6.1.1_index_final%20(1).pdf,6.1.1_index_final%20(1).pdf,https://siesgst.edu.in/topbar/naac.php,SIES | GST,6.1.1 | EXTENDED PROFILE | QIF Table | EXTENDED DVV | Findings of DVV and Related HEI response links | Findings of DVV and Related HEI response links-METRIC | Important Links,6.1.1,157261,application/pdf,"Sat, 25 Mar 2023 09:36:00 GMT",2026-08-21T19:03:23.202887,1,SIES | GST,,exam,eb10bd97468d3726
http://siesgst.edu.in/ssr-cycle2/Criteria6/6.2/6.2.1-25.3.2023/6.2.1_Index_for_SSR.pdf,6.2.1_Index_for_SSR.pdf,https://siesgst.edu.in/topbar/naac.php,SIES | GST,6.2 .1 | EXTENDED PROFILE | QIF Table | EXTENDED DVV | Findings of DVV and Related HEI response links | Findings of DVV and Related HEI response links-METRIC | Important Links,6.2 .1,37495,application/pdf,"Thu, 20 Apr 2023 10:26:24 GMT",2026-08-21T19:03:23.595356,1,SIES | GST,,exam,4327151bf4cc38d1
http://siesgst.edu.in/ssr-cycle2/Criteria6/6.2/6.2.2/6.2.2%20Index%20first%20page.pdf,6.2.2%20Index%20first%20page.pdf,https://siesgst.edu.in/topbar/naac.php,SIES | GST,6.2.2 | EXTENDED PROFILE | QIF Table | EXTENDED DVV | Findings of DVV and Related HEI response links | Findings of DVV and Related HEI response links-METRIC | Important Links,6.2.2,131538,application/pdf,"Wed, 12 Apr 2023 21:51:14 GMT",2026-08-21T19:03:24.046221,1,SIES | GST,,exam,703a77d4bd634481
http://siesgst.edu.in/ssr-cycle2/Criteria6/6.3/6.3.1/6.3.1_Index_for_SSR.pdf,6.3.1_Index_for_SSR.pdf,https://siesgst.edu.in/topbar/naac.php,SIES | GST,6.3.1 | EXTENDED PROFILE | QIF Table | EXTENDED DVV | Findings of DVV and Related HEI response links | Findings of DVV and Related HEI response links-METRIC | Important Links,6.3.1,325936,application/pdf,"Wed, 12 Apr 2023 09:05:29 GMT",2026-08-21T19:03:24.453909,1,SIES | GST,,exam,981e37b02fd9da50
http://siesgst.edu.in/ssr-cycle2/Criteria6/6.3/6.3.2/6.3.2_Index_for_SSR.pdf,6.3.2_Index_for_SSR.pdf,https://siesgst.edu.in/topbar/naac.php,SIES | GST,6.3.2 | EXTENDED PROFILE | QIF Table | EXTENDED DVV | Findings of DVV and Related HEI response links | Findings of DVV and Related HEI response links-METRIC | Important Links,6.3.2,341761,application/pdf,"Wed, 12 Apr 2023 09:05:47 GMT",2026-08-21T19:03:24.847468,1,SIES | GST,,exam,02bea30a89f568e0
http://siesgst.edu.in/ssr-cycle2/Criteria6/6.3/6.3.3/6.3.3_Index_for_SSR.pdf,6.3.3_Index_for_SSR.pdf,https://siesgst.edu.in/topbar/naac.php,SIES | GST,6.3.3 | EXTENDED PROFILE | QIF Table | EXTENDED DVV | Findings of DVV and Related HEI response links | Findings of DVV and Related HEI response links-METRIC | Important Links,6.3.3,344543,application/pdf,"Wed, 12 Apr 2023 09:06:04 GMT",2026-08-21T19:03:25.062428,1,SIES | GST,,exam,47a98230eea30c95
http://siesgst.edu.in/ssr-cycle2/Criteria6/6.4/6.4.1_SSR_2023/6.4.1_SSR_2023/6.4.1_(B)_SSR_additional_information_31.3.23.pdf,6.4.1_(B)_SSR_additional_information_31.3.23.pdf,https://siesgst.edu.in/topbar/naac.php,SIES | GST,6.4.1 | EXTENDED PROFILE | QIF Table | EXTENDED DVV | Findings of DVV and Related HEI response links | Findings of DVV and Related HEI response links-METRIC | Important Links,6.4.1,4216191,application/pdf,"Sat, 01 Apr 2023 08:26:35 GMT",2026-08-21T19:03:25.455172,1,SIES | GST,,exam,071bd0042224be06
http://siesgst.edu.in/ssr-cycle2/Criteria6/6.5/6.5%20index%20pages/6.5.1-%20index%20for%20web%20Link.pdf,6.5.1-%20index%20for%20web%20Link.pdf,https://siesgst.edu.in/topbar/naac.php,SIES | GST,6.5.1 | EXTENDED PROFILE | QIF Table | EXTENDED DVV | Findings of DVV and Related HEI response links | Findings of DVV and Related HEI response links-METRIC | Important Links,6.5.1,312206,application/pdf,"Mon, 03 Apr 2023 05:02:14 GMT",2026-08-21T19:03:25.871412,1,SIES | GST,,exam,b5c2ebf1fa075cca
http://siesgst.edu.in/ssr-cycle2/Criteria6/6.5/6.5%20index%20pages/6.5.2-%20index%20for%20web%20Link.pdf,6.5.2-%20index%20for%20web%20Link.pdf,https://siesgst.edu.in/topbar/naac.php,SIES | GST,6.5.2 | EXTENDED PROFILE | QIF Table | EXTENDED DVV | Findings of DVV and Related HEI response links | Findings of DVV and Related HEI response links-METRIC | Important Links,6.5.2,275842,application/pdf,"Mon, 03 Apr 2023 05:22:44 GMT",2026-08-21T19:03:26.271219,1,SIES | GST,,exam,6a6fcddfe5a19152
https://siesgst.edu.in/ssr-cycle2/Criteria7/7.1/7.1.1%20index%20with%20link.pdf,7.1.1%20index%20with%20link.pdf,https://siesgst.edu.in/topbar/naac.php,SIES | GST,7.1.1 | EXTENDED PROFILE | QIF Table | EXTENDED DVV | Findings of DVV and Related HEI response links | Findings of DVV and Related HEI response links-METRIC | Important Links,7.1.1,201069,application/pdf,"Tue, 18 Apr 2023 08:50:30 GMT",2026-08-21T19:03:26.478606,1,SIES | GST,,exam,931c71afd580d9f4
https://siesgst.edu.in/ssr-cycle2/Criteria7/7.1/7.1.2%20index%20with%20link_final.pdf,7.1.2%20index%20with%20link_final.pdf,https://siesgst.edu.in/topbar/naac.php,SIES | GST,7.1.2 | EXTENDED PROFILE | QIF Table | EXTENDED DVV | Findings of DVV and Related HEI response links | Findings of DVV and Related HEI response links-METRIC | Important Links,7.1.2,295875,application/pdf,"Thu, 13 Apr 2023 11:10:12 GMT",2026-08-21T19:03:27.104724,1,SIES | GST,,exam,10f44b8d254d2f3e
http://siesgst.edu.in/ssr-cycle2/Criteria7/7.2/7.2.1%20Index%20Summary.pdf,7.2.1%20Index%20Summary.pdf,https://siesgst.edu.in/topbar/naac.php,SIES | GST,7.2.1 | EXTENDED PROFILE | QIF Table | EXTENDED DVV | Findings of DVV and Related HEI response links | Findings of DVV and Related HEI response links-METRIC | Important Links,7.2.1,125307,application/pdf,"Fri, 30 Jun 2023 06:37:58 GMT",2026-08-21T19:03:27.505210,1,SIES | GST,,exam,96c1abbe276882fc
http://siesgst.edu.in/ssr-cycle2/Criteria7/7.3/7.3.1%20Index%20Summary.pdf,7.3.1%20Index%20Summary.pdf,https://siesgst.edu.in/topbar/naac.php,SIES | GST,7.3.1 | EXTENDED PROFILE | QIF Table | EXTENDED DVV | Findings of DVV and Related HEI response links | Findings of DVV and Related HEI response links-METRIC | Important Links,7.3.1,127805,application/pdf,"Tue, 18 Apr 2023 17:22:04 GMT",2026-08-21T19:03:27.914765,1,SIES | GST,,exam,075d5d56fb2d0fad
https://siesgst.edu.in/ssr-cycle2/DVV%20clarification/Ex_1.1.pdf,Ex_1.1.pdf,https://siesgst.edu.in/topbar/naac.php,SIES | GST,Ex_1.1 | EXTENDED PROFILE | QIF Table | EXTENDED DVV | Findings of DVV and Related HEI response links | Findings of DVV and Related HEI response links-METRIC | Important Links,Ex_1.1,436402,application/pdf,"Tue, 06 Jun 2023 21:06:50 GMT",2026-08-21T19:03:28.128434,1,SIES | GST,,general,eb25d4697de9785d
https://siesgst.edu.in/ssr-cycle2/DVV%20clarification/Ex_2.1.pdf,Ex_2.1.pdf,https://siesgst.edu.in/topbar/naac.php,SIES | GST,Ex_2.1 | EXTENDED PROFILE | QIF Table | EXTENDED DVV | Findings of DVV and Related HEI response links | Findings of DVV and Related HEI response links-METRIC | Important Links,Ex_2.1,2306563,application/pdf,"Tue, 06 Jun 2023 21:07:12 GMT",2026-08-21T19:03:28.342293,1,SIES | GST,,general,17a02f28989b0193
https://siesgst.edu.in/ssr-cycle2/DVV%20clarification/Ex_2.2.pdf,Ex_2.2.pdf,https://siesgst.edu.in/topbar/naac.php,SIES | GST,Ex_2.2 | EXTENDED PROFILE | QIF Table | EXTENDED DVV | Findings of DVV and Related HEI response links | Findings of DVV and Related HEI response links-METRIC | Important Links,Ex_2.2,366815,application/pdf,"Tue, 06 Jun 2023 21:07:40 GMT",2026-08-21T19:03:28.555884,1,SIES | GST,,general,86bdccbdee9f2ffa
https://siesgst.edu.in/ssr-cycle2/DVV%20clarification/Ex_3.1.pdf,Ex_3.1.pdf,https://siesgst.edu.in/topbar/naac.php,SIES | GST,Ex_3.1 | EXTENDED PROFILE | QIF Table | EXTENDED DVV | Findings of DVV and Related HEI response links | Findings of DVV and Related HEI response links-METRIC | Important Links,Ex_3.1,171276,application/pdf,"Tue, 06 Jun 2023 21:08:02 GMT",2026-08-21T19:03:28.769748,1,SIES | GST,,general,2656d7fb862bc80c
https://siesgst.edu.in/ssr-cycle2/DVV%20clarification/DVV_1.2.1.pdf,DVV_1.2.1.pdf,https://siesgst.edu.in/topbar/naac.php,SIES | GST,1.2.1 | EXTENDED PROFILE | QIF Table | EXTENDED DVV | Findings of DVV and Related HEI response links | Findings of DVV and Related HEI response links-METRIC | Important Links,1.2.1,873520,application/pdf,"Tue, 06 Jun 2023 21:09:26 GMT",2026-08-21T19:03:28.983226,1,SIES | GST,,general,388fa9c55dbf4269
https://siesgst.edu.in/ssr-cycle2/DVV%20clarification/DVV_1.2.2.pdf,DVV_1.2.2.pdf,https://siesgst.edu.in/topbar/naac.php,SIES | GST,1.2.2 | EXTENDED PROFILE | QIF Table | EXTENDED DVV | Findings of DVV and Related HEI response links | Findings of DVV and Related HEI response links-METRIC | Important Links,1.2.2,655322,application/pdf,"Tue, 06 Jun 2023 21:10:06 GMT",2026-08-21T19:03:29.229377,1,SIES | GST,,general,69d2b29aad9b4ec0
https://siesgst.edu.in/ssr-cycle2/DVV%20clarification/DVV_1.3.2.pdf,DVV_1.3.2.pdf,https://siesgst.edu.in/topbar/naac.php,SIES | GST,1.3.2 | EXTENDED PROFILE | QIF Table | EXTENDED DVV | Findings of DVV and Related HEI response links | Findings of DVV and Related HEI response links-METRIC | Important Links,1.3.2,661249,application/pdf,"Tue, 06 Jun 2023 21:10:36 GMT",2026-08-21T19:03:29.474803,1,SIES | GST,,general,659c4b5e078c2fcb
https://siesgst.edu.in/ssr-cycle2/DVV%20clarification/Dvv_1.4.1.pdf,Dvv_1.4.1.pdf,https://siesgst.edu.in/topbar/naac.php,SIES | GST,1.4.1 | EXTENDED PROFILE | QIF Table | EXTENDED DVV | Findings of DVV and Related HEI response links | Findings of DVV and Related HEI response links-METRIC | Important Links,1.4.1,128668,application/pdf,"Tue, 06 Jun 2023 21:10:58 GMT",2026-08-21T19:03:29.703945,1,SIES | GST,,general,d2fca3ca6666c8de
https://siesgst.edu.in/ssr-cycle2/DVV%20clarification/DVV_2.1.1.pdf,DVV_2.1.1.pdf,https://siesgst.edu.in/topbar/naac.php,SIES | GST,2.1.1 | EXTENDED PROFILE | QIF Table | EXTENDED DVV | Findings of DVV and Related HEI response links | Findings of DVV and Related HEI response links-METRIC | Important Links,2.1.1,583639,application/pdf,"Tue, 06 Jun 2023 21:11:58 GMT",2026-08-21T19:03:29.921987,1,SIES | GST,,general,7cbc135ca39728b0
https://siesgst.edu.in/ssr-cycle2/DVV%20clarification/DVV_2.1.2.pdf,DVV_2.1.2.pdf,https://siesgst.edu.in/topbar/naac.php,SIES | GST,2.1.2 | EXTENDED PROFILE | QIF Table | EXTENDED DVV | Findings of DVV and Related HEI response links | Findings of DVV and Related HEI response links-METRIC | Important Links,2.1.2,537394,application/pdf,"Tue, 06 Jun 2023 21:13:00 GMT",2026-08-21T19:03:30.136686,1,SIES | GST,,general,a0b3d44b56513caf
https://siesgst.edu.in/ssr-cycle2/DVV%20clarification/DVV_2.2.1.pdf,DVV_2.2.1.pdf,https://siesgst.edu.in/topbar/naac.php,SIES | GST,2.2.1 | EXTENDED PROFILE | QIF Table | EXTENDED DVV | Findings of DVV and Related HEI response links | Findings of DVV and Related HEI response links-METRIC | Important Links,2.2.1,222693,application/pdf,"Tue, 06 Jun 2023 21:13:38 GMT",2026-08-21T19:03:30.350685,1,SIES | GST,,general,403a5d95799fb26a
https://siesgst.edu.in/ssr-cycle2/DVV%20clarification/DVV_2.4.1.pdf,DVV_2.4.1.pdf,https://siesgst.edu.in/topbar/naac.php,SIES | GST,2.4.1 | EXTENDED PROFILE | QIF Table | EXTENDED DVV | Findings of DVV and Related HEI response links | Findings of DVV and Related HEI response links-METRIC | Important Links,2.4.1,567594,application/pdf,"Tue, 06 Jun 2023 21:14:06 GMT",2026-08-21T19:03:30.565340,1,SIES | GST,,general,1e62b5dd1c18f99e
https://siesgst.edu.in/ssr-cycle2/DVV%20clarification/DVV_2.4.2.pdf,DVV_2.4.2.pdf,https://siesgst.edu.in/topbar/naac.php,SIES | GST,2.4.2 | EXTENDED PROFILE | QIF Table | EXTENDED DVV | Findings of DVV and Related HEI response links | Findings of DVV and Related HEI response links-METRIC | Important Links,2.4.2,2893324,application/pdf,"Tue, 06 Jun 2023 21:14:32 GMT",2026-08-21T19:03:30.779888,1,SIES | GST,,general,dff0980eff197a2c
https://siesgst.edu.in/ssr-cycle2/DVV%20clarification/DVV_2.6.3.pdf,DVV_2.6.3.pdf,https://siesgst.edu.in/topbar/naac.php,SIES | GST,2.6.3 | EXTENDED PROFILE | QIF Table | EXTENDED DVV | Findings of DVV and Related HEI response links | Findings of DVV and Related HEI response links-METRIC | Important Links,2.6.3,595263,application/pdf,"Tue, 06 Jun 2023 21:15:02 GMT",2026-08-21T19:03:30.993420,1,SIES | GST,,general,20cc1e5f91d6fa5b
https://siesgst.edu.in/ssr-cycle2/DVV%20clarification/DVV_3.1.1.pdf,DVV_3.1.1.pdf,https://siesgst.edu.in/topbar/naac.php,SIES | GST,3.1.1 | EXTENDED PROFILE | QIF Table | EXTENDED DVV | Findings of DVV and Related HEI response links | Findings of DVV and Related HEI response links-METRIC | Important Links,3.1.1,427193,application/pdf,"Tue, 06 Jun 2023 21:15:34 GMT",2026-08-21T19:03:31.207590,1,SIES | GST,,general,0ce72575363c6ad3
https://siesgst.edu.in/ssr-cycle2/DVV%20clarification/DVV_3.2.2.pdf,DVV_3.2.2.pdf,https://siesgst.edu.in/topbar/naac.php,SIES | GST,3.2.2 | EXTENDED PROFILE | QIF Table | EXTENDED DVV | Findings of DVV and Related HEI response links | Findings of DVV and Related HEI response links-METRIC | Important Links,3.2.2,885080,application/pdf,"Tue, 06 Jun 2023 21:16:08 GMT",2026-08-21T19:03:31.437195,1,SIES | GST,,general,0f520f9fffcb333b
https://siesgst.edu.in/ssr-cycle2/DVV%20clarification/DVV_3.3.2.pdf,DVV_3.3.2.pdf,https://siesgst.edu.in/topbar/naac.php,SIES | GST,3.3.2 | EXTENDED PROFILE | QIF Table | EXTENDED DVV | Findings of DVV and Related HEI response links | Findings of DVV and Related HEI response links-METRIC | Important Links,3.3.2,165315,application/pdf,"Tue, 06 Jun 2023 21:16:54 GMT",2026-08-21T19:03:31.659828,1,SIES | GST,,general,87182eb6fdb8b8dd
https://siesgst.edu.in/ssr-cycle2/DVV%20clarification/DVV_3.4.3.pdf,DVV_3.4.3.pdf,https://siesgst.edu.in/topbar/naac.php,SIES | GST,3.4.3 | EXTENDED PROFILE | QIF Table | EXTENDED DVV | Findings of DVV and Related HEI response links | Findings of DVV and Related HEI response links-METRIC | Important Links,3.4.3,1107895,application/pdf,"Tue, 06 Jun 2023 21:17:26 GMT",2026-08-21T19:03:31.874498,1,SIES | GST,,general,456a74c996c7021f
https://siesgst.edu.in/ssr-cycle2/DVV%20clarification/DVV_3.5.1.pdf,DVV_3.5.1.pdf,https://siesgst.edu.in/topbar/naac.php,SIES | GST,3.5.1 | EXTENDED PROFILE | QIF Table | EXTENDED DVV | Findings of DVV and Related HEI response links | Findings of DVV and Related HEI response links-METRIC | Important Links,3.5.1,813452,application/pdf,"Tue, 06 Jun 2023 21:18:58 GMT",2026-08-21T19:03:32.091696,1,SIES | GST,,general,dd8da9221acbc801
https://siesgst.edu.in/ssr-cycle2/DVV%20clarification/DVV_4.1.2.pdf,DVV_4.1.2.pdf,https://siesgst.edu.in/topbar/naac.php,SIES | GST,4.1.2 | EXTENDED PROFILE | QIF Table | EXTENDED DVV | Findings of DVV and Related HEI response links | Findings of DVV and Related HEI response links-METRIC | Important Links,4.1.2,397906,application/pdf,"Tue, 06 Jun 2023 21:19:26 GMT",2026-08-21T19:03:32.305721,1,SIES | GST,,general,82392c81a28df01a
https://siesgst.edu.in/ssr-cycle2/DVV%20clarification/DVV_4.3.2.pdf,DVV_4.3.2.pdf,https://siesgst.edu.in/topbar/naac.php,SIES | GST,4.3.2 | EXTENDED PROFILE | QIF Table | EXTENDED DVV | Findings of DVV and Related HEI response links | Findings of DVV and Related HEI response links-METRIC | Important Links,4.3.2,583786,application/pdf,"Tue, 06 Jun 2023 21:20:22 GMT",2026-08-21T19:03:32.515921,1,SIES | GST,,general,6c04e0bfa2aa8049
https://siesgst.edu.in/ssr-cycle2/DVV%20clarification/DVV_4.4.1.pdf,DVV_4.4.1.pdf,https://siesgst.edu.in/topbar/naac.php,SIES | GST,4.4.1 | EXTENDED PROFILE | QIF Table | EXTENDED DVV | Findings of DVV and Related HEI response links | Findings of DVV and Related HEI response links-METRIC | Important Links,4.4.1,2477501,application/pdf,"Tue, 06 Jun 2023 21:21:04 GMT",2026-08-21T19:03:32.724894,1,SIES | GST,,general,4bf2f3349048e8ed
https://siesgst.edu.in/ssr-cycle2/DVV%20clarification/DVV_5.1.1.pdf,DVV_5.1.1.pdf,https://siesgst.edu.in/topbar/naac.php,SIES | GST,5.1.1 | EXTENDED PROFILE | QIF Table | EXTENDED DVV | Findings of DVV and Related HEI response links | Findings of DVV and Related HEI response links-METRIC | Important Links,5.1.1,107052,application/pdf,"Tue, 06 Jun 2023 21:21:44 GMT",2026-08-21T19:03:32.936644,1,SIES | GST,,general,f2f76d83f0bbb418
https://siesgst.edu.in/ssr-cycle2/DVV%20clarification/DVV_5.1.2.pdf,DVV_5.1.2.pdf,https://siesgst.edu.in/topbar/naac.php,SIES | GST,5.1.2 | EXTENDED PROFILE | QIF Table | EXTENDED DVV | Findings of DVV and Related HEI response links | Findings of DVV and Related HEI response links-METRIC | Important Links,5.1.2,985171,application/pdf,"Tue, 06 Jun 2023 21:22:42 GMT",2026-08-21T19:03:33.149652,1,SIES | GST,,general,77149024df871db5
https://siesgst.edu.in/ssr-cycle2/DVV%20clarification/DVV_5.1.3.pdf,DVV_5.1.3.pdf,https://siesgst.edu.in/topbar/naac.php,SIES | GST,5.1.3 | EXTENDED PROFILE | QIF Table | EXTENDED DVV | Findings of DVV and Related HEI response links | Findings of DVV and Related HEI response links-METRIC | Important Links,5.1.3,732778,application/pdf,"Tue, 06 Jun 2023 21:23:08 GMT",2026-08-21T19:03:33.362722,1,SIES | GST,,general,33c302fd1312f381
https://siesgst.edu.in/ssr-cycle2/DVV%20clarification/DVV_5.1.4.pdf,DVV_5.1.4.pdf,https://siesgst.edu.in/topbar/naac.php,SIES | GST,5.1.4 | EXTENDED PROFILE | QIF Table | EXTENDED DVV | Findings of DVV and Related HEI response links | Findings of DVV and Related HEI response links-METRIC | Important Links,5.1.4,108991,application/pdf,"Tue, 06 Jun 2023 21:23:38 GMT",2026-08-21T19:03:33.580714,1,SIES | GST,,general,7007bba09475b9b9
https://siesgst.edu.in/ssr-cycle2/DVV%20clarification/DVV_5.2.1.pdf,DVV_5.2.1.pdf,https://siesgst.edu.in/topbar/naac.php,SIES | GST,5.2.1 | EXTENDED PROFILE | QIF Table | EXTENDED DVV | Findings of DVV and Related HEI response links | Findings of DVV and Related HEI response links-METRIC | Important Links,5.2.1,310708,application/pdf,"Tue, 06 Jun 2023 21:24:14 GMT",2026-08-21T19:03:33.802874,1,SIES | GST,,general,c37b2fbd9c2d9f07
https://siesgst.edu.in/ssr-cycle2/DVV%20clarification/DVV_5.2.2.pdf,DVV_5.2.2.pdf,https://siesgst.edu.in/topbar/naac.php,SIES | GST,5.2.2 | EXTENDED PROFILE | QIF Table | EXTENDED DVV | Findings of DVV and Related HEI response links | Findings of DVV and Related HEI response links-METRIC | Important Links,5.2.2,302847,application/pdf,"Tue, 06 Jun 2023 21:24:50 GMT",2026-08-21T19:03:34.017493,1,SIES | GST,,general,945cc39f10a50ded
https://siesgst.edu.in/ssr-cycle2/DVV%20clarification/DVV_5.3.2.pdf,DVV_5.3.2.pdf,https://siesgst.edu.in/topbar/naac.php,SIES | GST,5.3.2 | EXTENDED PROFILE | QIF Table | EXTENDED DVV | Findings of DVV and Related HEI response links | Findings of DVV and Related HEI response links-METRIC | Important Links,5.3.2,588191,application/pdf,"Tue, 06 Jun 2023 21:25:44 GMT",2026-08-21T19:03:34.226630,1,SIES | GST,,general,3d4a1aee373e5d97
https://siesgst.edu.in/ssr-cycle2/DVV%20clarification/DVV_6.3.2.pdf,DVV_6.3.2.pdf,https://siesgst.edu.in/topbar/naac.php,SIES | GST,6.3.2 | EXTENDED PROFILE | QIF Table | EXTENDED DVV | Findings of DVV and Related HEI response links | Findings of DVV and Related HEI response links-METRIC | Important Links,6.3.2,240814,application/pdf,"Tue, 06 Jun 2023 21:26:20 GMT",2026-08-21T19:03:34.436129,1,SIES | GST,,general,26d07046e71c0034
https://siesgst.edu.in/ssr-cycle2/DVV%20clarification/DVV_6.3.3.pdf,DVV_6.3.3.pdf,https://siesgst.edu.in/topbar/naac.php,SIES | GST,6.3.3 | EXTENDED PROFILE | QIF Table | EXTENDED DVV | Findings of DVV and Related HEI response links | Findings of DVV and Related HEI response links-METRIC | Important Links,6.3.3,3934431,application/pdf,"Tue, 06 Jun 2023 21:27:10 GMT",2026-08-21T19:03:34.660740,1,SIES | GST,,general,6cabc96fcaffc1b4
https://siesgst.edu.in/images/NIRF DCS Report 2026.pdf,NIRF DCS Report 2026.pdf,https://siesgst.edu.in/nirf,SIES | GST,"Overview The National Institutional Ranking Framework (NIRF) was approved by the MHRD and launched by Honourable Minister of Human Resource Development on 29th September 2015.
This framework outlines a methodology to rank institutions across the country. The methodology draws from the overall recom",NIRF DCS Report 2026,46948,application/pdf,"Thu, 05 Feb 2026 08:29:54 GMT",2026-08-21T19:03:36.152069,1,SIES | GST,,report,5dbe5f651109198f
https://siesgst.edu.in/images/nirf2025.pdf,nirf2025.pdf,https://siesgst.edu.in/nirf,SIES | GST,"Overview The National Institutional Ranking Framework (NIRF) was approved by the MHRD and launched by Honourable Minister of Human Resource Development on 29th September 2015.
This framework outlines a methodology to rank institutions across the country. The methodology draws from the overall recom",NIRF DCS Report 2025,49820,application/pdf,"Tue, 21 Jan 2025 09:26:06 GMT",2026-08-21T19:03:36.352859,1,SIES | GST,,report,f78053d8ee3fab3a
https://siesgst.edu.in/images/NIRF DCS Report 2024 Overall.pdf,NIRF DCS Report 2024 Overall.pdf,https://siesgst.edu.in/nirf,SIES | GST,"Overview The National Institutional Ranking Framework (NIRF) was approved by the MHRD and launched by Honourable Minister of Human Resource Development on 29th September 2015.
This framework outlines a methodology to rank institutions across the country. The methodology draws from the overall recom",NIRF DCS Report 2024 Overall,834173,application/pdf,"Mon, 29 Jan 2024 03:55:57 GMT",2026-08-21T19:03:36.553533,1,SIES | GST,,report,c392b59de929a210
https://siesgst.edu.in/images/NIRF DCS Report 2024 Engineering.pdf,NIRF DCS Report 2024 Engineering.pdf,https://siesgst.edu.in/nirf,SIES | GST,"Overview The National Institutional Ranking Framework (NIRF) was approved by the MHRD and launched by Honourable Minister of Human Resource Development on 29th September 2015.
This framework outlines a methodology to rank institutions across the country. The methodology draws from the overall recom",NIRF DCS Report 2024,46158,application/pdf,"Mon, 29 Jan 2024 03:54:07 GMT",2026-08-21T19:03:36.755619,1,SIES | GST,,report,e34df9b1c29ca209
"https://siesgst.edu.in/images/All Report-MHRD, National Institutional Ranking Framework (NIRF)final 2021-22.pdf","All Report-MHRD, National Institutional Ranking Framework (NIRF)final 2021-22.pdf",https://siesgst.edu.in/nirf,SIES | GST,"Overview The National Institutional Ranking Framework (NIRF) was approved by the MHRD and launched by Honourable Minister of Human Resource Development on 29th September 2015.
This framework outlines a methodology to rank institutions across the country. The methodology draws from the overall recom",NIRF DCS Report 2023,784972,application/pdf,"Tue, 31 Jan 2023 10:54:13 GMT",2026-08-21T19:03:36.958887,1,SIES | GST,,exam,db37704193ccb358
https://siesgst.edu.in/images/NIRF_2022.pdf,NIRF_2022.pdf,https://siesgst.edu.in/nirf,SIES | GST,"Overview The National Institutional Ranking Framework (NIRF) was approved by the MHRD and launched by Honourable Minister of Human Resource Development on 29th September 2015.
This framework outlines a methodology to rank institutions across the country. The methodology draws from the overall recom",NIRF DCS Report 2022,27426,application/pdf,"Tue, 30 Aug 2022 05:17:06 GMT",2026-08-21T19:03:37.160696,1,SIES | GST,,report,38b10629a2ab0d38
https://siesgst.edu.in/images/NIRF-2021-SIES Graduate School of Technology20210926-.pdf,NIRF-2021-SIES Graduate School of Technology20210926-.pdf,https://siesgst.edu.in/nirf,SIES | GST,"Overview The National Institutional Ranking Framework (NIRF) was approved by the MHRD and launched by Honourable Minister of Human Resource Development on 29th September 2015.
This framework outlines a methodology to rank institutions across the country. The methodology draws from the overall recom",NIRF DCS Report 2021,45760,application/pdf,"Tue, 21 Mar 2023 14:49:00 GMT",2026-08-21T19:03:37.364464,1,SIES | GST,,report,0b1535ec8a49e2a9
https://siesgst.edu.in/images/iqac_mom/MOM March'25.pdf,MOM March'25.pdf,https://siesgst.edu.in/iqac,SIES | GST,"25th IQAC meeting March 06, 2025 24th IQAC meeting December 13, 2024 23nd IQAC meeting Oct 24, 2024 | About | IQAC OBJECTIVES | IQAC FUNCTIONS | IQAC Committee | Roles and Responsibilities: | Frequency of Meetings: | IQAC Meetings | Important Links","25th IQAC meeting March 06, 2025",1587920,application/pdf,"Mon, 30 Jun 2025 10:53:24 GMT",2026-08-21T19:03:39.192757,1,SIES | GST,,department,07785fb7d732bfc9
https://siesgst.edu.in/images/IQAC_Meetings/MOM DEC'24.pdf,MOM DEC'24.pdf,https://siesgst.edu.in/iqac,SIES | GST,"25th IQAC meeting March 06, 2025 24th IQAC meeting December 13, 2024 23nd IQAC meeting Oct 24, 2024 | About | IQAC OBJECTIVES | IQAC FUNCTIONS | IQAC Committee | Roles and Responsibilities: | Frequency of Meetings: | IQAC Meetings | Important Links","24th IQAC meeting December 13, 2024",1471347,application/pdf,"Fri, 21 Mar 2025 06:07:04 GMT",2026-08-21T19:03:39.405810,1,SIES | GST,Computer Engineering,department,9cb206f3457edb30
https://siesgst.edu.in/images/iqac_mom/MOM OCT'24.pdf,MOM OCT'24.pdf,https://siesgst.edu.in/iqac,SIES | GST,"25th IQAC meeting March 06, 2025 24th IQAC meeting December 13, 2024 23nd IQAC meeting Oct 24, 2024 | About | IQAC OBJECTIVES | IQAC FUNCTIONS | IQAC Committee | Roles and Responsibilities: | Frequency of Meetings: | IQAC Meetings | Important Links","23nd IQAC meeting Oct 24, 2024",1488609,application/pdf,"Fri, 20 Dec 2024 06:05:08 GMT",2026-08-21T19:03:39.621731,1,SIES | GST,,department,c9c6666479538e51
https://siesgst.edu.in/images/iqac_mom/MOM JUNE'24.pdf,MOM JUNE'24.pdf,https://siesgst.edu.in/iqac,SIES | GST,"22nd IQAC meeting June 28, 2024 21st IQAC meeting March 01, 2024 20th IQAC meeting Dec 13, 2023 19th IQAC meeting Oct 20, 2023 | About | IQAC OBJECTIVES | IQAC FUNCTIONS | IQAC Committee | Roles and Responsibilities: | Frequency of Meetings: | IQAC Meetings | Important Links","22nd IQAC meeting June 28, 2024",1509368,application/pdf,"Wed, 27 Nov 2024 03:50:53 GMT",2026-08-21T19:03:39.842148,1,SIES | GST,,department,2f5f70d88820339e
https://siesgst.edu.in/images/MOM March'24.pdf,MOM March'24.pdf,https://siesgst.edu.in/iqac,SIES | GST,"22nd IQAC meeting June 28, 2024 21st IQAC meeting March 01, 2024 20th IQAC meeting Dec 13, 2023 19th IQAC meeting Oct 20, 2023 | About | IQAC OBJECTIVES | IQAC FUNCTIONS | IQAC Committee | Roles and Responsibilities: | Frequency of Meetings: | IQAC Meetings | Important Links","21st IQAC meeting March 01, 2024",1354417,application/pdf,"Thu, 18 Apr 2024 16:06:15 GMT",2026-08-21T19:03:40.059785,1,SIES | GST,,department,d0c638526d4222d8
https://siesgst.edu.in/images/iqac_mom/MOM_Dec'23.pdf,MOM_Dec'23.pdf,https://siesgst.edu.in/iqac,SIES | GST,"22nd IQAC meeting June 28, 2024 21st IQAC meeting March 01, 2024 20th IQAC meeting Dec 13, 2023 19th IQAC meeting Oct 20, 2023 | About | IQAC OBJECTIVES | IQAC FUNCTIONS | IQAC Committee | Roles and Responsibilities: | Frequency of Meetings: | IQAC Meetings | Important Links","20th IQAC meeting Dec 13, 2023",1089978,application/pdf,"Fri, 01 Mar 2024 01:38:47 GMT",2026-08-21T19:03:40.268020,1,SIES | GST,,department,adde3f0a21ef2d7d
https://siesgst.edu.in/images/iqac_mom/MOM_Oct'2023.pdf,MOM_Oct'2023.pdf,https://siesgst.edu.in/iqac,SIES | GST,"22nd IQAC meeting June 28, 2024 21st IQAC meeting March 01, 2024 20th IQAC meeting Dec 13, 2023 19th IQAC meeting Oct 20, 2023 | About | IQAC OBJECTIVES | IQAC FUNCTIONS | IQAC Committee | Roles and Responsibilities: | Frequency of Meetings: | IQAC Meetings | Important Links","19th IQAC meeting Oct 20, 2023",1732676,application/pdf,"Wed, 17 Jan 2024 04:11:23 GMT",2026-08-21T19:03:40.476163,1,SIES | GST,,department,e23b6b12d50e97a4
https://siesgst.edu.in/images/iqac_mom/MOM's_June2023.pdf,MOM's_June2023.pdf,https://siesgst.edu.in/iqac,SIES | GST,"18th IQAC Meeting June 27, 2023 17th IQAC Meeting Feb 25, 2023 16th IQAC Meeting Nov 16, 2022 15th IQAC Meeting Aug 25, 2022 | About | IQAC OBJECTIVES | IQAC FUNCTIONS | IQAC Committee | Roles and Responsibilities: | Frequency of Meetings: | IQAC Meetings | Important Links","18th IQAC Meeting June 27, 2023",1392896,application/pdf,"Tue, 12 Sep 2023 03:44:03 GMT",2026-08-21T19:03:40.686121,1,SIES | GST,,department,35347921c615acbc
https://siesgst.edu.in/images/MoM_Feb'2023.pdf,MoM_Feb'2023.pdf,https://siesgst.edu.in/iqac,SIES | GST,"18th IQAC Meeting June 27, 2023 17th IQAC Meeting Feb 25, 2023 16th IQAC Meeting Nov 16, 2022 15th IQAC Meeting Aug 25, 2022 | About | IQAC OBJECTIVES | IQAC FUNCTIONS | IQAC Committee | Roles and Responsibilities: | Frequency of Meetings: | IQAC Meetings | Important Links","17th IQAC Meeting Feb 25, 2023",1404417,application/pdf,"Thu, 22 Jun 2023 06:00:38 GMT",2026-08-21T19:03:40.893685,1,SIES | GST,,department,5113e24d522fa2a3
https://siesgst.edu.in/images/iqac_mom/MoM_Nov'2022.pdf,MoM_Nov'2022.pdf,https://siesgst.edu.in/iqac,SIES | GST,"18th IQAC Meeting June 27, 2023 17th IQAC Meeting Feb 25, 2023 16th IQAC Meeting Nov 16, 2022 15th IQAC Meeting Aug 25, 2022 | About | IQAC OBJECTIVES | IQAC FUNCTIONS | IQAC Committee | Roles and Responsibilities: | Frequency of Meetings: | IQAC Meetings | Important Links","16th IQAC Meeting Nov 16, 2022",1915901,application/pdf,"Mon, 20 Feb 2023 06:22:09 GMT",2026-08-21T19:03:41.101468,1,SIES | GST,,department,ed0b6328242fa016
https://siesgst.edu.in/images/iqac_mom/MoM_Aug 2022.pdf,MoM_Aug 2022.pdf,https://siesgst.edu.in/iqac,SIES | GST,"18th IQAC Meeting June 27, 2023 17th IQAC Meeting Feb 25, 2023 16th IQAC Meeting Nov 16, 2022 15th IQAC Meeting Aug 25, 2022 | About | IQAC OBJECTIVES | IQAC FUNCTIONS | IQAC Committee | Roles and Responsibilities: | Frequency of Meetings: | IQAC Meetings | Important Links","15th IQAC Meeting Aug 25, 2022",1713063,application/pdf,"Mon, 20 Feb 2023 06:21:00 GMT",2026-08-21T19:03:41.308889,1,SIES | GST,,department,9cfd0a9e3f1e8d95
https://siesgst.edu.in/images/iqac_mom/MoM_April 2022.pdf,MoM_April 2022.pdf,https://siesgst.edu.in/iqac,SIES | GST,"14th IQAC Meeting April 7, 2022 13th IQAC Meeting Oct 30, 2021 | About | IQAC OBJECTIVES | IQAC FUNCTIONS | IQAC Committee | Roles and Responsibilities: | Frequency of Meetings: | IQAC Meetings | Important Links","14th IQAC Meeting April 7, 2022",2233519,application/pdf,"Mon, 20 Feb 2023 06:19:34 GMT",2026-08-21T19:03:41.519075,1,SIES | GST,,department,81aef449b0b1536d
https://siesgst.edu.in/images/iqac_mom/MoM_oct 2021.pdf,MoM_oct 2021.pdf,https://siesgst.edu.in/iqac,SIES | GST,"14th IQAC Meeting April 7, 2022 13th IQAC Meeting Oct 30, 2021 | About | IQAC OBJECTIVES | IQAC FUNCTIONS | IQAC Committee | Roles and Responsibilities: | Frequency of Meetings: | IQAC Meetings | Important Links","13th IQAC Meeting Oct 30, 2021",1631045,application/pdf,"Mon, 20 Feb 2023 06:18:56 GMT",2026-08-21T19:03:41.727332,1,SIES | GST,,department,3c918f8342219772
https://siesgst.edu.in/images/iqac_mom/MoM_may 2021.pdf,MoM_may 2021.pdf,https://siesgst.edu.in/iqac,SIES | GST,"12th IQAC Meeting May 8, 2021 11th IQAC Meeting Jan 30, 2021 10th IQAC Meeting Nov 21, 2020 | About | IQAC OBJECTIVES | IQAC FUNCTIONS | IQAC Committee | Roles and Responsibilities: | Frequency of Meetings: | IQAC Meetings | Important Links","12th IQAC Meeting May 8, 2021",1183308,application/pdf,"Mon, 20 Feb 2023 06:17:50 GMT",2026-08-21T19:03:41.933866,1,SIES | GST,,department,bfc4d550e3ed5fa5
https://siesgst.edu.in/images/iqac_mom/MoM_jan 2021.pdf,MoM_jan 2021.pdf,https://siesgst.edu.in/iqac,SIES | GST,"12th IQAC Meeting May 8, 2021 11th IQAC Meeting Jan 30, 2021 10th IQAC Meeting Nov 21, 2020 | About | IQAC OBJECTIVES | IQAC FUNCTIONS | IQAC Committee | Roles and Responsibilities: | Frequency of Meetings: | IQAC Meetings | Important Links","11th IQAC Meeting Jan 30, 2021",1659762,application/pdf,"Mon, 20 Feb 2023 06:17:12 GMT",2026-08-21T19:03:42.141451,1,SIES | GST,,department,b6116d263e6191ed
https://siesgst.edu.in/images/iqac_mom/MoM_Nov 2020.pdf,MoM_Nov 2020.pdf,https://siesgst.edu.in/iqac,SIES | GST,"12th IQAC Meeting May 8, 2021 11th IQAC Meeting Jan 30, 2021 10th IQAC Meeting Nov 21, 2020 | About | IQAC OBJECTIVES | IQAC FUNCTIONS | IQAC Committee | Roles and Responsibilities: | Frequency of Meetings: | IQAC Meetings | Important Links","10th IQAC Meeting Nov 21, 2020",1263034,application/pdf,"Mon, 20 Feb 2023 06:16:36 GMT",2026-08-21T19:03:42.350281,1,SIES | GST,,department,7f96f620a5cc0047
https://siesgst.edu.in/images/iqac_mom/MoM_June 2020.pdf,MoM_June 2020.pdf,https://siesgst.edu.in/iqac,SIES | GST,"9th IQAC Meeting June 27, 2020 8th IQAC Meeting March 14, 2020 7th IQAC Meeting Oct 19, 2019 6th IQAC Meeting Sep 21, 2019 | About | IQAC OBJECTIVES | IQAC FUNCTIONS | IQAC Committee | Roles and Responsibilities: | Frequency of Meetings: | IQAC Meetings | Important Links","9th IQAC Meeting June 27, 2020",1645031,application/pdf,"Mon, 20 Feb 2023 06:14:56 GMT",2026-08-21T19:03:42.560868,1,SIES | GST,,department,a9585f6243835248
https://siesgst.edu.in/images/iqac_mom/MoM_march 2020.pdf,MoM_march 2020.pdf,https://siesgst.edu.in/iqac,SIES | GST,"9th IQAC Meeting June 27, 2020 8th IQAC Meeting March 14, 2020 7th IQAC Meeting Oct 19, 2019 6th IQAC Meeting Sep 21, 2019 | About | IQAC OBJECTIVES | IQAC FUNCTIONS | IQAC Committee | Roles and Responsibilities: | Frequency of Meetings: | IQAC Meetings | Important Links","8th IQAC Meeting March 14, 2020",1079255,application/pdf,"Mon, 20 Feb 2023 06:14:19 GMT",2026-08-21T19:03:42.774290,1,SIES | GST,,department,0a8d7b509824bc27
https://siesgst.edu.in/images/iqac_mom/MoM_Oct 2019.pdf,MoM_Oct 2019.pdf,https://siesgst.edu.in/iqac,SIES | GST,"9th IQAC Meeting June 27, 2020 8th IQAC Meeting March 14, 2020 7th IQAC Meeting Oct 19, 2019 6th IQAC Meeting Sep 21, 2019 | About | IQAC OBJECTIVES | IQAC FUNCTIONS | IQAC Committee | Roles and Responsibilities: | Frequency of Meetings: | IQAC Meetings | Important Links","7th IQAC Meeting Oct 19, 2019",1407112,application/pdf,"Mon, 20 Feb 2023 06:13:44 GMT",2026-08-21T19:03:42.982773,1,SIES | GST,,department,2bf9bcc2746bbe6d
https://siesgst.edu.in/images/iqac_mom/MoM_Sep 2019.pdf,MoM_Sep 2019.pdf,https://siesgst.edu.in/iqac,SIES | GST,"9th IQAC Meeting June 27, 2020 8th IQAC Meeting March 14, 2020 7th IQAC Meeting Oct 19, 2019 6th IQAC Meeting Sep 21, 2019 | About | IQAC OBJECTIVES | IQAC FUNCTIONS | IQAC Committee | Roles and Responsibilities: | Frequency of Meetings: | IQAC Meetings | Important Links","6th IQAC Meeting Sep 21, 2019",1606754,application/pdf,"Mon, 20 Feb 2023 06:13:02 GMT",2026-08-21T19:03:43.191227,1,SIES | GST,,department,7d8467aa55e51c2f
https://siesgst.edu.in/images/iqac_mom/MoM_June 2019.pdf,MoM_June 2019.pdf,https://siesgst.edu.in/iqac,SIES | GST,"5th IQAC Meeting June 29, 2019 4th IQAC Meeting Sep 29, 2018 | About | IQAC OBJECTIVES | IQAC FUNCTIONS | IQAC Committee | Roles and Responsibilities: | Frequency of Meetings: | IQAC Meetings | Important Links","5th IQAC Meeting June 29, 2019",1175578,application/pdf,"Mon, 20 Feb 2023 06:12:13 GMT",2026-08-21T19:03:43.399091,1,SIES | GST,,department,583baa93ccc99a0d
https://siesgst.edu.in/images/iqac_mom/MoM_Sep 2018.pdf,MoM_Sep 2018.pdf,https://siesgst.edu.in/iqac,SIES | GST,"5th IQAC Meeting June 29, 2019 4th IQAC Meeting Sep 29, 2018 | About | IQAC OBJECTIVES | IQAC FUNCTIONS | IQAC Committee | Roles and Responsibilities: | Frequency of Meetings: | IQAC Meetings | Important Links","4th IQAC Meeting Sep 29, 2018",1305589,application/pdf,"Mon, 20 Feb 2023 06:10:52 GMT",2026-08-21T19:03:43.607264,1,SIES | GST,,department,46c2aabdd8d1c7e5
https://siesgst.edu.in/images/iqac_mom/MoM_June 2018.pdf,MoM_June 2018.pdf,https://siesgst.edu.in/iqac,SIES | GST,"3rd IQAC Meeting June 9, 2018 2nd IQAC Meeting Dec 2, 2017 1st IQAC Meeting July 15, 2017 | About | IQAC OBJECTIVES | IQAC FUNCTIONS | IQAC Committee | Roles and Responsibilities: | Frequency of Meetings: | IQAC Meetings | Important Links","3rd IQAC Meeting June 9, 2018",986202,application/pdf,"Mon, 20 Feb 2023 06:08:56 GMT",2026-08-21T19:03:43.821586,1,SIES | GST,,department,c2eb3eaa07ba4a65
https://siesgst.edu.in/images/iqac_mom/MoM_Dec-2017.pdf,MoM_Dec-2017.pdf,https://siesgst.edu.in/iqac,SIES | GST,"3rd IQAC Meeting June 9, 2018 2nd IQAC Meeting Dec 2, 2017 1st IQAC Meeting July 15, 2017 | About | IQAC OBJECTIVES | IQAC FUNCTIONS | IQAC Committee | Roles and Responsibilities: | Frequency of Meetings: | IQAC Meetings | Important Links","2nd IQAC Meeting Dec 2, 2017",949501,application/pdf,"Mon, 20 Feb 2023 06:08:15 GMT",2026-08-21T19:03:44.037687,1,SIES | GST,,department,0e1b4633960ff553
https://siesgst.edu.in/images/iqac_mom/MoM _July 2017.pdf,MoM _July 2017.pdf,https://siesgst.edu.in/iqac,SIES | GST,"3rd IQAC Meeting June 9, 2018 2nd IQAC Meeting Dec 2, 2017 1st IQAC Meeting July 15, 2017 | About | IQAC OBJECTIVES | IQAC FUNCTIONS | IQAC Committee | Roles and Responsibilities: | Frequency of Meetings: | IQAC Meetings | Important Links","1st IQAC Meeting July 15, 2017",1165287,application/pdf,"Mon, 20 Feb 2023 06:07:24 GMT",2026-08-21T19:03:44.250414,1,SIES | GST,,department,bd4ff577193dcdb2
https://siesgst.edu.in/images/AQAR 23-24.pdf,AQAR 23-24.pdf,https://siesgst.edu.in/aqar,SIES | GST,AQAR Report 2023-24 AQAR Report 2021-22 AQAR Report 2020-21 AQAR Report 2019-20 AQAR Report 2018-19 AQAR Report 2017-18 | Important Links,AQAR Report 2023-24,677068,application/pdf,"Wed, 25 Jun 2025 10:58:24 GMT",2026-08-21T19:03:45.843884,1,SIES | GST,,report,be114546bbfb7523
https://siesgst.edu.in/images/AQAR 2021-22.pdf,AQAR 2021-22.pdf,https://siesgst.edu.in/aqar,SIES | GST,AQAR Report 2023-24 AQAR Report 2021-22 AQAR Report 2020-21 AQAR Report 2019-20 AQAR Report 2018-19 AQAR Report 2017-18 | Important Links,AQAR Report 2021-22,349170,application/pdf,"Tue, 14 Feb 2023 14:11:36 GMT",2026-08-21T19:03:46.066982,1,SIES | GST,,report,696309f7671a0866
https://siesgst.edu.in/images/AQAR_2020-21.pdf,AQAR_2020-21.pdf,https://siesgst.edu.in/aqar,SIES | GST,AQAR Report 2023-24 AQAR Report 2021-22 AQAR Report 2020-21 AQAR Report 2019-20 AQAR Report 2018-19 AQAR Report 2017-18 | Important Links,AQAR Report 2020-21,655609,application/pdf,"Tue, 30 Aug 2022 05:20:03 GMT",2026-08-21T19:03:46.279272,1,SIES | GST,,report,731bc6d4b07bce4a
https://siesgst.edu.in/images/AQAR Report 2019-20.pdf,AQAR Report 2019-20.pdf,https://siesgst.edu.in/aqar,SIES | GST,AQAR Report 2023-24 AQAR Report 2021-22 AQAR Report 2020-21 AQAR Report 2019-20 AQAR Report 2018-19 AQAR Report 2017-18 | Important Links,AQAR Report 2019-20,351441,application/pdf,"Wed, 17 Nov 2021 11:07:43 GMT",2026-08-21T19:03:46.566989,1,SIES | GST,,report,dfe62254fa3e9f2f
https://siesgst.edu.in/docs/AQAR_Report-2018-19-Final.pdf,AQAR_Report-2018-19-Final.pdf,https://siesgst.edu.in/aqar,SIES | GST,AQAR Report 2023-24 AQAR Report 2021-22 AQAR Report 2020-21 AQAR Report 2019-20 AQAR Report 2018-19 AQAR Report 2017-18 | Important Links,AQAR Report 2018-19,355882,application/pdf,"Fri, 13 Aug 2021 10:20:13 GMT",2026-08-21T19:03:46.919825,1,SIES | GST,,report,783a3d26b85ad0d4
https://siesgst.edu.in/images/AQAR Report 2017-18.pdf,AQAR Report 2017-18.pdf,https://siesgst.edu.in/aqar,SIES | GST,AQAR Report 2023-24 AQAR Report 2021-22 AQAR Report 2020-21 AQAR Report 2019-20 AQAR Report 2018-19 AQAR Report 2017-18 | Important Links,AQAR Report 2017-18,323373,application/pdf,"Wed, 17 Nov 2021 11:08:01 GMT",2026-08-21T19:03:47.135643,1,SIES | GST,,report,5d166c18e01e8d37
https://siesgst.edu.in/images/ariia_2023.pdf,ariia_2023.pdf,https://siesgst.edu.in/ariia,SIES | GST,"In ARIIA, the institutes are judged based on the innovation and incubation facilities, startups supported, entrepreneurship and funding support at all India level. This is an initiative of MHRD, AICTE and MIC. ARIIA 2023 Certificate: ARIIA 2021 Certificate: | Atal Ranking of Institutions on Innovati",ARIIA 2023 Certificate:,136432,application/pdf,"Fri, 23 Jun 2023 09:17:55 GMT",2026-08-21T19:03:49.183007,1,SIES | GST,Computer Engineering,exam,9585a95c66dbd199
https://siesgst.edu.in/images/ARI-C-33893_E CERTIFICATE_2020-21.pdf,ARI-C-33893_E CERTIFICATE_2020-21.pdf,https://siesgst.edu.in/ariia,SIES | GST,ARIIA 2021 Certificate: | Atal Ranking of Institutions on Innovation Achievements (ARIIA) | Important Links,ARIIA 2021 Certificate:,4431705,application/pdf,"Tue, 09 May 2023 05:36:48 GMT",2026-08-21T19:03:49.485183,1,SIES | GST,Computer Engineering,exam,ff9d70cac32403a5
https://siesgst.edu.in/images/final updated report_ARIIA _ Atal Ranking of Institutions on Innovation Achievements.pdf,final updated report_ARIIA _ Atal Ranking of Institutions on Innovation Achievements.pdf,https://siesgst.edu.in/ariia,SIES | GST,ARIIA Report 2021-22 | Atal Ranking of Institutions on Innovation Achievements (ARIIA) | Important Links,ARIIA Report 2021-22,1765429,application/pdf,"Fri, 13 Jan 2023 05:03:32 GMT",2026-08-21T19:03:49.789447,1,SIES | GST,,exam,5e736931dd1634f9
https://siesgst.edu.in/images/ARIIA REPORT 2020-21.pdf,ARIIA REPORT 2020-21.pdf,https://siesgst.edu.in/ariia,SIES | GST,ARIIA Report 2020-21 | Atal Ranking of Institutions on Innovation Achievements (ARIIA) | Important Links,ARIIA Report 2020-21,255528,application/pdf,"Tue, 09 May 2023 06:06:53 GMT",2026-08-21T19:03:50.014161,1,SIES | GST,,exam,fb141c99a384ad21
https://siesgst.edu.in/images/Final ARIIA Report 2019-20 (ARI-C-33893).pdf,Final ARIIA Report 2019-20 (ARI-C-33893).pdf,https://siesgst.edu.in/ariia,SIES | GST,ARIIA Report 2019-20 | Atal Ranking of Institutions on Innovation Achievements (ARIIA) | Important Links,ARIIA Report 2019-20,746103,application/pdf,"Tue, 09 May 2023 06:06:05 GMT",2026-08-21T19:03:50.255409,1,SIES | GST,,exam,27e6347db29541a6
https://siesgst.edu.in/images/Final Report ARIIA 2018-19 (ARI-C-33893).pdf,Final Report ARIIA 2018-19 (ARI-C-33893).pdf,https://siesgst.edu.in/ariia,SIES | GST,ARIIA Report 2018-19 | Atal Ranking of Institutions on Innovation Achievements (ARIIA) | Important Links,ARIIA Report 2018-19,53250,application/pdf,"Tue, 09 May 2023 06:02:01 GMT",2026-08-21T19:03:50.483425,1,SIES | GST,,exam,55589f8c518900ef
https://siesgst.edu.in/images/ISR Report 2024-25.pdf,ISR Report 2024-25.pdf,https://siesgst.edu.in/isr,SIES | GST,ISR Beacon Brochure July 2025 ISR Beacon Report 2024-25 ISR Beacon Detail Batchwise ISR Beacon Report 2023-24 ISR Beacon Form ISR Beacon Brochure June/Dec 2023 ISR Beacon Presentation ISR Beacon Report 2019-20 ISR Beacon Report 2018-19 ISR Beacon Report 2017-18 ISR Beacon Report 2016-17 Cumulative R,ISR Beacon Report 2024-25,734759,application/pdf,"Fri, 27 Jun 2025 10:39:52 GMT",2026-08-21T19:03:52.137874,1,SIES | GST,,report,12cf29df9993c5ae
https://siesgst.edu.in/images/ISR Beacon details batchwise.pdf,ISR Beacon details batchwise.pdf,https://siesgst.edu.in/isr,SIES | GST,ISR Beacon Brochure July 2025 ISR Beacon Report 2024-25 ISR Beacon Detail Batchwise ISR Beacon Report 2023-24 ISR Beacon Form ISR Beacon Brochure June/Dec 2023 ISR Beacon Presentation ISR Beacon Report 2019-20 ISR Beacon Report 2018-19 ISR Beacon Report 2017-18 ISR Beacon Report 2016-17 Cumulative R,ISR Beacon Detail Batchwise,38296,application/pdf,"Fri, 19 Apr 2024 14:46:46 GMT",2026-08-21T19:03:52.346536,1,SIES | GST,,general,6f058698c6a5cfa5
https://siesgst.edu.in/images/ISR beacon report sh2023.pdf,ISR beacon report sh2023.pdf,https://siesgst.edu.in/isr,SIES | GST,ISR Beacon Brochure July 2025 ISR Beacon Report 2024-25 ISR Beacon Detail Batchwise ISR Beacon Report 2023-24 ISR Beacon Form ISR Beacon Brochure June/Dec 2023 ISR Beacon Presentation ISR Beacon Report 2019-20 ISR Beacon Report 2018-19 ISR Beacon Report 2017-18 ISR Beacon Report 2016-17 Cumulative R,ISR Beacon Report 2023-24,1155684,application/pdf,"Fri, 19 Apr 2024 14:47:49 GMT",2026-08-21T19:03:52.576675,1,SIES | GST,,report,109c50dc32d78256
https://siesgst.edu.in/images/ISR Form.pdf,ISR Form.pdf,https://siesgst.edu.in/isr,SIES | GST,ISR Beacon Brochure July 2025 ISR Beacon Report 2024-25 ISR Beacon Detail Batchwise ISR Beacon Report 2023-24 ISR Beacon Form ISR Beacon Brochure June/Dec 2023 ISR Beacon Presentation ISR Beacon Report 2019-20 ISR Beacon Report 2018-19 ISR Beacon Report 2017-18 ISR Beacon Report 2016-17 Cumulative R,ISR Beacon Form,418107,application/pdf,"Tue, 16 May 2023 06:38:01 GMT",2026-08-21T19:03:52.784572,1,SIES | GST,,form,f0ba557df944c316
https://siesgst.edu.in/images/Project BEACON Leaflet-June-December 2023.pdf,Project BEACON Leaflet-June-December 2023.pdf,https://siesgst.edu.in/isr,SIES | GST,ISR Beacon Brochure July 2025 ISR Beacon Report 2024-25 ISR Beacon Detail Batchwise ISR Beacon Report 2023-24 ISR Beacon Form ISR Beacon Brochure June/Dec 2023 ISR Beacon Presentation ISR Beacon Report 2019-20 ISR Beacon Report 2018-19 ISR Beacon Report 2017-18 ISR Beacon Report 2016-17 Cumulative R,ISR Beacon Brochure June/Dec 2023,290926,application/pdf,"Tue, 16 May 2023 06:43:22 GMT",2026-08-21T19:03:52.991808,1,SIES | GST,Computer Engineering,brochure,660cd05c3c52d8d8
https://siesgst.edu.in/images/ISR Beacon Report 19-20.pdf,ISR Beacon Report 19-20.pdf,https://siesgst.edu.in/isr,SIES | GST,ISR Beacon Brochure July 2025 ISR Beacon Report 2024-25 ISR Beacon Detail Batchwise ISR Beacon Report 2023-24 ISR Beacon Form ISR Beacon Brochure June/Dec 2023 ISR Beacon Presentation ISR Beacon Report 2019-20 ISR Beacon Report 2018-19 ISR Beacon Report 2017-18 ISR Beacon Report 2016-17 Cumulative R,ISR Beacon Report 2019-20,1004979,application/pdf,"Tue, 16 May 2023 06:38:42 GMT",2026-08-21T19:03:53.198225,1,SIES | GST,,report,577fb367c71d400f
https://siesgst.edu.in/images/ISR Beacon Report 18-19.pdf,ISR Beacon Report 18-19.pdf,https://siesgst.edu.in/isr,SIES | GST,ISR Beacon Brochure July 2025 ISR Beacon Report 2024-25 ISR Beacon Detail Batchwise ISR Beacon Report 2023-24 ISR Beacon Form ISR Beacon Brochure June/Dec 2023 ISR Beacon Presentation ISR Beacon Report 2019-20 ISR Beacon Report 2018-19 ISR Beacon Report 2017-18 ISR Beacon Report 2016-17 Cumulative R,ISR Beacon Report 2018-19,546654,application/pdf,"Tue, 16 May 2023 06:39:08 GMT",2026-08-21T19:03:53.411087,1,SIES | GST,,report,b48c9763ad6e2789
https://siesgst.edu.in/images/ISR Beacon Report 17-18.pdf,ISR Beacon Report 17-18.pdf,https://siesgst.edu.in/isr,SIES | GST,ISR Beacon Brochure July 2025 ISR Beacon Report 2024-25 ISR Beacon Detail Batchwise ISR Beacon Report 2023-24 ISR Beacon Form ISR Beacon Brochure June/Dec 2023 ISR Beacon Presentation ISR Beacon Report 2019-20 ISR Beacon Report 2018-19 ISR Beacon Report 2017-18 ISR Beacon Report 2016-17 Cumulative R,ISR Beacon Report 2017-18,489153,application/pdf,"Tue, 16 May 2023 06:40:05 GMT",2026-08-21T19:03:53.622028,1,SIES | GST,,report,f57ba5a82df30722
https://siesgst.edu.in/images/ISR Beacon Report 16-17.pdf,ISR Beacon Report 16-17.pdf,https://siesgst.edu.in/isr,SIES | GST,ISR Beacon Brochure July 2025 ISR Beacon Report 2024-25 ISR Beacon Detail Batchwise ISR Beacon Report 2023-24 ISR Beacon Form ISR Beacon Brochure June/Dec 2023 ISR Beacon Presentation ISR Beacon Report 2019-20 ISR Beacon Report 2018-19 ISR Beacon Report 2017-18 ISR Beacon Report 2016-17 Cumulative R,ISR Beacon Report 2016-17,488445,application/pdf,"Tue, 16 May 2023 06:40:41 GMT",2026-08-21T19:03:53.829220,1,SIES | GST,,report,ef8a703a4fc1f003
https://siesgst.edu.in/images/word report.docx.pdf,word report.docx.pdf,https://siesgst.edu.in/isr,SIES | GST,ISR Beacon Brochure July 2025 ISR Beacon Report 2024-25 ISR Beacon Detail Batchwise ISR Beacon Report 2023-24 ISR Beacon Form ISR Beacon Brochure June/Dec 2023 ISR Beacon Presentation ISR Beacon Report 2019-20 ISR Beacon Report 2018-19 ISR Beacon Report 2017-18 ISR Beacon Report 2016-17 Cumulative R,Cumulative Report,74027,application/pdf,"Tue, 16 May 2023 06:48:46 GMT",2026-08-21T19:03:54.036110,1,SIES | GST,,report,7ad2da7824d7072c
https://siesgst.edu.in/images/Startup Data Collection - Sheet1[1].pdf,Startup Data Collection - Sheet1[1].pdf,https://siesgst.edu.in/nisp,SIES | GST,Startup Details | SIES GST STARTUP CENTER VISION: | SIESGST STARTUP CENTER MISSION: | NAME OF THE COMMITTEE MEMBERS | SIESGST STARTUP CENTRE OFFERINGS: | SELECTION PROCESS FOR APPLICANT OR STARTUP: | MOMs | Important Links,Startup Details,101331,application/pdf,"Fri, 19 Apr 2024 04:12:39 GMT",2026-08-21T19:03:58.151043,1,SIES | GST,,general,ef5ca3a5ee71e148
https://siesgst.edu.in/images/MOM EDC 23-24.pdf,MOM EDC 23-24.pdf,https://siesgst.edu.in/nisp,SIES | GST,MOM 29-12-2023 | SIES GST STARTUP CENTER VISION: | SIESGST STARTUP CENTER MISSION: | NAME OF THE COMMITTEE MEMBERS | SIESGST STARTUP CENTRE OFFERINGS: | SELECTION PROCESS FOR APPLICANT OR STARTUP: | MOMs | Important Links,MOM 29-12-2023,190851,application/pdf,"Fri, 19 Apr 2024 04:10:41 GMT",2026-08-21T19:03:58.355346,1,SIES | GST,,general,04113858ea42c52c
https://siesgst.edu.in/docs/STARTUP POLICY FOR SIESGST.pdf,STARTUP POLICY FOR SIESGST.pdf,https://siesgst.edu.in/nisp,SIES | GST,Startup Policy for SIESGST | SIES GST STARTUP CENTER VISION: | SIESGST STARTUP CENTER MISSION: | NAME OF THE COMMITTEE MEMBERS | SIESGST STARTUP CENTRE OFFERINGS: | SELECTION PROCESS FOR APPLICANT OR STARTUP: | MOMs | Important Links,Startup Policy for SIESGST,43378,application/pdf,"Fri, 13 Aug 2021 10:21:21 GMT",2026-08-21T19:03:58.560715,1,SIES | GST,,general,6ed9cfcc219b64fa
https://siesgst.edu.in/docs/MOM-29-12-2020.pdf,MOM-29-12-2020.pdf,https://siesgst.edu.in/nisp,SIES | GST,MOM-29-12-2020 | SIES GST STARTUP CENTER VISION: | SIESGST STARTUP CENTER MISSION: | NAME OF THE COMMITTEE MEMBERS | SIESGST STARTUP CENTRE OFFERINGS: | SELECTION PROCESS FOR APPLICANT OR STARTUP: | MOMs | Important Links,MOM-29-12-2020,117358,application/pdf,"Fri, 13 Aug 2021 10:20:44 GMT",2026-08-21T19:03:58.767307,1,SIES | GST,,general,bdef791143e5fc8b
https://siesgst.edu.in/docs/MOM1.pdf,MOM1.pdf,https://siesgst.edu.in/nisp,SIES | GST,1st Brainstorming Session on 24/10/2020at 11:00 AM | SIES GST STARTUP CENTER VISION: | SIESGST STARTUP CENTER MISSION: | NAME OF THE COMMITTEE MEMBERS | SIESGST STARTUP CENTRE OFFERINGS: | SELECTION PROCESS FOR APPLICANT OR STARTUP: | MOMs | Important Links,1st Brainstorming Session on 24/10/2020at 11:00 AM,205246,application/pdf,"Fri, 13 Aug 2021 10:20:45 GMT",2026-08-21T19:03:58.973073,1,SIES | GST,,general,c51a946f50b7be82
https://siesgst.edu.in/docs/MOM2.pdf,MOM2.pdf,https://siesgst.edu.in/nisp,SIES | GST,2nd Brainstorming Session on 07/11/2020 at 11:00 AM | SIES GST STARTUP CENTER VISION: | SIESGST STARTUP CENTER MISSION: | NAME OF THE COMMITTEE MEMBERS | SIESGST STARTUP CENTRE OFFERINGS: | SELECTION PROCESS FOR APPLICANT OR STARTUP: | MOMs | Important Links,2nd Brainstorming Session on 07/11/2020 at 11:00 AM,159567,application/pdf,"Fri, 13 Aug 2021 10:20:47 GMT",2026-08-21T19:03:59.592884,1,SIES | GST,,general,216062790a1be5ea
https://siesgst.edu.in/images/Annual Report-Ecell-24-25.pdf,Annual Report-Ecell-24-25.pdf,https://siesgst.edu.in/preincubation,SIES | GST,Activity Report 2024-25 Activity Report 2023-24 Incubation Internship and projects | ENTERPRENEURSHIP DEVELOPMENT CELL: | NISP & EDC Committee | Roles and Responsibilities: | Frequency of Meetings: | Roles and Responsibilities: | Frequency of Meetings: | MoU Signed With Startup | SIES GST STARTUP CE,Activity Report 2024-25,1287233,application/pdf,"Fri, 27 Jun 2025 04:33:20 GMT",2026-08-21T19:04:11.186596,1,SIES | GST,Computer Engineering,report,10e6cd8f4e577706
https://siesgst.edu.in/images/Pre-Incubation report 2023-24 (1).pdf,Pre-Incubation report 2023-24 (1).pdf,https://siesgst.edu.in/preincubation,SIES | GST,Activity Report 2024-25 Activity Report 2023-24 Incubation Internship and projects | ENTERPRENEURSHIP DEVELOPMENT CELL: | NISP & EDC Committee | Roles and Responsibilities: | Frequency of Meetings: | Roles and Responsibilities: | Frequency of Meetings: | MoU Signed With Startup | SIES GST STARTUP CE,Activity Report 2023-24,108524,application/pdf,"Mon, 12 Aug 2024 03:44:37 GMT",2026-08-21T19:04:11.385018,1,SIES | GST,,report,d0cfaf87ddfa4c65
https://siesgst.edu.in/images/Incubation Internship and Project Details by karpurafaurai and Greenox.pdf,Incubation Internship and Project Details by karpurafaurai and Greenox.pdf,https://siesgst.edu.in/preincubation,SIES | GST,Activity Report 2024-25 Activity Report 2023-24 Incubation Internship and projects | ENTERPRENEURSHIP DEVELOPMENT CELL: | NISP & EDC Committee | Roles and Responsibilities: | Frequency of Meetings: | Roles and Responsibilities: | Frequency of Meetings: | MoU Signed With Startup | SIES GST STARTUP CE,Incubation Internship and projects,78576,application/pdf,"Fri, 19 Apr 2024 16:09:03 GMT",2026-08-21T19:04:11.582972,1,SIES | GST,,general,0ddcb2fb3a66ea6f
https://siesgst.edu.in/images/Startup Data Collection -2024-25.pdf,Startup Data Collection -2024-25.pdf,https://siesgst.edu.in/preincubation,SIES | GST,Startup Details | ENTERPRENEURSHIP DEVELOPMENT CELL: | NISP & EDC Committee | Roles and Responsibilities: | Frequency of Meetings: | Roles and Responsibilities: | Frequency of Meetings: | MoU Signed With Startup | SIES GST STARTUP CENTER VISION: | SIESGST STARTUP CENTER MISSION: | Introduction to NI,Startup Details,254294,application/pdf,"Sat, 19 Jul 2025 10:27:42 GMT",2026-08-21T19:04:11.780016,1,SIES | GST,,general,c5d44229b5f4f073
https://siesgst.edu.in/ssr-cycle2/DVV/Criteria2/Extended/2.2-Faculty%20list%202020-21-%20appointment%20letters.pdf,2.2-Faculty%20list%202020-21-%20appointment%20letters.pdf,https://siesgst.edu.in/appointment-letters,SIES | GST,Appointment Letters 2020-21 | Important Links,Appointment Letters 2020-21,136088,application/pdf,"Sat, 27 May 2023 06:55:41 GMT",2026-08-21T19:04:20.125817,1,SIES | GST,,exam,59dee3e7a7fa4f97
https://siesgst.edu.in/ssr-cycle2/DVV/Criteria2/Extended/Faculty list 2021-22- appointment letters new.pdf,Faculty list 2021-22- appointment letters new.pdf,https://siesgst.edu.in/appointment-letters,SIES | GST,Appointment Letters 2021-22 | Important Links,Appointment Letters 2021-22,333114,application/pdf,"Sat, 27 May 2023 08:38:41 GMT",2026-08-21T19:04:20.325390,1,SIES | GST,,exam,84d79df1b95b3e25
https://siesgst.edu.in/images/Alumni feddback samples 2023-24.pdf,Alumni feddback samples 2023-24.pdf,https://siesgst.edu.in/feedback,SIES | GST,Alumni feedback samples 2023-24 | Important Links,Alumni feedback samples 2023-24,239831,application/pdf,"Fri, 19 Apr 2024 11:25:25 GMT",2026-08-21T19:04:21.799471,1,SIES | GST,,general,4a62451a3b4d53fb
https://siesgst.edu.in/images/employer feedback sample 23-24.pdf,employer feedback sample 23-24.pdf,https://siesgst.edu.in/feedback,SIES | GST,employer feedback sample 23-24 | Important Links,employer feedback sample 23-24,1484206,application/pdf,"Fri, 19 Apr 2024 11:28:39 GMT",2026-08-21T19:04:21.999390,1,SIES | GST,,general,ac56d9978b080066
https://siesgst.edu.in/images/faculty feddback samples 2023-24.pdf,faculty feddback samples 2023-24.pdf,https://siesgst.edu.in/feedback,SIES | GST,faculty feedback samples 2023-24 | Important Links,faculty feedback samples 2023-24,277102,application/pdf,"Fri, 19 Apr 2024 11:28:29 GMT",2026-08-21T19:04:22.198960,1,SIES | GST,,general,3452442bf19ed9f2
https://siesgst.edu.in/images/parents feddback samples 2023-24.pdf,parents feddback samples 2023-24.pdf,https://siesgst.edu.in/feedback,SIES | GST,parents feedback samples 2023-24 | Important Links,parents feedback samples 2023-24,196723,application/pdf,"Fri, 19 Apr 2024 11:28:29 GMT",2026-08-21T19:04:22.399608,1,SIES | GST,,general,a2dcf863471329e0
https://siesgst.edu.in/images/Students feddback samples 2023-24.pdf,Students feddback samples 2023-24.pdf,https://siesgst.edu.in/feedback,SIES | GST,Students feedback samples 2023-24 | Important Links,Students feedback samples 2023-24,324947,application/pdf,"Fri, 19 Apr 2024 11:28:39 GMT",2026-08-21T19:04:22.603672,1,SIES | GST,,general,463bbcb352f149ce
https://siesgst.edu.in/images/Feedback Analysis 2023-24.pdf,Feedback Analysis 2023-24.pdf,https://siesgst.edu.in/feedback,SIES | GST,Feedback Analysis 2023-24 | Important Links,Feedback Analysis 2023-24,610146,application/pdf,"Fri, 19 Apr 2024 11:42:20 GMT",2026-08-21T19:04:22.812057,1,SIES | GST,,general,0ec00b961d810983
https://siesgst.edu.in/images/Feedback forms 2023-24_blank.pdf,Feedback forms 2023-24_blank.pdf,https://siesgst.edu.in/feedback,SIES | GST,Feedback Form blank 2023-24 | Important Links,Feedback Form blank 2023-24,588453,application/pdf,"Fri, 19 Apr 2024 11:42:48 GMT",2026-08-21T19:04:23.012518,1,SIES | GST,,form,87716a17dded027b
https://siesgst.edu.in/images/alumni feedback filled-in forms 2022-23.pdf,alumni feedback filled-in forms 2022-23.pdf,https://siesgst.edu.in/feedback,SIES | GST,Alumni feedback samples 2022-23 | Important Links,Alumni feedback samples 2022-23,1664625,application/pdf,"Fri, 19 Apr 2024 11:32:37 GMT",2026-08-21T19:04:23.212984,1,SIES | GST,,form,c4fb3c3f70720faf
https://siesgst.edu.in/images/Employer feedback filled-in forms 2022-23.pdf,Employer feedback filled-in forms 2022-23.pdf,https://siesgst.edu.in/feedback,SIES | GST,employer feedback sample 22-23 | Important Links,employer feedback sample 22-23,676448,application/pdf,"Fri, 19 Apr 2024 11:33:25 GMT",2026-08-21T19:04:23.412800,1,SIES | GST,,form,821a3a632f84d30d
https://siesgst.edu.in/images/faculty feedback filled-in forms 2022-23.pdf,faculty feedback filled-in forms 2022-23.pdf,https://siesgst.edu.in/feedback,SIES | GST,faculty feedback samples 2022-23 | Important Links,faculty feedback samples 2022-23,1280511,application/pdf,"Fri, 19 Apr 2024 11:33:10 GMT",2026-08-21T19:04:23.615121,1,SIES | GST,,form,c344ca2aeb6102d7
https://siesgst.edu.in/images/Parent feedback filled-in forms 2022-23.pdf,Parent feedback filled-in forms 2022-23.pdf,https://siesgst.edu.in/feedback,SIES | GST,parents feedback samples 2022-23 | Important Links,parents feedback samples 2022-23,927263,application/pdf,"Fri, 19 Apr 2024 11:33:48 GMT",2026-08-21T19:04:23.816086,1,SIES | GST,,form,a8cb40835cf35788
https://siesgst.edu.in/images/students feedback filled-in forms 2022-23.pdf,students feedback filled-in forms 2022-23.pdf,https://siesgst.edu.in/feedback,SIES | GST,Students feedback samples 2022-23 | Important Links,Students feedback samples 2022-23,1254048,application/pdf,"Fri, 19 Apr 2024 11:34:30 GMT",2026-08-21T19:04:24.016443,1,SIES | GST,,form,50222386100423f2
https://siesgst.edu.in/images/22-23_Final Feedback Analysis.pdf,22-23_Final Feedback Analysis.pdf,https://siesgst.edu.in/feedback,SIES | GST,Feedback Analysis 2022-23 | Important Links,Feedback Analysis 2022-23,541757,application/pdf,"Fri, 19 Apr 2024 11:46:31 GMT",2026-08-21T19:04:24.217204,1,SIES | GST,,general,5b184ac3589229a7
https://siesgst.edu.in/images/Feedback Action Taken Report 2022-23.pdf,Feedback Action Taken Report 2022-23.pdf,https://siesgst.edu.in/feedback,SIES | GST,Feedback Action taken 2022-23 | Important Links,Feedback Action taken 2022-23,246157,application/pdf,"Fri, 19 Apr 2024 11:48:12 GMT",2026-08-21T19:04:24.420606,1,SIES | GST,,report,003ff8c4b9b5065e
https://siesgst.edu.in/images/AQAR_2021-22/1.4.1_employer feedback_2021-22.pdf,1.4.1_employer feedback_2021-22.pdf,https://siesgst.edu.in/feedback,SIES | GST,1.4.1 Employer feedback 2021-22 | Important Links,1.4.1 Employer feedback 2021-22,358936,application/pdf,"Thu, 01 Dec 2022 07:14:17 GMT",2026-08-21T19:04:24.622720,1,SIES | GST,,general,e1666cb3aa6c6fe0
https://siesgst.edu.in/images/AQAR_2021-22/1.4.1_teacher feedback_2021-22.pdf,1.4.1_teacher feedback_2021-22.pdf,https://siesgst.edu.in/feedback,SIES | GST,1.4.1 Teacher feedback 2021-22 | Important Links,1.4.1 Teacher feedback 2021-22,1715946,application/pdf,"Thu, 01 Dec 2022 07:14:50 GMT",2026-08-21T19:04:24.823324,1,SIES | GST,,general,21369d519e27cba5
https://siesgst.edu.in/images/AQAR_2021-22/1.4.1_alumni feedback_2021-22.pdf,1.4.1_alumni feedback_2021-22.pdf,https://siesgst.edu.in/feedback,SIES | GST,1.4.1 Alumni feedback 2021-22 | Important Links,1.4.1 Alumni feedback 2021-22,1653439,application/pdf,"Thu, 01 Dec 2022 07:15:23 GMT",2026-08-21T19:04:25.023967,1,SIES | GST,,general,ba98d6662c6c8629
https://siesgst.edu.in/images/Feedback Forms.pdf,Feedback Forms.pdf,https://siesgst.edu.in/feedback,SIES | GST,Feedback forms | Important Links,Feedback forms,635496,application/pdf,"Sat, 27 May 2023 04:39:18 GMT",2026-08-21T19:04:25.224348,1,SIES | GST,,form,3211be92f37a74fd
https://siesgst.edu.in/images/Feedback Analysis.pdf,Feedback Analysis.pdf,https://siesgst.edu.in/feedback,SIES | GST,Feedback Analysis Report | Important Links,Feedback Analysis Report,853084,application/pdf,"Sat, 27 May 2023 04:39:45 GMT",2026-08-21T19:04:25.425460,1,SIES | GST,,report,a260d4694785e40d
https://siesgst.edu.in/images/Action Taken report.pdf,Action Taken report.pdf,https://siesgst.edu.in/feedback,SIES | GST,Feedback Action Taken | Important Links,Feedback Action Taken,299259,application/pdf,"Sat, 27 May 2023 04:40:50 GMT",2026-08-21T19:04:25.627257,1,SIES | GST,,report,9d9e53aad2d51cf4
https://siesgst.edu.in/images/course exit.pdf,course exit.pdf,https://siesgst.edu.in/feedback,SIES | GST,Course exit survey | Important Links,Course exit survey,225884,application/pdf,"Thu, 01 Dec 2022 06:46:03 GMT",2026-08-21T19:04:25.828374,1,SIES | GST,Information Technology,department,a64dcc6c264b98e7
https://siesgst.edu.in/images/Program Exit Survey Form -with PSO.pdf,Program Exit Survey Form -with PSO.pdf,https://siesgst.edu.in/feedback,SIES | GST,Program exit survey | Important Links,Program exit survey,408517,application/pdf,"Thu, 01 Dec 2022 05:54:54 GMT",2026-08-21T19:04:26.033668,1,SIES | GST,Information Technology,form,a251ef54a7b1a75b
https://siesgst.edu.in/images/Feedback_from_parents.pdf,Feedback_from_parents.pdf,https://siesgst.edu.in/feedback,SIES | GST,Feedback from parents on teaching learning and infrastructure | Important Links,Feedback from parents on teaching learning and infrastructure,33073,application/pdf,"Thu, 01 Dec 2022 05:52:56 GMT",2026-08-21T19:04:26.235366,1,SIES | GST,,general,391cc28434cc37e9
https://siesgst.edu.in/images/undertaking letter format by parents.pdf,undertaking letter format by parents.pdf,https://siesgst.edu.in/feedback,SIES | GST,Undertaking letter from parents | Important Links,Undertaking letter from parents,334607,application/pdf,"Thu, 01 Dec 2022 05:50:32 GMT",2026-08-21T19:04:26.436816,1,SIES | GST,,form,98d77fbaf5f70cff
https://siesgst.edu.in/images/feedback-students-format.pdf,feedback-students-format.pdf,https://siesgst.edu.in/feedback,SIES | GST,Alumni interaction feedback | Important Links,Alumni interaction feedback,78161,application/pdf,"Thu, 01 Dec 2022 05:49:13 GMT",2026-08-21T19:04:26.643215,1,SIES | GST,,form,697ff5279a8af782
https://siesgst.edu.in/images/SIES Tender no 349.pdf,SIES Tender no 349.pdf,https://siesgst.edu.in/tenders,SIES | GST,"Supply of Nuclear Power Plant Simulator, Desktop Computer, & Printer under SERB Project SUR/2022/000347 | Important Links","Supply of Nuclear Power Plant Simulator, Desktop Computer, & Printer under SERB Project SUR/2022/000347",517633,application/pdf,"Sat, 30 Mar 2024 03:35:19 GMT",2026-08-21T19:05:17.729475,1,SIES | GST,Computer Engineering,exam,63267a2307676eae
https://siesgst.edu.in/academics/images/Annual report_2024-25.pdf,Annual report_2024-25.pdf,https://siesgst.edu.in/academics/acad_cal.php,SIES | GST,Annual Report | Important Links,Annual Report,,text/html; charset=iso-8859-1,,2026-08-21T19:05:20.165385,1,SIES | GST,,report,291a03dd86a0eaa7
https://siesgst.edu.in/academics/images/MANDATORY DISCLOSURE April 2024.pdf,MANDATORY DISCLOSURE April 2024.pdf,https://siesgst.edu.in/academics/acad_cal.php,SIES | GST,Mandatory Disclosure | Important Links,Mandatory Disclosure,,text/html; charset=iso-8859-1,,2026-08-21T19:05:20.346938,1,SIES | GST,,general,fc9541f7605c91f9
https://siesgst.edu.in/images/Academic calendar_ student.pdf,Academic calendar_ student.pdf,https://siesgst.edu.in/academics/acad_cal.php,SIES | GST,Academic Calender Second Half of 2024 | Important Links,Academic Calender Second Half of 2024,487950,application/pdf,"Thu, 12 Dec 2024 11:22:18 GMT",2026-08-21T19:05:20.549514,1,SIES | GST,,academic_calendar,75da88c783a59c07
https://siesgst.edu.in/images/AC_FH2024_Faculty.pdf,AC_FH2024_Faculty.pdf,https://siesgst.edu.in/academics/acad_cal.php,SIES | GST,Academic Calender First Half of 2024 | Important Links,Academic Calender First Half of 2024,304766,application/pdf,"Sat, 20 Apr 2024 03:05:12 GMT",2026-08-21T19:05:20.741202,1,SIES | GST,,general,738eb215476688d5
https://siesgst.edu.in/images/Academic calendar SH2023.pdf,Academic calendar SH2023.pdf,https://siesgst.edu.in/academics/acad_cal.php,SIES | GST,Academic Calender Second Half of 2023 | Important Links,Academic Calender Second Half of 2023,610068,application/pdf,"Thu, 14 Sep 2023 03:40:07 GMT",2026-08-21T19:05:20.932767,1,SIES | GST,,academic_calendar,000546aa28c62930
https://siesgst.edu.in/images/AC_FH2023_Even Sem (1).pdf,AC_FH2023_Even Sem (1).pdf,https://siesgst.edu.in/academics/acad_cal.php,SIES | GST,Academic Calender First Half of 2023 | Important Links,Academic Calender First Half of 2023,297918,application/pdf,"Wed, 03 May 2023 02:37:55 GMT",2026-08-21T19:05:21.123884,1,SIES | GST,,general,daf61f60900f5464
https://siesgst.edu.in/images/Academic Calendar_FE_ Sem II_FH2023.pdf,Academic Calendar_FE_ Sem II_FH2023.pdf,https://siesgst.edu.in/academics/acad_cal.php,SIES | GST,Academic Calender FE Sem II First Half of 2023 | Important Links,Academic Calender FE Sem II First Half of 2023,788191,application/pdf,"Mon, 08 May 2023 08:16:22 GMT",2026-08-21T19:05:21.314808,1,SIES | GST,,academic_calendar,7f019e59b18c8ad2
https://siesgst.edu.in/images/Academic calendar FE SEM I SH2022 AY 2022-23.pdf,Academic calendar FE SEM I SH2022 AY 2022-23.pdf,https://siesgst.edu.in/academics/acad_cal.php,SIES | GST,Academic Calender FE Sem I Second Half of 2022 | Important Links,Academic Calender FE Sem I Second Half of 2022,460408,application/pdf,"Mon, 08 May 2023 08:15:20 GMT",2026-08-21T19:05:21.507252,1,SIES | GST,,academic_calendar,af34997d222c3f33
https://siesgst.edu.in/images/Acamedic Calender ME SEM II FH 2023.pdf,Acamedic Calender ME SEM II FH 2023.pdf,https://siesgst.edu.in/academics/acad_cal.php,SIES | GST,Academic Calender ME Sem II First Half of 2023 | Important Links,Academic Calender ME Sem II First Half of 2023,706898,application/pdf,"Wed, 03 May 2023 02:50:18 GMT",2026-08-21T19:05:21.698952,1,SIES | GST,Mechanical,department,abc8ab40fc5bfaea
https://siesgst.edu.in/images/Academic Calender ME SEM I SH 2022.pdf,Academic Calender ME SEM I SH 2022.pdf,https://siesgst.edu.in/academics/acad_cal.php,SIES | GST,Academic Calender ME Sem 1 Second Half of 2022 | Important Links,Academic Calender ME Sem 1 Second Half of 2022,758973,application/pdf,"Wed, 03 May 2023 02:51:34 GMT",2026-08-21T19:05:21.890311,1,SIES | GST,Mechanical,department,3e6661342a6e7437
https://siesgst.edu.in/docs/AC_SH2022.pdf,AC_SH2022.pdf,https://siesgst.edu.in/academics/acad_cal.php,SIES | GST,Academic Calender Second Half of 2022 | Important Links,Academic Calender Second Half of 2022,377832,application/pdf,"Thu, 01 Dec 2022 05:29:39 GMT",2026-08-21T19:05:22.086091,1,SIES | GST,,general,67350688030f7cb6
https://siesgst.edu.in/docs/Academic_Calendar_FE_SEM-II_FH2022.pdf,Academic_Calendar_FE_SEM-II_FH2022.pdf,https://siesgst.edu.in/academics/acad_cal.php,SIES | GST,Academic Calendar FE Sem II FH2022 | Important Links,Academic Calendar FE Sem II FH2022,925119,application/pdf,"Wed, 06 Apr 2022 03:35:25 GMT",2026-08-21T19:05:22.277174,1,SIES | GST,,academic_calendar,1ad61bdba1791b1f
https://siesgst.edu.in/docs/Academic_calender_FE_SEM-I_FH2022.pdf,Academic_calender_FE_SEM-I_FH2022.pdf,https://siesgst.edu.in/academics/acad_cal.php,SIES | GST,Academic Calendar FE Sem I FH2022 | Important Links,Academic Calendar FE Sem I FH2022,895575,application/pdf,"Wed, 06 Apr 2022 03:35:14 GMT",2026-08-21T19:05:22.470572,1,SIES | GST,,academic_calendar,f2b22227692c7714
https://siesgst.edu.in/docs/Academic_Calendar-ME_SEM-II-FH2022.pdf,Academic_Calendar-ME_SEM-II-FH2022.pdf,https://siesgst.edu.in/academics/acad_cal.php,SIES | GST,Academic Calendar ME IT Sem II  FH2022 | Important Links,Academic Calendar ME IT Sem II  FH2022,738692,application/pdf,"Tue, 05 Apr 2022 05:25:33 GMT",2026-08-21T19:05:22.666428,1,SIES | GST,Information Technology,academic_calendar,88e44bce2d6c8123
https://siesgst.edu.in/docs/Academic_Calendar-ME_SEM-I-FH2022.pdf,Academic_Calendar-ME_SEM-I-FH2022.pdf,https://siesgst.edu.in/academics/acad_cal.php,SIES | GST,Academic Calendar ME IT Sem I  FH2022 | Important Links,Academic Calendar ME IT Sem I  FH2022,762791,application/pdf,"Tue, 05 Apr 2022 05:26:34 GMT",2026-08-21T19:05:22.862142,1,SIES | GST,Information Technology,academic_calendar,96c12ff56734a3f6
https://siesgst.edu.in/docs/AC-FH-2022.pdf,AC-FH-2022.pdf,https://siesgst.edu.in/academics/acad_cal.php,SIES | GST,Academic Calendar First Half Of 2022 | Important Links,Academic Calendar First Half Of 2022,476427,application/pdf,"Sat, 26 Mar 2022 07:08:01 GMT",2026-08-21T19:05:23.059536,1,SIES | GST,,academic_calendar,f3da1b6a2f3b322c
https://siesgst.edu.in/docs/AC-SH-2021.pdf,AC-SH-2021.pdf,https://siesgst.edu.in/academics/acad_cal.php,SIES | GST,Academic Calendar Second Half Of 2021 | Important Links,Academic Calendar Second Half Of 2021,326151,application/pdf,"Sat, 26 Mar 2022 05:32:01 GMT",2026-08-21T19:05:23.259604,1,SIES | GST,,academic_calendar,b397703a08650605
https://siesgst.edu.in/docs/AC-FH-2021.pdf,AC-FH-2021.pdf,https://siesgst.edu.in/academics/acad_cal.php,SIES | GST,Academic Calendar First Half Of 2021 | Important Links,Academic Calendar First Half Of 2021,294686,application/pdf,"Fri, 13 Aug 2021 10:19:59 GMT",2026-08-21T19:05:23.451894,1,SIES | GST,,academic_calendar,d0e1e39eec9064e6
https://siesgst.edu.in/docs/AC-SH-2020.pdf,AC-SH-2020.pdf,https://siesgst.edu.in/academics/acad_cal.php,SIES | GST,Academic Calendar Second Half Of 2020 | Important Links,Academic Calendar Second Half Of 2020,396288,application/pdf,"Fri, 13 Aug 2021 10:20:05 GMT",2026-08-21T19:05:23.643833,1,SIES | GST,,academic_calendar,f9b73cb2bc0b76fd
https://siesgst.edu.in/docs/AC-FH-2020.pdf,AC-FH-2020.pdf,https://siesgst.edu.in/academics/acad_cal.php,SIES | GST,Academic Calendar First Half Of 2020 | Important Links,Academic Calendar First Half Of 2020,128558,application/pdf,"Fri, 13 Aug 2021 10:19:58 GMT",2026-08-21T19:05:23.838655,1,SIES | GST,,academic_calendar,6570ea6d9b0bddb0
https://siesgst.edu.in/docs/AC-SH-2019.pdf,AC-SH-2019.pdf,https://siesgst.edu.in/academics/acad_cal.php,SIES | GST,Academic Calendar Second Half Of 2019 | Important Links,Academic Calendar Second Half Of 2019,576366,application/pdf,"Fri, 13 Aug 2021 10:20:03 GMT",2026-08-21T19:05:24.032709,1,SIES | GST,,academic_calendar,5eccbe9ef9d7fbae
https://siesgst.edu.in/docs/AC-FH-2019.pdf,AC-FH-2019.pdf,https://siesgst.edu.in/academics/acad_cal.php,SIES | GST,Academic Calendar First Half Of 2019 | Important Links,Academic Calendar First Half Of 2019,586880,application/pdf,"Fri, 13 Aug 2021 10:19:57 GMT",2026-08-21T19:05:24.227726,1,SIES | GST,,academic_calendar,20798cab08ff461b
https://siesgst.edu.in/docs/AC-SH-2018.pdf,AC-SH-2018.pdf,https://siesgst.edu.in/academics/acad_cal.php,SIES | GST,Academic Calendar Second Half Of 2018 | Important Links,Academic Calendar Second Half Of 2018,597966,application/pdf,"Fri, 13 Aug 2021 10:20:02 GMT",2026-08-21T19:05:24.420414,1,SIES | GST,,academic_calendar,d9468da4bccc80bd
https://siesgst.edu.in/docs/AC-FH-2018.pdf,AC-FH-2018.pdf,https://siesgst.edu.in/academics/acad_cal.php,SIES | GST,Academic Calendar First Half Of 2018 | Important Links,Academic Calendar First Half Of 2018,367463,application/pdf,"Fri, 13 Aug 2021 10:19:55 GMT",2026-08-21T19:05:24.615223,1,SIES | GST,,academic_calendar,0e71f2a3d9c7cfba
https://siesgst.edu.in/docs/AC-SH-2017.pdf,AC-SH-2017.pdf,https://siesgst.edu.in/academics/acad_cal.php,SIES | GST,Academic Calendar Second Half Of 2017 | Important Links,Academic Calendar Second Half Of 2017,140881,application/pdf,"Fri, 13 Aug 2021 10:20:01 GMT",2026-08-21T19:05:24.806777,1,SIES | GST,,academic_calendar,f8a61ba158ff228b
https://siesgst.edu.in/docs/AC-FH-2017.pdf,AC-FH-2017.pdf,https://siesgst.edu.in/academics/acad_cal.php,SIES | GST,Academic Calendar First Half Of 2017 | Important Links,Academic Calendar First Half Of 2017,318151,application/pdf,"Fri, 13 Aug 2021 10:19:54 GMT",2026-08-21T19:05:24.999277,1,SIES | GST,,academic_calendar,7140466795fd7fb4
